
[21:16:48.905] #1 [NED] isNonEditableBlock(89) type=paragraph → false
[21:16:49.073] #2 [NED] isNonEditableBlock(89) type=paragraph → false
[21:16:49.073] #3 [DBL] ─── dblclick fired ───
[21:16:49.073] #4 [DBL] target=MJX-C class=mjx-c1D443 TEX-I
[21:16:49.073] #5 [DBL] → inline math edit mode (mjx-container)
[21:16:49.078] #6 [DBL] inline math edit mode: formula=P(A|B) = frac{P(B|A) P(A)}{P(B)} mjx=true
[21:16:50.153] #7 [DBL] exit inline math: changed=false new=P(A|B) = frac{P(B|A) P(A)}{P(B)} mjx=true
[21:16:50.217] #8 [NED] isNonEditableBlock(85) type=paragraph → false
[21:16:50.369] #9 [NED] isNonEditableBlock(85) type=paragraph → false
[21:16:50.369] #10 [DBL] ─── dblclick fired ───
[21:16:50.369] #11 [DBL] target=P class=m0-src-block
[21:16:50.369] #12 [DBL] found .m0-src-block bi=85 tag=P ce=inherit
[21:16:50.369] #13 [NED] isNonEditableBlock(85) type=paragraph → false
[21:16:50.369] #14 [DBL] isNonEditableBlock(85)=false
[21:16:50.369] #15 [DBL] editable block → return
[21:16:50.712] #16 [NED] isNonEditableBlock(85) type=paragraph → false
[21:16:50.881] #17 [NED] isNonEditableBlock(85) type=paragraph → false
[21:16:50.881] #18 [DBL] ─── dblclick fired ───
[21:16:50.881] #19 [DBL] target=MJX-C class=mjx-c3D
[21:16:50.881] #20 [DBL] → inline math edit mode (mjx-container)
[21:16:50.882] #21 [DBL] inline math edit mode: formula=E = mc^2 mjx=true
[21:16:51.695] #22 [DBL] exit inline math: changed=false new=E = mc^2 mjx=true
[21:16:51.775] #23 [NED] isNonEditableBlock(88) type=blank_line → false
[21:16:51.910] #24 [NED] isNonEditableBlock(88) type=blank_line → false
[21:16:51.911] #25 [DBL] ─── dblclick fired ───
[21:16:51.911] #26 [DBL] target=DIV class=m0-src-block m0-blank-block
[21:16:51.911] #27 [DBL] found .m0-src-block bi=88 tag=DIV ce=inherit
[21:16:51.911] #28 [NED] isNonEditableBlock(88) type=blank_line → false
[21:16:51.911] #29 [DBL] isNonEditableBlock(88)=false
[21:16:51.911] #30 [DBL] editable block → return
[21:16:52.375] #31 [NED] isNonEditableBlock(87) type=paragraph → false
[21:16:52.535] #32 [NED] isNonEditableBlock(87) type=paragraph → false
[21:16:52.535] #33 [DBL] ─── dblclick fired ───
[21:16:52.535] #34 [DBL] target=MJX-MATH class=MJX-TEX
[21:16:52.535] #35 [DBL] → inline math edit mode (mjx-container)
[21:16:52.536] #36 [DBL] inline math edit mode: formula=e^{ipi} + 1 = 0 mjx=true
[21:16:53.415] #37 [DBL] exit inline math: changed=false new=e^{ipi} + 1 = 0 mjx=true
[21:16:53.487] #38 [NED] isNonEditableBlock(85) type=paragraph → false
[21:16:53.615] #39 [NED] isNonEditableBlock(85) type=paragraph → false
[21:16:53.615] #40 [DBL] ─── dblclick fired ───
[21:16:53.615] #41 [DBL] target=MJX-CONTAINER class=MathJax
[21:16:53.615] #42 [DBL] → inline math edit mode (mjx-container)
[21:16:53.616] #43 [DBL] inline math edit mode: formula=E = mc^2 mjx=true
[21:16:54.655] #44 [DBL] exit inline math: changed=false new=E = mc^2 mjx=true
[21:16:54.727] #45 [NED] isNonEditableBlock(88) type=blank_line → false
[21:16:54.895] #46 [NED] isNonEditableBlock(88) type=blank_line → false
[21:16:54.895] #47 [DBL] ─── dblclick fired ───
[21:16:54.895] #48 [DBL] target=DIV class=m0-src-block m0-blank-block
[21:16:54.895] #49 [DBL] found .m0-src-block bi=88 tag=DIV ce=inherit
[21:16:54.895] #50 [NED] isNonEditableBlock(88) type=blank_line → false
[21:16:54.895] #51 [DBL] isNonEditableBlock(88)=false
[21:16:54.895] #52 [DBL] editable block → return
[21:16:55.319] #53 [NED] isNonEditableBlock(87) type=paragraph → false
[21:16:55.493] #54 [NED] isNonEditableBlock(87) type=paragraph → false
[21:16:55.493] #55 [DBL] ─── dblclick fired ───
[21:16:55.493] #56 [DBL] target=MJX-CONTAINER class=MathJax
[21:16:55.493] #57 [DBL] → inline math edit mode (mjx-container)
[21:16:55.494] #58 [DBL] inline math edit mode: formula=e^{ipi} + 1 = 0 mjx=true
[21:16:56.637] #59 [DBL] exit inline math: changed=false new=e^{ipi} + 1 = 0 mjx=true
[21:16:56.701] #60 [NED] isNonEditableBlock(93) type=math_block → true
[21:16:56.701] #61 [MOUSE] mouseup on non-editable block 93 → skip sync (allow dblclick)
[21:16:56.837] #62 [NED] isNonEditableBlock(93) type=math_block → true
[21:16:56.837] #63 [MOUSE] mouseup on non-editable block 93 → skip sync (allow dblclick)
[21:16:56.837] #64 [DBL] ─── dblclick fired ───
[21:16:56.837] #65 [DBL] target=MJX-UNDER class=
[21:16:56.837] #66 [DBL] found .m0-src-block bi=93 tag=DIV ce=false
[21:16:56.837] #67 [NED] isNonEditableBlock(93) type=math_block → true
[21:16:56.837] #68 [DBL] isNonEditableBlock(93)=true
[21:16:56.837] #69 [DBL] → enterBlockEditMode(93)
[21:16:57.757] #70 [NED] isNonEditableBlock(85) type=paragraph → false
[21:16:57.901] #71 [NED] isNonEditableBlock(85) type=paragraph → false
[21:16:57.901] #72 [DBL] ─── dblclick fired ───
[21:16:57.901] #73 [DBL] target=MJX-CONTAINER class=MathJax
[21:16:57.901] #74 [DBL] → inline math edit mode (mjx-container)
[21:16:57.902] #75 [DBL] inline math edit mode: formula=E = mc^2 mjx=true
[21:17:04.147] #76 [DBL] exit inline math: changed=false new=E = mc^2 mjx=true
[21:17:04.227] #77 [NED] isNonEditableBlock(29) type=code_block → true
[21:17:04.227] #78 [MOUSE] mouseup on non-editable block 29 → skip sync (allow dblclick)
[21:17:04.371] #79 [NED] isNonEditableBlock(29) type=code_block → true
[21:17:04.371] #80 [MOUSE] mouseup on non-editable block 29 → skip sync (allow dblclick)
[21:17:04.371] #81 [DBL] ─── dblclick fired ───
[21:17:04.371] #82 [DBL] target=rect class=[object SVGAnimatedString]
[21:17:04.371] #83 [DBL] found .m0-src-block bi=29 tag=DIV ce=false
[21:17:04.371] #84 [NED] isNonEditableBlock(29) type=code_block → true
[21:17:04.371] #85 [DBL] isNonEditableBlock(29)=true
[21:17:04.371] #86 [DBL] → enterBlockEditMode(29)
[21:17:05.521] #87 [NED] isNonEditableBlock(29) type=code_block → true
[21:17:05.521] #88 [MOUSE] mouseup on non-editable block 29 → skip sync (allow dblclick)
[21:17:06.336] #89 [NED] isNonEditableBlock(25) type=code_block → true
[21:17:06.337] #90 [MOUSE] mouseup on non-editable block 25 → skip sync (allow dblclick)
[21:17:06.489] #91 [NED] isNonEditableBlock(25) type=code_block → true
[21:17:06.489] #92 [MOUSE] mouseup on non-editable block 25 → skip sync (allow dblclick)
[21:17:06.489] #93 [DBL] ─── dblclick fired ───
[21:17:06.489] #94 [DBL] target=svg class=[object SVGAnimatedString]
[21:17:06.489] #95 [DBL] found .m0-src-block bi=25 tag=DIV ce=false
[21:17:06.489] #96 [NED] isNonEditableBlock(25) type=code_block → true
[21:17:06.489] #97 [DBL] isNonEditableBlock(25)=true
[21:17:06.489] #98 [DBL] → enterBlockEditMode(25)
[21:17:07.769] #99 [NED] isNonEditableBlock(25) type=code_block → true
[21:17:07.769] #100 [MOUSE] mouseup on non-editable block 25 → skip sync (allow dblclick)
[17:43:48.822] #1 [NED] isNonEditableBlock(1) type=heading → false
[17:44:01.658] #2 [NED] isNonEditableBlock(8) type=image → false
[17:44:02.425] #3 [NED] isNonEditableBlock(8) type=image → false
[17:44:02.582] #4 [NED] isNonEditableBlock(8) type=image → false
[17:44:02.583] #5 [DBL] ─── dblclick fired ───
[17:44:02.583] #6 [DBL] target=P class=m0-src-block m0-image-block
[17:44:02.583] #7 [DBL] found .m0-src-block bi=8 tag=P ce=inherit
[17:44:02.583] #8 [NED] isNonEditableBlock(8) type=image → false
[17:44:02.583] #9 [DBL] isNonEditableBlock(8)=false
[17:44:02.583] #10 [DBL] editable block → return
[17:44:03.638] #11 [NED] isNonEditableBlock(8) type=image → false
[17:44:04.600] #12 [NED] isNonEditableBlock(8) type=image → false
[17:44:05.289] #13 [NED] isNonEditableBlock(8) type=image → false
[17:44:05.648] #14 [NED] isNonEditableBlock(8) type=image → false
[17:44:06.521] #15 [NED] isNonEditableBlock(8) type=image → false
[17:44:09.656] #16 [NED] isNonEditableBlock(73) type=list → false
[17:44:09.842] #17 [NED] isNonEditableBlock(73) type=list → false
[17:44:09.842] #18 [DBL] ─── dblclick fired ───
[17:44:09.842] #19 [DBL] target=STRONG class=
[17:44:09.842] #20 [DBL] found .m0-src-block bi=73 tag=UL ce=inherit
[17:44:09.842] #21 [NED] isNonEditableBlock(73) type=list → false
[17:44:09.842] #22 [DBL] isNonEditableBlock(73)=false
[17:44:09.842] #23 [DBL] editable block → return
[17:44:10.806] #24 [NED] isNonEditableBlock(73) type=list → false
[17:44:13.299] #25 [NED] isNonEditableBlock(95) type=math_block → true
[17:44:13.299] #26 [MOUSE] mouseup on non-editable block 95 → skip sync (allow dblclick)
[17:44:13.423] #27 [NED] isNonEditableBlock(95) type=math_block → true
[17:44:13.423] #28 [MOUSE] mouseup on non-editable block 95 → skip sync (allow dblclick)
[17:44:13.423] #29 [DBL] ─── dblclick fired ───
[17:44:13.423] #30 [DBL] target=MJX-C class=mjx-c1D703 TEX-I
[17:44:13.423] #31 [DBL] found .m0-src-block bi=95 tag=DIV ce=false
[17:44:13.423] #32 [NED] isNonEditableBlock(95) type=math_block → true
[17:44:13.423] #33 [DBL] isNonEditableBlock(95)=true
[17:44:13.423] #34 [DBL] → enterBlockEditMode(95)
[17:44:14.420] #35 [NED] isNonEditableBlock(101) type=math_block → true
[17:44:14.420] #36 [MOUSE] mouseup on non-editable block 101 → skip sync (allow dblclick)
[17:44:14.583] #37 [NED] isNonEditableBlock(101) type=math_block → true
[17:44:14.583] #38 [MOUSE] mouseup on non-editable block 101 → skip sync (allow dblclick)
[17:44:14.583] #39 [DBL] ─── dblclick fired ───
[17:44:14.583] #40 [DBL] target=MJX-C class=mjx-c29
[17:44:14.583] #41 [DBL] found .m0-src-block bi=101 tag=DIV ce=false
[17:44:14.583] #42 [NED] isNonEditableBlock(101) type=math_block → true
[17:44:14.583] #43 [DBL] isNonEditableBlock(101)=true
[17:44:14.583] #44 [DBL] → enterBlockEditMode(101)
[17:44:18.667] #45 [DBL] ─── dblclick fired ───
[17:44:18.667] #46 [DBL] target=DIV class=m0-preview-content
[17:44:18.667] #47 [DBL] no .m0-src-block ancestor → return
[17:44:19.497] #48 [NED] isNonEditableBlock(95) type=math_block → true
[17:44:19.497] #49 [MOUSE] mouseup on non-editable block 95 → skip sync (allow dblclick)
[17:44:19.677] #50 [NED] isNonEditableBlock(95) type=math_block → true
[17:44:19.677] #51 [MOUSE] mouseup on non-editable block 95 → skip sync (allow dblclick)
[17:44:19.677] #52 [DBL] ─── dblclick fired ───
[17:44:19.677] #53 [DBL] target=MJX-C class=mjx-c67
[17:44:19.677] #54 [DBL] found .m0-src-block bi=95 tag=DIV ce=false
[17:44:19.677] #55 [NED] isNonEditableBlock(95) type=math_block → true
[17:44:19.677] #56 [DBL] isNonEditableBlock(95)=true
[17:44:19.677] #57 [DBL] → enterBlockEditMode(95)
[17:44:25.804] #58 [NED] isNonEditableBlock(111) type=table → true
[17:44:25.804] #59 [MOUSE] mouseup on non-editable block 111 → skip sync (allow dblclick)
[17:44:25.984] #60 [NED] isNonEditableBlock(111) type=table → true
[17:44:25.984] #61 [MOUSE] mouseup on non-editable block 111 → skip sync (allow dblclick)
[17:44:25.984] #62 [DBL] ─── dblclick fired ───
[17:44:25.984] #63 [DBL] target=TH class=
[17:44:25.984] #64 [DBL] found .m0-src-block bi=111 tag=TABLE ce=false
[17:44:25.984] #65 [NED] isNonEditableBlock(111) type=table → true
[17:44:25.984] #66 [DBL] isNonEditableBlock(111)=true
[17:44:25.984] #67 [DBL] → enterBlockEditMode(111)
[17:44:26.724] #68 [NED] isNonEditableBlock(111) type=table → true
[17:44:26.724] #69 [MOUSE] mouseup on non-editable block 111 → skip sync (allow dblclick)
[17:44:26.903] #70 [NED] isNonEditableBlock(111) type=table → true
[17:44:26.903] #71 [MOUSE] mouseup on non-editable block 111 → skip sync (allow dblclick)
[17:44:27.309] #72 [NED] isNonEditableBlock(111) type=table → true
[17:44:27.309] #73 [MOUSE] mouseup on non-editable block 111 → skip sync (allow dblclick)
[17:44:27.472] #74 [NED] isNonEditableBlock(111) type=table → true
[17:44:27.472] #75 [MOUSE] mouseup on non-editable block 111 → skip sync (allow dblclick)
[17:44:27.472] #76 [DBL] ─── dblclick fired ───
[17:44:27.472] #77 [DBL] target=TD class=
[17:44:27.472] #78 [DBL] already in blockEditMode → return
[17:44:27.983] #79 [NED] isNonEditableBlock(111) type=table → true
[17:44:27.983] #80 [MOUSE] mouseup on non-editable block 111 → skip sync (allow dblclick)
[17:44:28.386] #81 [NED] isNonEditableBlock(111) type=table → true
[17:44:28.386] #82 [MOUSE] mouseup on non-editable block 111 → skip sync (allow dblclick)
[17:44:29.023] #83 [NED] isNonEditableBlock(111) type=table → true
[17:44:29.023] #84 [MOUSE] mouseup on non-editable block 111 → skip sync (allow dblclick)
[17:44:29.369] #85 [NED] isNonEditableBlock(111) type=table → true
[17:44:29.369] #86 [MOUSE] mouseup on non-editable block 111 → skip sync (allow dblclick)
[17:44:30.806] #87 [NED] isNonEditableBlock(111) type=table → true
[17:44:30.806] #88 [MOUSE] mouseup on non-editable block 111 → skip sync (allow dblclick)
[17:44:30.965] #89 [NED] isNonEditableBlock(111) type=table → true
[17:44:30.965] #90 [MOUSE] mouseup on non-editable block 111 → skip sync (allow dblclick)
[17:44:32.708] #91 [NED] isNonEditableBlock(115) type=code_block → true
[17:44:32.708] #92 [MOUSE] mouseup on non-editable block 115 → skip sync (allow dblclick)
[17:44:32.866] #93 [NED] isNonEditableBlock(115) type=code_block → true
[17:44:32.867] #94 [MOUSE] mouseup on non-editable block 115 → skip sync (allow dblclick)
[17:44:33.322] #95 [NED] isNonEditableBlock(115) type=code_block → true
[17:44:33.322] #96 [MOUSE] mouseup on non-editable block 115 → skip sync (allow dblclick)
[17:44:33.478] #97 [NED] isNonEditableBlock(115) type=code_block → true
[17:44:33.478] #98 [MOUSE] mouseup on non-editable block 115 → skip sync (allow dblclick)
[17:44:33.478] #99 [DBL] ─── dblclick fired ───
[17:44:33.478] #100 [DBL] target=CODE class=language-python
[17:44:33.478] #101 [DBL] found .m0-src-block bi=115 tag=PRE ce=false
[17:44:33.478] #102 [NED] isNonEditableBlock(115) type=code_block → true
[17:44:33.478] #103 [DBL] isNonEditableBlock(115)=true
[17:44:33.478] #104 [DBL] → enterBlockEditMode(115)
[17:44:34.256] #105 [NED] isNonEditableBlock(115) type=code_block → true
[17:44:34.256] #106 [MOUSE] mouseup on non-editable block 115 → skip sync (allow dblclick)
[17:44:39.691] #107 [NED] isNonEditableBlock(25) type=code_block → true
[17:44:39.691] #108 [MOUSE] mouseup on non-editable block 25 → skip sync (allow dblclick)
[17:44:39.862] #109 [NED] isNonEditableBlock(25) type=code_block → true
[17:44:39.862] #110 [MOUSE] mouseup on non-editable block 25 → skip sync (allow dblclick)
[17:44:39.862] #111 [DBL] ─── dblclick fired ───
[17:44:39.862] #112 [DBL] target=svg class=[object SVGAnimatedString]
[17:44:39.862] #113 [DBL] found .m0-src-block bi=25 tag=DIV ce=false
[17:44:39.862] #114 [NED] isNonEditableBlock(25) type=code_block → true
[17:44:39.862] #115 [DBL] isNonEditableBlock(25)=true
[17:44:39.862] #116 [DBL] → enterBlockEditMode(25)
[17:44:40.578] #117 [NED] isNonEditableBlock(25) type=code_block → true
[17:44:40.578] #118 [MOUSE] mouseup on non-editable block 25 → skip sync (allow dblclick)
[17:51:30.775] #1 [NED] isNonEditableBlock(25) type=code_block → true
[17:51:30.775] #2 [MOUSE] mouseup on non-editable block 25 → skip sync (allow dblclick)
[17:51:30.941] #3 [NED] isNonEditableBlock(25) type=code_block → true
[17:51:30.941] #4 [MOUSE] mouseup on non-editable block 25 → skip sync (allow dblclick)
[17:51:30.941] #5 [DBL] ─── dblclick fired ───
[17:51:30.941] #6 [DBL] target=rect class=[object SVGAnimatedString]
[17:51:30.941] #7 [DBL] found .m0-src-block bi=25 tag=DIV ce=false
[17:51:30.941] #8 [NED] isNonEditableBlock(25) type=code_block → true
[17:51:30.941] #9 [DBL] isNonEditableBlock(25)=true
[17:51:30.941] #10 [DBL] → enterBlockEditMode(25)
[17:51:33.090] #11 [NED] isNonEditableBlock(29) type=code_block → true
[17:51:33.090] #12 [MOUSE] mouseup on non-editable block 29 → skip sync (allow dblclick)
[17:51:33.248] #13 [NED] isNonEditableBlock(29) type=code_block → true
[17:51:33.248] #14 [MOUSE] mouseup on non-editable block 29 → skip sync (allow dblclick)
[17:51:33.248] #15 [DBL] ─── dblclick fired ───
[17:51:33.248] #16 [DBL] target=svg class=[object SVGAnimatedString]
[17:51:33.248] #17 [DBL] found .m0-src-block bi=29 tag=DIV ce=false
[17:51:33.248] #18 [NED] isNonEditableBlock(29) type=code_block → true
[17:51:33.248] #19 [DBL] isNonEditableBlock(29)=true
[17:51:33.248] #20 [DBL] → enterBlockEditMode(29)
[18:22:26.696] #1 [NED] isNonEditableBlock(1) type=heading → false
[18:22:28.102] #2 [NED] isNonEditableBlock(1) type=heading → false
[18:22:29.272] #3 [NED] isNonEditableBlock(7) type=heading → false
[18:22:30.931] #4 [NED] isNonEditableBlock(16) type=heading → false
[18:22:31.496] #5 [NED] isNonEditableBlock(16) type=heading → false
[18:22:32.062] #6 [NED] isNonEditableBlock(16) type=heading → false
[18:22:33.652] #7 [NED] isNonEditableBlock(21) type=heading → false
[18:22:35.827] #8 [NED] isNonEditableBlock(21) type=heading → false
[18:22:44.567] #9 [═══] ═══════════════════════════════════════════
[18:22:44.567] #10 [KEY] keydown: ArrowLeft dir=-1 editMode=true
[18:22:44.567] #11 [KEY] currentCursor={"srcLine":22,"srcCol":9,"blockIndex":21}
[18:22:44.567] #12 [GBI] → 21 (anchor=#text off=7)
[18:22:44.567] #13 [NED] isNonEditableBlock(21) type=heading → false
[18:22:44.567] #14 [EDGE] isAtBlockEdge(-1) anchor='Mermai 图表测试' off=7 firstText='Mermai 图表测试' → false
[18:22:44.567] #15 [CASB] Case B: curBlk 21 atEdge(-1)=false
[18:22:44.567] #16 [CASC] Case C: normal move, browser handles, then check
[18:22:44.569] #17 [GBI] → 21 (anchor=#text off=6)
[18:22:44.569] #18 [CASC]   after browser move: newBlk=21
[18:22:44.569] #19 [NED] isNonEditableBlock(21) type=heading → false
[18:22:45.258] #20 [═══] ═══════════════════════════════════════════
[18:22:45.258] #21 [KEY] keydown: ArrowRight dir=1 editMode=true
[18:22:45.258] #22 [KEY] currentCursor={"srcLine":22,"srcCol":9,"blockIndex":21}
[18:22:45.258] #23 [GBI] → 21 (anchor=#text off=6)
[18:22:45.259] #24 [NED] isNonEditableBlock(21) type=heading → false
[18:22:45.259] #25 [EDGE] isAtBlockEdge(1) anchor='Mermai 图表测试' off=6 lastText='Mermai 图表测试' len=11 → false
[18:22:45.259] #26 [CASB] Case B: curBlk 21 atEdge(1)=false
[18:22:45.259] #27 [CASC] Case C: normal move, browser handles, then check
[18:22:45.264] #28 [GBI] → 21 (anchor=#text off=7)
[18:22:45.264] #29 [CASC]   after browser move: newBlk=21
[18:22:45.264] #30 [NED] isNonEditableBlock(21) type=heading → false
[18:22:48.716] #31 [═══] ═══════════════════════════════════════════
[18:22:48.716] #32 [KEY] keydown: ArrowLeft dir=-1 editMode=true
[18:22:48.716] #33 [KEY] currentCursor={"srcLine":22,"srcCol":11,"blockIndex":21}
[18:22:48.716] #34 [GBI] → 21 (anchor=#text off=7)
[18:22:48.716] #35 [NED] isNonEditableBlock(21) type=heading → false
[18:22:48.716] #36 [EDGE] isAtBlockEdge(-1) anchor='Mermai 图表测试' off=7 firstText='Mermai 图表测试' → false
[18:22:48.716] #37 [CASB] Case B: curBlk 21 atEdge(-1)=false
[18:22:48.716] #38 [CASC] Case C: normal move, browser handles, then check
[18:22:48.718] #39 [GBI] → 21 (anchor=#text off=6)
[18:22:48.718] #40 [CASC]   after browser move: newBlk=21
[18:22:48.718] #41 [NED] isNonEditableBlock(21) type=heading → false
[18:22:49.087] #42 [═══] ═══════════════════════════════════════════
[18:22:49.088] #43 [KEY] keydown: ArrowLeft dir=-1 editMode=true
[18:22:49.088] #44 [KEY] currentCursor={"srcLine":22,"srcCol":9,"blockIndex":21}
[18:22:49.088] #45 [GBI] → 21 (anchor=#text off=6)
[18:22:49.088] #46 [NED] isNonEditableBlock(21) type=heading → false
[18:22:49.088] #47 [EDGE] isAtBlockEdge(-1) anchor='Mermai 图表测试' off=6 firstText='Mermai 图表测试' → false
[18:22:49.088] #48 [CASB] Case B: curBlk 21 atEdge(-1)=false
[18:22:49.088] #49 [CASC] Case C: normal move, browser handles, then check
[18:22:49.098] #50 [GBI] → 21 (anchor=#text off=5)
[18:22:49.098] #51 [CASC]   after browser move: newBlk=21
[18:22:49.098] #52 [NED] isNonEditableBlock(21) type=heading → false
[18:22:49.228] #53 [═══] ═══════════════════════════════════════════
[18:22:49.228] #54 [KEY] keydown: ArrowLeft dir=-1 editMode=true
[18:22:49.228] #55 [KEY] currentCursor={"srcLine":22,"srcCol":8,"blockIndex":21}
[18:22:49.228] #56 [GBI] → 21 (anchor=#text off=5)
[18:22:49.228] #57 [NED] isNonEditableBlock(21) type=heading → false
[18:22:49.228] #58 [EDGE] isAtBlockEdge(-1) anchor='Mermai 图表测试' off=5 firstText='Mermai 图表测试' → false
[18:22:49.228] #59 [CASB] Case B: curBlk 21 atEdge(-1)=false
[18:22:49.228] #60 [CASC] Case C: normal move, browser handles, then check
[18:22:49.232] #61 [GBI] → 21 (anchor=#text off=4)
[18:22:49.232] #62 [CASC]   after browser move: newBlk=21
[18:22:49.232] #63 [NED] isNonEditableBlock(21) type=heading → false
[18:22:49.479] #64 [═══] ═══════════════════════════════════════════
[18:22:49.479] #65 [KEY] keydown: ArrowLeft dir=-1 editMode=true
[18:22:49.479] #66 [KEY] currentCursor={"srcLine":22,"srcCol":7,"blockIndex":21}
[18:22:49.479] #67 [GBI] → 21 (anchor=#text off=4)
[18:22:49.479] #68 [NED] isNonEditableBlock(21) type=heading → false
[18:22:49.479] #69 [EDGE] isAtBlockEdge(-1) anchor='Mermai 图表测试' off=4 firstText='Mermai 图表测试' → false
[18:22:49.479] #70 [CASB] Case B: curBlk 21 atEdge(-1)=false
[18:22:49.479] #71 [CASC] Case C: normal move, browser handles, then check
[18:22:49.489] #72 [GBI] → 21 (anchor=#text off=3)
[18:22:49.489] #73 [CASC]   after browser move: newBlk=21
[18:22:49.489] #74 [NED] isNonEditableBlock(21) type=heading → false
[18:22:54.463] #75 [═══] ═══════════════════════════════════════════
[18:22:54.463] #76 [KEY] keydown: ArrowRight dir=1 editMode=true
[18:22:54.463] #77 [KEY] currentCursor={"srcLine":22,"srcCol":7,"blockIndex":21}
[18:22:54.463] #78 [GBI] → 21 (anchor=#text off=5)
[18:22:54.463] #79 [NED] isNonEditableBlock(21) type=heading → false
[18:22:54.463] #80 [EDGE] isAtBlockEdge(1) anchor='Mer搜索mai 图表测试' off=5 lastText='Mer搜索mai 图表测试' len=13 → false
[18:22:54.463] #81 [CASB] Case B: curBlk 21 atEdge(1)=false
[18:22:54.463] #82 [CASC] Case C: normal move, browser handles, then check
[18:22:54.465] #83 [GBI] → 21 (anchor=#text off=6)
[18:22:54.465] #84 [CASC]   after browser move: newBlk=21
[18:22:54.465] #85 [NED] isNonEditableBlock(21) type=heading → false
[18:22:55.213] #86 [═══] ═══════════════════════════════════════════
[18:22:55.213] #87 [KEY] keydown: ArrowLeft dir=-1 editMode=true
[18:22:55.213] #88 [KEY] currentCursor={"srcLine":22,"srcCol":9,"blockIndex":21}
[18:22:55.213] #89 [GBI] → 21 (anchor=#text off=6)
[18:22:55.213] #90 [NED] isNonEditableBlock(21) type=heading → false
[18:22:55.213] #91 [EDGE] isAtBlockEdge(-1) anchor='Mer搜索mai 图表测试' off=6 firstText='Mer搜索mai 图表测试' → false
[18:22:55.213] #92 [CASB] Case B: curBlk 21 atEdge(-1)=false
[18:22:55.213] #93 [CASC] Case C: normal move, browser handles, then check
[18:22:55.222] #94 [GBI] → 21 (anchor=#text off=5)
[18:22:55.222] #95 [CASC]   after browser move: newBlk=21
[18:22:55.222] #96 [NED] isNonEditableBlock(21) type=heading → false
[18:22:55.375] #97 [═══] ═══════════════════════════════════════════
[18:22:55.376] #98 [KEY] keydown: ArrowLeft dir=-1 editMode=true
[18:22:55.376] #99 [KEY] currentCursor={"srcLine":22,"srcCol":8,"blockIndex":21}
[18:22:55.376] #100 [GBI] → 21 (anchor=#text off=5)
[18:22:55.376] #101 [NED] isNonEditableBlock(21) type=heading → false
[18:22:55.376] #102 [EDGE] isAtBlockEdge(-1) anchor='Mer搜索mai 图表测试' off=5 firstText='Mer搜索mai 图表测试' → false
[18:22:55.376] #103 [CASB] Case B: curBlk 21 atEdge(-1)=false
[18:22:55.376] #104 [CASC] Case C: normal move, browser handles, then check
[18:22:55.381] #105 [GBI] → 21 (anchor=#text off=4)
[18:22:55.382] #106 [CASC]   after browser move: newBlk=21
[18:22:55.382] #107 [NED] isNonEditableBlock(21) type=heading → false
[18:22:55.784] #108 [═══] ═══════════════════════════════════════════
[18:22:55.785] #109 [KEY] keydown: ArrowRight dir=1 editMode=true
[18:22:55.785] #110 [KEY] currentCursor={"srcLine":22,"srcCol":7,"blockIndex":21}
[18:22:55.785] #111 [GBI] → 21 (anchor=#text off=4)
[18:22:55.785] #112 [NED] isNonEditableBlock(21) type=heading → false
[18:22:55.785] #113 [EDGE] isAtBlockEdge(1) anchor='Mer搜索mai 图表测试' off=4 lastText='Mer搜索mai 图表测试' len=13 → false
[18:22:55.785] #114 [CASB] Case B: curBlk 21 atEdge(1)=false
[18:22:55.785] #115 [CASC] Case C: normal move, browser handles, then check
[18:22:55.791] #116 [GBI] → 21 (anchor=#text off=5)
[18:22:55.791] #117 [CASC]   after browser move: newBlk=21
[18:22:55.791] #118 [NED] isNonEditableBlock(21) type=heading → false
[18:22:57.861] #119 [═══] ═══════════════════════════════════════════
[18:22:57.861] #120 [KEY] keydown: ArrowRight dir=1 editMode=true
[18:22:57.861] #121 [KEY] currentCursor={"srcLine":22,"srcCol":7,"blockIndex":21}
[18:22:57.861] #122 [GBI] → 21 (anchor=#text off=3)
[18:22:57.861] #123 [NED] isNonEditableBlock(21) type=heading → false
[18:22:57.861] #124 [EDGE] isAtBlockEdge(1) anchor='Meri 图表测试' off=3 lastText='Meri 图表测试' len=9 → false
[18:22:57.861] #125 [CASB] Case B: curBlk 21 atEdge(1)=false
[18:22:57.861] #126 [CASC] Case C: normal move, browser handles, then check
[18:22:57.863] #127 [GBI] → 21 (anchor=#text off=4)
[18:22:57.863] #128 [CASC]   after browser move: newBlk=21
[18:22:57.863] #129 [NED] isNonEditableBlock(21) type=heading → false
[18:22:58.347] #130 [═══] ═══════════════════════════════════════════
[18:22:58.347] #131 [KEY] keydown: ArrowLeft dir=-1 editMode=true
[18:22:58.347] #132 [KEY] currentCursor={"srcLine":22,"srcCol":7,"blockIndex":21}
[18:22:58.347] #133 [GBI] → 21 (anchor=#text off=4)
[18:22:58.347] #134 [NED] isNonEditableBlock(21) type=heading → false
[18:22:58.347] #135 [EDGE] isAtBlockEdge(-1) anchor='Meri 图表测试' off=4 firstText='Meri 图表测试' → false
[18:22:58.347] #136 [CASB] Case B: curBlk 21 atEdge(-1)=false
[18:22:58.347] #137 [CASC] Case C: normal move, browser handles, then check
[18:22:58.356] #138 [GBI] → 21 (anchor=#text off=3)
[18:22:58.356] #139 [CASC]   after browser move: newBlk=21
[18:22:58.356] #140 [NED] isNonEditableBlock(21) type=heading → false
[18:22:58.879] #141 [═══] ═══════════════════════════════════════════
[18:22:58.879] #142 [KEY] keydown: ArrowLeft dir=-1 editMode=true
[18:22:58.879] #143 [KEY] currentCursor={"srcLine":22,"srcCol":6,"blockIndex":21}
[18:22:58.879] #144 [GBI] → 21 (anchor=#text off=3)
[18:22:58.879] #145 [NED] isNonEditableBlock(21) type=heading → false
[18:22:58.879] #146 [EDGE] isAtBlockEdge(-1) anchor='Meri 图表测试' off=3 firstText='Meri 图表测试' → false
[18:22:58.879] #147 [CASB] Case B: curBlk 21 atEdge(-1)=false
[18:22:58.879] #148 [CASC] Case C: normal move, browser handles, then check
[18:22:58.889] #149 [GBI] → 21 (anchor=#text off=2)
[18:22:58.889] #150 [CASC]   after browser move: newBlk=21
[18:22:58.889] #151 [NED] isNonEditableBlock(21) type=heading → false
[18:23:03.210] #152 [NED] isNonEditableBlock(21) type=heading → false
[18:23:52.209] #153 [NED] isNonEditableBlock(21) type=heading → false
[18:23:55.864] #154 [NED] isNonEditableBlock(21) type=heading → false
[18:23:55.952] #155 [NED] isNonEditableBlock(21) type=heading → false
[18:23:56.206] #156 [NED] isNonEditableBlock(21) type=heading → false
[18:23:56.207] #157 [NED] isNonEditableBlock(21) type=heading → false
[18:23:56.506] #158 [NED] isNonEditableBlock(21) type=heading → false
[18:23:56.506] #159 [NED] isNonEditableBlock(21) type=heading → false
[18:23:58.258] #160 [NED] isNonEditableBlock(21) type=heading → false
[18:23:58.259] #161 [NED] isNonEditableBlock(21) type=heading → false
[18:23:58.660] #162 [NED] isNonEditableBlock(21) type=heading → false
[18:23:58.661] #163 [NED] isNonEditableBlock(21) type=heading → false
[18:23:58.804] #164 [NED] isNonEditableBlock(21) type=heading → false
[18:23:58.806] #165 [NED] isNonEditableBlock(21) type=heading → false
[18:23:58.897] #166 [NED] isNonEditableBlock(21) type=heading → false
[18:23:59.995] #167 [NED] isNonEditableBlock(21) type=heading → false
[18:23:59.995] #168 [NED] isNonEditableBlock(21) type=heading → false
[18:24:00.071] #169 [NED] isNonEditableBlock(21) type=heading → false
[18:24:00.071] #170 [NED] isNonEditableBlock(21) type=heading → false
[18:24:00.397] #171 [NED] isNonEditableBlock(21) type=heading → false
[18:24:00.397] #172 [NED] isNonEditableBlock(21) type=heading → false
[18:24:00.603] #173 [NED] isNonEditableBlock(21) type=heading → false
[18:24:00.603] #174 [NED] isNonEditableBlock(21) type=heading → false
[18:24:00.668] #175 [NED] isNonEditableBlock(21) type=heading → false
[18:24:00.668] #176 [NED] isNonEditableBlock(21) type=heading → false
[18:24:01.270] #177 [NED] isNonEditableBlock(21) type=heading → false
[18:24:01.270] #178 [NED] isNonEditableBlock(21) type=heading → false
[18:24:01.704] #179 [NED] isNonEditableBlock(21) type=heading → false
[18:24:01.706] #180 [NED] isNonEditableBlock(21) type=heading → false
[18:24:02.013] #181 [NED] isNonEditableBlock(21) type=heading → false
[18:24:02.453] #182 [NED] isNonEditableBlock(21) type=heading → false
[18:24:02.638] #183 [NED] isNonEditableBlock(21) type=heading → false
[18:24:02.802] #184 [NED] isNonEditableBlock(21) type=heading → false
[18:24:08.612] #185 [NED] isNonEditableBlock(23) type=heading → false
[18:24:09.117] #186 [NED] isNonEditableBlock(25) type=code_block → true
[18:24:09.117] #187 [MOUSE] mouseup on non-editable block 25 → skip sync (allow dblclick)
[18:24:09.581] #188 [NED] isNonEditableBlock(25) type=code_block → true
[18:24:09.581] #189 [MOUSE] mouseup on non-editable block 25 → skip sync (allow dblclick)
[18:24:09.744] #190 [NED] isNonEditableBlock(25) type=code_block → true
[18:24:09.744] #191 [MOUSE] mouseup on non-editable block 25 → skip sync (allow dblclick)
[18:24:10.113] #192 [NED] isNonEditableBlock(25) type=code_block → true
[18:24:10.113] #193 [MOUSE] mouseup on non-editable block 25 → skip sync (allow dblclick)
[18:24:10.253] #194 [NED] isNonEditableBlock(25) type=code_block → true
[18:24:10.253] #195 [MOUSE] mouseup on non-editable block 25 → skip sync (allow dblclick)
[18:24:10.253] #196 [DBL] ─── dblclick fired ───
[18:24:10.253] #197 [DBL] target=P class=
[18:24:10.253] #198 [DBL] found .m0-src-block bi=25 tag=DIV ce=false
[18:24:10.253] #199 [NED] isNonEditableBlock(25) type=code_block → true
[18:24:10.253] #200 [DBL] isNonEditableBlock(25)=true
[18:24:10.253] #201 [DBL] → enterBlockEditMode(25)
[18:24:10.406] #202 [NED] isNonEditableBlock(25) type=code_block → true
[18:24:10.406] #203 [MOUSE] mouseup on non-editable block 25 → skip sync (allow dblclick)
[18:24:10.841] #204 [NED] isNonEditableBlock(25) type=code_block → true
[18:24:10.841] #205 [MOUSE] mouseup on non-editable block 25 → skip sync (allow dblclick)
[18:24:11.527] #206 [NED] isNonEditableBlock(25) type=code_block → true
[18:24:11.527] #207 [MOUSE] mouseup on non-editable block 25 → skip sync (allow dblclick)
[18:24:12.280] #208 [NED] isNonEditableBlock(25) type=code_block → true
[18:24:12.280] #209 [MOUSE] mouseup on non-editable block 25 → skip sync (allow dblclick)
[18:24:12.856] #210 [NED] isNonEditableBlock(21) type=heading → false
[18:24:15.538] #211 [NED] isNonEditableBlock(13) type=blank_line → false
[18:24:15.972] #212 [NED] isNonEditableBlock(12) type=heading → false
[18:24:22.309] #213 [NED] isNonEditableBlock(1) type=heading → false
[18:24:22.738] #214 [NED] isNonEditableBlock(1) type=heading → false
[18:24:25.885] #215 [NED] isNonEditableBlock(1) type=heading → false
[18:24:33.309] #216 [NED] isNonEditableBlock(5) type=blank_line → false
[18:24:35.949] #217 [NED] isNonEditableBlock(5) type=blank_line → false
[18:24:36.274] #218 [NED] isNonEditableBlock(5) type=blank_line → false
[18:24:47.799] #219 [NED] isNonEditableBlock(43) type=list → false
[18:24:48.079] #220 [NED] isNonEditableBlock(43) type=list → false
[18:24:52.768] #221 [NED] isNonEditableBlock(43) type=list → false
[18:24:54.424] #222 [═══] ═══════════════════════════════════════════
[18:24:54.424] #223 [KEY] keydown: ArrowRight dir=1 editMode=true
[18:24:54.424] #224 [KEY] currentCursor={"srcLine":69,"srcCol":4,"blockIndex":43}
[18:24:54.424] #225 [GBI] → 43 (anchor=#text off=1)
[18:24:54.424] #226 [NED] isNonEditableBlock(43) type=list → false
[18:24:54.424] #227 [EDGE] isAtBlockEdge(1) anchor='绿色：' off=1 lastText='待复习内容' len=5 → false
[18:24:54.424] #228 [CASB] Case B: curBlk 43 atEdge(1)=false
[18:24:54.424] #229 [CASC] Case C: normal move, browser handles, then check
[18:24:54.427] #230 [GBI] → 43 (anchor=#text off=2)
[18:24:54.427] #231 [CASC]   after browser move: newBlk=43
[18:24:54.427] #232 [NED] isNonEditableBlock(43) type=list → false
[18:24:54.901] #233 [═══] ═══════════════════════════════════════════
[18:24:54.901] #234 [KEY] keydown: ArrowRight dir=1 editMode=true
[18:24:54.901] #235 [KEY] currentCursor={"srcLine":69,"srcCol":4,"blockIndex":43}
[18:24:54.901] #236 [GBI] → 43 (anchor=#text off=2)
[18:24:54.901] #237 [NED] isNonEditableBlock(43) type=list → false
[18:24:54.901] #238 [EDGE] isAtBlockEdge(1) anchor='绿色：' off=2 lastText='待复习内容' len=5 → false
[18:24:54.901] #239 [CASB] Case B: curBlk 43 atEdge(1)=false
[18:24:54.901] #240 [CASC] Case C: normal move, browser handles, then check
[18:24:54.903] #241 [GBI] → 43 (anchor=#text off=3)
[18:24:54.903] #242 [CASC]   after browser move: newBlk=43
[18:24:54.903] #243 [NED] isNonEditableBlock(43) type=list → false
[18:24:57.155] #244 [═══] ═══════════════════════════════════════════
[18:24:57.155] #245 [KEY] keydown: ArrowRight dir=1 editMode=true
[18:24:57.155] #246 [KEY] currentCursor={"srcLine":69,"srcCol":6,"blockIndex":43}
[18:24:57.155] #247 [GBI] → 43 (anchor=#text off=3)
[18:24:57.155] #248 [NED] isNonEditableBlock(43) type=list → false
[18:24:57.155] #249 [EDGE] isAtBlockEdge(1) anchor='绿色：' off=3 lastText='待复习内容' len=5 → false
[18:24:57.155] #250 [CASB] Case B: curBlk 43 atEdge(1)=false
[18:24:57.155] #251 [CASC] Case C: normal move, browser handles, then check
[18:24:57.157] #252 [GBI] → 43 (anchor=#text off=1)
[18:24:57.157] #253 [CASC]   after browser move: newBlk=43
[18:24:57.157] #254 [NED] isNonEditableBlock(43) type=list → false
[18:24:58.399] #255 [═══] ═══════════════════════════════════════════
[18:24:58.399] #256 [KEY] keydown: ArrowRight dir=1 editMode=true
[18:24:58.399] #257 [KEY] currentCursor={"srcLine":69,"srcCol":18,"blockIndex":43}
[18:24:58.399] #258 [GBI] → 43 (anchor=#text off=1)
[18:24:58.399] #259 [NED] isNonEditableBlock(43) type=list → false
[18:24:58.399] #260 [EDGE] isAtBlockEdge(1) anchor='已掌握/确认内容' off=1 lastText='待复习内容' len=5 → false
[18:24:58.399] #261 [CASB] Case B: curBlk 43 atEdge(1)=false
[18:24:58.399] #262 [CASC] Case C: normal move, browser handles, then check
[18:24:58.402] #263 [GBI] → 43 (anchor=#text off=2)
[18:24:58.402] #264 [CASC]   after browser move: newBlk=43
[18:24:58.402] #265 [NED] isNonEditableBlock(43) type=list → false
[18:24:58.583] #266 [═══] ═══════════════════════════════════════════
[18:24:58.583] #267 [KEY] keydown: ArrowRight dir=1 editMode=true
[18:24:58.583] #268 [KEY] currentCursor={"srcLine":69,"srcCol":18,"blockIndex":43}
[18:24:58.583] #269 [GBI] → 43 (anchor=#text off=2)
[18:24:58.583] #270 [NED] isNonEditableBlock(43) type=list → false
[18:24:58.583] #271 [EDGE] isAtBlockEdge(1) anchor='已掌握/确认内容' off=2 lastText='待复习内容' len=5 → false
[18:24:58.583] #272 [CASB] Case B: curBlk 43 atEdge(1)=false
[18:24:58.583] #273 [CASC] Case C: normal move, browser handles, then check
[18:24:58.586] #274 [GBI] → 43 (anchor=#text off=3)
[18:24:58.587] #275 [CASC]   after browser move: newBlk=43
[18:24:58.587] #276 [NED] isNonEditableBlock(43) type=list → false
[18:24:58.794] #277 [═══] ═══════════════════════════════════════════
[18:24:58.794] #278 [KEY] keydown: ArrowRight dir=1 editMode=true
[18:24:58.794] #279 [KEY] currentCursor={"srcLine":69,"srcCol":19,"blockIndex":43}
[18:24:58.794] #280 [GBI] → 43 (anchor=#text off=3)
[18:24:58.794] #281 [NED] isNonEditableBlock(43) type=list → false
[18:24:58.794] #282 [EDGE] isAtBlockEdge(1) anchor='已掌握/确认内容' off=3 lastText='待复习内容' len=5 → false
[18:24:58.794] #283 [CASB] Case B: curBlk 43 atEdge(1)=false
[18:24:58.794] #284 [CASC] Case C: normal move, browser handles, then check
[18:24:58.803] #285 [GBI] → 43 (anchor=#text off=4)
[18:24:58.803] #286 [CASC]   after browser move: newBlk=43
[18:24:58.803] #287 [NED] isNonEditableBlock(43) type=list → false
[18:24:59.379] #288 [═══] ═══════════════════════════════════════════
[18:24:59.379] #289 [KEY] keydown: ArrowLeft dir=-1 editMode=true
[18:24:59.379] #290 [KEY] currentCursor={"srcLine":69,"srcCol":20,"blockIndex":43}
[18:24:59.379] #291 [GBI] → 43 (anchor=#text off=4)
[18:24:59.379] #292 [NED] isNonEditableBlock(43) type=list → false
[18:24:59.379] #293 [EDGE] isAtBlockEdge(-1) anchor='已掌握/确认内容' off=4 firstText='默认（黄）：' → false
[18:24:59.379] #294 [CASB] Case B: curBlk 43 atEdge(-1)=false
[18:24:59.379] #295 [CASC] Case C: normal move, browser handles, then check
[18:24:59.386] #296 [GBI] → 43 (anchor=#text off=3)
[18:24:59.386] #297 [CASC]   after browser move: newBlk=43
[18:24:59.386] #298 [NED] isNonEditableBlock(43) type=list → false
[18:24:59.571] #299 [═══] ═══════════════════════════════════════════
[18:24:59.572] #300 [KEY] keydown: ArrowLeft dir=-1 editMode=true
[18:24:59.572] #301 [KEY] currentCursor={"srcLine":69,"srcCol":19,"blockIndex":43}
[18:24:59.572] #302 [GBI] → 43 (anchor=#text off=3)
[18:24:59.572] #303 [NED] isNonEditableBlock(43) type=list → false
[18:24:59.572] #304 [EDGE] isAtBlockEdge(-1) anchor='已掌握/确认内容' off=3 firstText='默认（黄）：' → false
[18:24:59.572] #305 [CASB] Case B: curBlk 43 atEdge(-1)=false
[18:24:59.572] #306 [CASC] Case C: normal move, browser handles, then check
[18:24:59.578] #307 [GBI] → 43 (anchor=#text off=2)
[18:24:59.578] #308 [CASC]   after browser move: newBlk=43
[18:24:59.578] #309 [NED] isNonEditableBlock(43) type=list → false
[18:24:59.762] #310 [═══] ═══════════════════════════════════════════
[18:24:59.762] #311 [KEY] keydown: ArrowLeft dir=-1 editMode=true
[18:24:59.762] #312 [KEY] currentCursor={"srcLine":69,"srcCol":18,"blockIndex":43}
[18:24:59.762] #313 [GBI] → 43 (anchor=#text off=2)
[18:24:59.762] #314 [NED] isNonEditableBlock(43) type=list → false
[18:24:59.762] #315 [EDGE] isAtBlockEdge(-1) anchor='已掌握/确认内容' off=2 firstText='默认（黄）：' → false
[18:24:59.762] #316 [CASB] Case B: curBlk 43 atEdge(-1)=false
[18:24:59.762] #317 [CASC] Case C: normal move, browser handles, then check
[18:24:59.769] #318 [GBI] → 43 (anchor=#text off=1)
[18:24:59.769] #319 [CASC]   after browser move: newBlk=43
[18:24:59.769] #320 [NED] isNonEditableBlock(43) type=list → false
[18:24:59.907] #321 [═══] ═══════════════════════════════════════════
[18:24:59.907] #322 [KEY] keydown: ArrowLeft dir=-1 editMode=true
[18:24:59.907] #323 [KEY] currentCursor={"srcLine":69,"srcCol":17,"blockIndex":43}
[18:24:59.907] #324 [GBI] → 43 (anchor=#text off=1)
[18:24:59.907] #325 [NED] isNonEditableBlock(43) type=list → false
[18:24:59.907] #326 [EDGE] isAtBlockEdge(-1) anchor='已掌握/确认内容' off=1 firstText='默认（黄）：' → false
[18:24:59.907] #327 [CASB] Case B: curBlk 43 atEdge(-1)=false
[18:24:59.907] #328 [CASC] Case C: normal move, browser handles, then check
[18:24:59.911] #329 [GBI] → 43 (anchor=#text off=3)
[18:24:59.911] #330 [CASC]   after browser move: newBlk=43
[18:24:59.911] #331 [NED] isNonEditableBlock(43) type=list → false
[18:25:00.098] #332 [═══] ═══════════════════════════════════════════
[18:25:00.098] #333 [KEY] keydown: ArrowLeft dir=-1 editMode=true
[18:25:00.098] #334 [KEY] currentCursor={"srcLine":69,"srcCol":5,"blockIndex":43}
[18:25:00.098] #335 [GBI] → 43 (anchor=#text off=3)
[18:25:00.098] #336 [NED] isNonEditableBlock(43) type=list → false
[18:25:00.098] #337 [EDGE] isAtBlockEdge(-1) anchor='绿色：' off=3 firstText='默认（黄）：' → false
[18:25:00.098] #338 [CASB] Case B: curBlk 43 atEdge(-1)=false
[18:25:00.098] #339 [CASC] Case C: normal move, browser handles, then check
[18:25:00.103] #340 [GBI] → 43 (anchor=#text off=2)
[18:25:00.103] #341 [CASC]   after browser move: newBlk=43
[18:25:00.103] #342 [NED] isNonEditableBlock(43) type=list → false
[18:25:01.157] #343 [═══] ═══════════════════════════════════════════
[18:25:01.157] #344 [KEY] keydown: ArrowRight dir=1 editMode=true
[18:25:01.157] #345 [KEY] currentCursor={"srcLine":69,"srcCol":4,"blockIndex":43}
[18:25:01.157] #346 [GBI] → 43 (anchor=#text off=2)
[18:25:01.157] #347 [NED] isNonEditableBlock(43) type=list → false
[18:25:01.157] #348 [EDGE] isAtBlockEdge(1) anchor='绿色：' off=2 lastText='待复习内容' len=5 → false
[18:25:01.157] #349 [CASB] Case B: curBlk 43 atEdge(1)=false
[18:25:01.157] #350 [CASC] Case C: normal move, browser handles, then check
[18:25:01.161] #351 [GBI] → 43 (anchor=#text off=3)
[18:25:01.161] #352 [CASC]   after browser move: newBlk=43
[18:25:01.161] #353 [NED] isNonEditableBlock(43) type=list → false
[18:25:01.361] #354 [═══] ═══════════════════════════════════════════
[18:25:01.361] #355 [KEY] keydown: ArrowRight dir=1 editMode=true
[18:25:01.361] #356 [KEY] currentCursor={"srcLine":69,"srcCol":5,"blockIndex":43}
[18:25:01.361] #357 [GBI] → 43 (anchor=#text off=3)
[18:25:01.361] #358 [NED] isNonEditableBlock(43) type=list → false
[18:25:01.361] #359 [EDGE] isAtBlockEdge(1) anchor='绿色：' off=3 lastText='待复习内容' len=5 → false
[18:25:01.361] #360 [CASB] Case B: curBlk 43 atEdge(1)=false
[18:25:01.361] #361 [CASC] Case C: normal move, browser handles, then check
[18:25:01.369] #362 [GBI] → 43 (anchor=#text off=1)
[18:25:01.370] #363 [CASC]   after browser move: newBlk=43
[18:25:01.370] #364 [NED] isNonEditableBlock(43) type=list → false
[18:25:07.263] #365 [NED] isNonEditableBlock(57) type=list → false
[18:25:08.918] #366 [═══] ═══════════════════════════════════════════
[18:25:08.918] #367 [KEY] keydown: ArrowLeft dir=-1 editMode=true
[18:25:08.918] #368 [KEY] currentCursor={"srcLine":86,"srcCol":20,"blockIndex":57}
[18:25:08.918] #369 [GBI] → 57 (anchor=#text off=2)
[18:25:08.918] #370 [NED] isNonEditableBlock(57) type=list → false
[18:25:08.918] #371 [EDGE] isAtBlockEdge(-1) anchor='绿底蓝字' off=2 firstText='黄底红字' → false
[18:25:08.918] #372 [CASB] Case B: curBlk 57 atEdge(-1)=false
[18:25:08.918] #373 [CASC] Case C: normal move, browser handles, then check
[18:25:08.928] #374 [GBI] → 57 (anchor=#text off=1)
[18:25:08.928] #375 [CASC]   after browser move: newBlk=57
[18:25:08.928] #376 [NED] isNonEditableBlock(57) type=list → false
[18:25:09.083] #377 [═══] ═══════════════════════════════════════════
[18:25:09.083] #378 [KEY] keydown: ArrowLeft dir=-1 editMode=true
[18:25:09.083] #379 [KEY] currentCursor={"srcLine":86,"srcCol":19,"blockIndex":57}
[18:25:09.083] #380 [GBI] → 57 (anchor=#text off=1)
[18:25:09.083] #381 [NED] isNonEditableBlock(57) type=list → false
[18:25:09.083] #382 [EDGE] isAtBlockEdge(-1) anchor='绿底蓝字' off=1 firstText='黄底红字' → false
[18:25:09.083] #383 [CASB] Case B: curBlk 57 atEdge(-1)=false
[18:25:09.083] #384 [CASC] Case C: normal move, browser handles, then check
[18:25:09.086] #385 [GBI] → 57 (anchor=#text off=0)
[18:25:09.086] #386 [CASC]   after browser move: newBlk=57
[18:25:09.086] #387 [NED] isNonEditableBlock(57) type=list → false
[18:25:16.442] #388 [NED] isNonEditableBlock(61) type=list → false
[18:28:12.468] #1 [NED] isNonEditableBlock(1) type=heading → false
[18:28:13.003] #2 [NED] isNonEditableBlock(1) type=heading → false
[18:28:41.070] #3 [NED] isNonEditableBlock(73) type=list → false
[18:29:08.100] #4 [NED] isNonEditableBlock(73) type=list → false
[18:29:09.388] #5 [═══] ═══════════════════════════════════════════
[18:29:09.388] #6 [KEY] keydown: ArrowRight dir=1 editMode=true
[18:29:09.388] #7 [KEY] currentCursor={"srcLine":115,"srcCol":24,"blockIndex":73}
[18:29:09.388] #8 [GBI] → 73 (anchor=#text off=3)
[18:29:09.388] #9 [NED] isNonEditableBlock(73) type=list → false
[18:29:09.388] #10 [EDGE] isAtBlockEdge(1) anchor='黄底红字粗斜体' off=3 lastText=' — 荧光笔内嵌链接（栈式解析' len=20 → false
[18:29:09.388] #11 [CASB] Case B: curBlk 73 atEdge(1)=false
[18:29:09.388] #12 [CASC] Case C: normal move, browser handles, then check
[18:29:09.390] #13 [GBI] → 73 (anchor=#text off=3)
[18:29:09.390] #14 [CASC]   after browser move: newBlk=73
[18:29:09.390] #15 [NED] isNonEditableBlock(73) type=list → false
[18:31:29.756] #16 [NED] isNonEditableBlock(73) type=list → false
[18:31:31.053] #17 [NED] isNonEditableBlock(73) type=list → false
[18:31:34.585] #18 [═══] ═══════════════════════════════════════════
[18:31:34.585] #19 [KEY] keydown: ArrowRight dir=1 editMode=true
[18:31:34.585] #20 [KEY] currentCursor={"srcLine":117,"srcCol":19,"blockIndex":73}
[18:31:34.585] #21 [GBI] → 73 (anchor=#text off=2)
[18:31:34.585] #22 [NED] isNonEditableBlock(73) type=list → false
[18:31:34.585] #23 [EDGE] isAtBlockEdge(1) anchor='mdp' off=2 lastText=' — 荧光笔内嵌链接（栈式解析' len=20 → false
[18:31:34.585] #24 [CASB] Case B: curBlk 73 atEdge(1)=false
[18:31:34.585] #25 [CASC] Case C: normal move, browser handles, then check
[18:31:34.587] #26 [GBI] → 73 (anchor=#text off=3)
[18:31:34.587] #27 [CASC]   after browser move: newBlk=73
[18:31:34.587] #28 [NED] isNonEditableBlock(73) type=list → false
[18:31:35.781] #29 [═══] ═══════════════════════════════════════════
[18:31:35.781] #30 [KEY] keydown: ArrowRight dir=1 editMode=true
[18:31:35.781] #31 [KEY] currentCursor={"srcLine":117,"srcCol":20,"blockIndex":73}
[18:31:35.781] #32 [GBI] → 73 (anchor=#text off=3)
[18:31:35.781] #33 [NED] isNonEditableBlock(73) type=list → false
[18:31:35.781] #34 [EDGE] isAtBlockEdge(1) anchor='mdp' off=3 lastText=' — 荧光笔内嵌链接（栈式解析' len=20 → false
[18:31:35.782] #35 [CASB] Case B: curBlk 73 atEdge(1)=false
[18:31:35.782] #36 [CASC] Case C: normal move, browser handles, then check
[18:31:35.787] #37 [GBI] → 73 (anchor=#text off=1)
[18:31:35.787] #38 [CASC]   after browser move: newBlk=73
[18:31:35.787] #39 [NED] isNonEditableBlock(73) type=list → false
[18:31:36.454] #40 [═══] ═══════════════════════════════════════════
[18:31:36.454] #41 [KEY] keydown: ArrowLeft dir=-1 editMode=true
[18:31:36.454] #42 [KEY] currentCursor={"srcLine":117,"srcCol":23,"blockIndex":73}
[18:31:36.454] #43 [GBI] → 73 (anchor=#text off=1)
[18:31:36.454] #44 [NED] isNonEditableBlock(73) type=list → false
[18:31:36.454] #45 [EDGE] isAtBlockEdge(-1) anchor=' 核心定义' off=1 firstText='黄底粗体' → false
[18:31:36.454] #46 [CASB] Case B: curBlk 73 atEdge(-1)=false
[18:31:36.454] #47 [CASC] Case C: normal move, browser handles, then check
[18:31:36.464] #48 [GBI] → 73 (anchor=#text off=3)
[18:31:36.464] #49 [CASC]   after browser move: newBlk=73
[18:31:36.464] #50 [NED] isNonEditableBlock(73) type=list → false
[18:31:36.714] #51 [═══] ═══════════════════════════════════════════
[18:31:36.714] #52 [KEY] keydown: ArrowLeft dir=-1 editMode=true
[18:31:36.714] #53 [KEY] currentCursor={"srcLine":117,"srcCol":20,"blockIndex":73}
[18:31:36.714] #54 [GBI] → 73 (anchor=#text off=3)
[18:31:36.714] #55 [NED] isNonEditableBlock(73) type=list → false
[18:31:36.714] #56 [EDGE] isAtBlockEdge(-1) anchor='mdp' off=3 firstText='黄底粗体' → false
[18:31:36.714] #57 [CASB] Case B: curBlk 73 atEdge(-1)=false
[18:31:36.714] #58 [CASC] Case C: normal move, browser handles, then check
[18:31:36.721] #59 [GBI] → 73 (anchor=#text off=2)
[18:31:36.721] #60 [CASC]   after browser move: newBlk=73
[18:31:36.721] #61 [NED] isNonEditableBlock(73) type=list → false
[18:31:37.072] #62 [═══] ═══════════════════════════════════════════
[18:31:37.072] #63 [KEY] keydown: ArrowLeft dir=-1 editMode=true
[18:31:37.072] #64 [KEY] currentCursor={"srcLine":117,"srcCol":19,"blockIndex":73}
[18:31:37.072] #65 [GBI] → 73 (anchor=#text off=2)
[18:31:37.072] #66 [NED] isNonEditableBlock(73) type=list → false
[18:31:37.072] #67 [EDGE] isAtBlockEdge(-1) anchor='mdp' off=2 firstText='黄底粗体' → false
[18:31:37.072] #68 [CASB] Case B: curBlk 73 atEdge(-1)=false
[18:31:37.072] #69 [CASC] Case C: normal move, browser handles, then check
[18:31:37.079] #70 [GBI] → 73 (anchor=#text off=1)
[18:31:37.079] #71 [CASC]   after browser move: newBlk=73
[18:31:37.079] #72 [NED] isNonEditableBlock(73) type=list → false
[18:31:37.707] #73 [═══] ═══════════════════════════════════════════
[18:31:37.707] #74 [KEY] keydown: ArrowLeft dir=-1 editMode=true
[18:31:37.707] #75 [KEY] currentCursor={"srcLine":117,"srcCol":18,"blockIndex":73}
[18:31:37.707] #76 [GBI] → 73 (anchor=#text off=1)
[18:31:37.707] #77 [NED] isNonEditableBlock(73) type=list → false
[18:31:37.707] #78 [EDGE] isAtBlockEdge(-1) anchor='mdp' off=1 firstText='黄底粗体' → false
[18:31:37.707] #79 [CASB] Case B: curBlk 73 atEdge(-1)=false
[18:31:37.707] #80 [CASC] Case C: normal move, browser handles, then check
[18:31:37.712] #81 [GBI] → 73 (anchor=#text off=3)
[18:31:37.712] #82 [CASC]   after browser move: newBlk=73
[18:31:37.712] #83 [NED] isNonEditableBlock(73) type=list → false
[18:31:42.845] #84 [═══] ═══════════════════════════════════════════
[18:31:42.845] #85 [KEY] keydown: ArrowLeft dir=-1 editMode=true
[18:31:42.845] #86 [KEY] currentCursor={"srcLine":117,"srcCol":14,"blockIndex":73}
[18:31:42.845] #87 [GBI] → 73 (anchor=#text off=3)
[18:31:42.845] #88 [NED] isNonEditableBlock(73) type=list → false
[18:31:42.845] #89 [EDGE] isAtBlockEdge(-1) anchor='参见 ' off=3 firstText='黄底粗体' → false
[18:31:42.845] #90 [CASB] Case B: curBlk 73 atEdge(-1)=false
[18:31:42.845] #91 [CASC] Case C: normal move, browser handles, then check
[18:31:42.849] #92 [GBI] → 73 (anchor=#text off=2)
[18:31:42.849] #93 [CASC]   after browser move: newBlk=73
[18:31:42.849] #94 [NED] isNonEditableBlock(73) type=list → false
[18:31:47.714] #95 [═══] ═══════════════════════════════════════════
[18:31:47.714] #96 [KEY] keydown: ArrowUp dir=-1 editMode=true
[18:31:47.714] #97 [KEY] currentCursor={"srcLine":117,"srcCol":15,"blockIndex":73}
[18:31:47.714] #98 [GBI] → 73 (anchor=#text off=2)
[18:31:47.714] #99 [NED] isNonEditableBlock(73) type=list → false
[18:31:47.714] #100 [EDGE] isAtBlockEdge(-1) anchor='参见 ' off=2 firstText='黄底粗体' → false
[18:31:47.714] #101 [CASB] Case B: curBlk 73 atEdge(-1)=false
[18:31:47.714] #102 [CASC] Case C: normal move, browser handles, then check
[18:31:47.716] #103 [GBI] → 73 (anchor=#text off=2)
[18:31:47.716] #104 [CASC]   after browser move: newBlk=73
[18:31:47.716] #105 [NED] isNonEditableBlock(73) type=list → false
[18:31:54.577] #106 [NED] isNonEditableBlock(73) type=list → false
[18:32:01.382] #107 [NED] isNonEditableBlock(77) type=paragraph → false
[18:32:05.973] #108 [DBL] ─── dblclick fired ───
[18:32:05.973] #109 [DBL] target=A class=m0-wikilink
[18:32:05.973] #110 [DBL] editMode off → return
[21:20:29.707] #1 [NED] isNonEditableBlock(21) type=heading → false
[21:21:03.391] #2 [═══] ═══════════════════════════════════════════
[21:21:03.391] #3 [KEY] keydown: ArrowLeft dir=-1 editMode=true
[21:21:03.391] #4 [KEY] currentCursor={"srcLine":22,"srcCol":18,"blockIndex":21}
[21:21:03.392] #5 [GBI] → 21 (anchor=#text off=14)
[21:21:03.392] #6 [NED] isNonEditableBlock(21) type=heading → false
[21:21:03.392] #7 [EDGE] isAtBlockEdge(-1) anchor='Mermaid 图表撒旦测试' off=14 firstText='Mermaid 图表撒旦测试' → false
[21:21:03.392] #8 [CASB] Case B: curBlk 21 atEdge(-1)=false
[21:21:03.392] #9 [CASC] Case C: normal move, browser handles, then check
[21:21:03.395] #10 [GBI] → 21 (anchor=#text off=13)
[21:21:03.395] #11 [CASC]   after browser move: newBlk=21
[21:21:03.395] #12 [NED] isNonEditableBlock(21) type=heading → false
[21:21:03.871] #13 [═══] ═══════════════════════════════════════════
[21:21:03.871] #14 [KEY] keydown: ArrowLeft dir=-1 editMode=true
[21:21:03.871] #15 [KEY] currentCursor={"srcLine":22,"srcCol":16,"blockIndex":21}
[21:21:03.871] #16 [GBI] → 21 (anchor=#text off=13)
[21:21:03.871] #17 [NED] isNonEditableBlock(21) type=heading → false
[21:21:03.871] #18 [EDGE] isAtBlockEdge(-1) anchor='Mermaid 图表撒旦测试' off=13 firstText='Mermaid 图表撒旦测试' → false
[21:21:03.871] #19 [CASB] Case B: curBlk 21 atEdge(-1)=false
[21:21:03.871] #20 [CASC] Case C: normal move, browser handles, then check
[21:21:03.876] #21 [GBI] → 21 (anchor=#text off=12)
[21:21:03.877] #22 [CASC]   after browser move: newBlk=21
[21:21:03.877] #23 [NED] isNonEditableBlock(21) type=heading → false
[21:21:10.744] #24 [═══] ═══════════════════════════════════════════
[21:21:10.744] #25 [KEY] keydown: ArrowRight dir=1 editMode=true
[21:21:10.744] #26 [KEY] currentCursor={"srcLine":22,"srcCol":13,"blockIndex":21}
[21:21:10.744] #27 [GBI] → 21 (anchor=#text off=9)
[21:21:10.744] #28 [NED] isNonEditableBlock(21) type=heading → false
[21:21:10.744] #29 [EDGE] isAtBlockEdge(1) anchor='Mermaid 图表撒旦测试' off=9 lastText='Mermaid 图表撒旦测试' len=14 → false
[21:21:10.744] #30 [CASB] Case B: curBlk 21 atEdge(1)=false
[21:21:10.744] #31 [CASC] Case C: normal move, browser handles, then check
[21:21:10.747] #32 [GBI] → 21 (anchor=#text off=10)
[21:21:10.747] #33 [CASC]   after browser move: newBlk=21
[21:21:10.747] #34 [NED] isNonEditableBlock(21) type=heading → false
[21:21:10.975] #35 [═══] ═══════════════════════════════════════════
[21:21:10.975] #36 [KEY] keydown: ArrowRight dir=1 editMode=true
[21:21:10.975] #37 [KEY] currentCursor={"srcLine":22,"srcCol":13,"blockIndex":21}
[21:21:10.975] #38 [GBI] → 21 (anchor=#text off=10)
[21:21:10.975] #39 [NED] isNonEditableBlock(21) type=heading → false
[21:21:10.975] #40 [EDGE] isAtBlockEdge(1) anchor='Mermaid 图表撒旦测试' off=10 lastText='Mermaid 图表撒旦测试' len=14 → false
[21:21:10.975] #41 [CASB] Case B: curBlk 21 atEdge(1)=false
[21:21:10.975] #42 [CASC] Case C: normal move, browser handles, then check
[21:21:10.986] #43 [GBI] → 21 (anchor=#text off=11)
[21:21:10.986] #44 [CASC]   after browser move: newBlk=21
[21:21:10.986] #45 [NED] isNonEditableBlock(21) type=heading → false
[21:21:11.272] #46 [═══] ═══════════════════════════════════════════
[21:21:11.272] #47 [KEY] keydown: ArrowRight dir=1 editMode=true
[21:21:11.272] #48 [KEY] currentCursor={"srcLine":22,"srcCol":14,"blockIndex":21}
[21:21:11.272] #49 [GBI] → 21 (anchor=#text off=11)
[21:21:11.272] #50 [NED] isNonEditableBlock(21) type=heading → false
[21:21:11.273] #51 [EDGE] isAtBlockEdge(1) anchor='Mermaid 图表撒旦测试' off=11 lastText='Mermaid 图表撒旦测试' len=14 → false
[21:21:11.273] #52 [CASB] Case B: curBlk 21 atEdge(1)=false
[21:21:11.273] #53 [CASC] Case C: normal move, browser handles, then check
[21:21:11.278] #54 [GBI] → 21 (anchor=#text off=12)
[21:21:11.278] #55 [CASC]   after browser move: newBlk=21
[21:21:11.278] #56 [NED] isNonEditableBlock(21) type=heading → false
[21:21:45.092] #57 [NED] isNonEditableBlock(23) type=heading → false
[21:21:45.740] #58 [NED] isNonEditableBlock(23) type=heading → false
[21:21:46.866] #59 [NED] isNonEditableBlock(25) type=code_block → true
[21:21:47.232] #60 [NED] isNonEditableBlock(25) type=code_block → true
[21:21:48.077] #61 [NED] isNonEditableBlock(25) type=code_block → true
[21:21:48.078] #62 [NED] isNonEditableBlock(25) type=code_block → true
[21:22:18.315] #63 [NED] isNonEditableBlock(73) type=list → false
[21:22:20.376] #64 [NED] isNonEditableBlock(73) type=list → false
[21:22:21.541] #65 [═══] ═══════════════════════════════════════════
[21:22:21.542] #66 [KEY] keydown: ArrowLeft dir=-1 editMode=true
[21:22:21.542] #67 [KEY] currentCursor={"srcLine":117,"srcCol":26,"blockIndex":73}
[21:22:21.542] #68 [GBI] → 73 (anchor=#text off=4)
[21:22:21.542] #69 [NED] isNonEditableBlock(73) type=list → false
[21:22:21.542] #70 [EDGE] isAtBlockEdge(-1) anchor=' 核心定义' off=4 firstText='黄底粗体' → false
[21:22:21.542] #71 [CASB] Case B: curBlk 73 atEdge(-1)=false
[21:22:21.542] #72 [CASC] Case C: normal move, browser handles, then check
[21:22:21.550] #73 [GBI] → 73 (anchor=#text off=3)
[21:22:21.550] #74 [CASC]   after browser move: newBlk=73
[21:22:21.550] #75 [NED] isNonEditableBlock(73) type=list → false
[21:22:21.699] #76 [═══] ═══════════════════════════════════════════
[21:22:21.699] #77 [KEY] keydown: ArrowLeft dir=-1 editMode=true
[21:22:21.699] #78 [KEY] currentCursor={"srcLine":117,"srcCol":25,"blockIndex":73}
[21:22:21.699] #79 [GBI] → 73 (anchor=#text off=3)
[21:22:21.699] #80 [NED] isNonEditableBlock(73) type=list → false
[21:22:21.699] #81 [EDGE] isAtBlockEdge(-1) anchor=' 核心定义' off=3 firstText='黄底粗体' → false
[21:22:21.699] #82 [CASB] Case B: curBlk 73 atEdge(-1)=false
[21:22:21.699] #83 [CASC] Case C: normal move, browser handles, then check
[21:22:21.708] #84 [GBI] → 73 (anchor=#text off=2)
[21:22:21.708] #85 [CASC]   after browser move: newBlk=73
[21:22:21.708] #86 [NED] isNonEditableBlock(73) type=list → false
[21:22:21.850] #87 [═══] ═══════════════════════════════════════════
[21:22:21.850] #88 [KEY] keydown: ArrowLeft dir=-1 editMode=true
[21:22:21.850] #89 [KEY] currentCursor={"srcLine":117,"srcCol":24,"blockIndex":73}
[21:22:21.850] #90 [GBI] → 73 (anchor=#text off=2)
[21:22:21.850] #91 [NED] isNonEditableBlock(73) type=list → false
[21:22:21.850] #92 [EDGE] isAtBlockEdge(-1) anchor=' 核心定义' off=2 firstText='黄底粗体' → false
[21:22:21.850] #93 [CASB] Case B: curBlk 73 atEdge(-1)=false
[21:22:21.850] #94 [CASC] Case C: normal move, browser handles, then check
[21:22:21.859] #95 [GBI] → 73 (anchor=#text off=1)
[21:22:21.859] #96 [CASC]   after browser move: newBlk=73
[21:22:21.859] #97 [NED] isNonEditableBlock(73) type=list → false
[21:22:22.003] #98 [═══] ═══════════════════════════════════════════
[21:22:22.003] #99 [KEY] keydown: ArrowLeft dir=-1 editMode=true
[21:22:22.003] #100 [KEY] currentCursor={"srcLine":117,"srcCol":23,"blockIndex":73}
[21:22:22.003] #101 [GBI] → 73 (anchor=#text off=1)
[21:22:22.003] #102 [NED] isNonEditableBlock(73) type=list → false
[21:22:22.004] #103 [EDGE] isAtBlockEdge(-1) anchor=' 核心定义' off=1 firstText='黄底粗体' → false
[21:22:22.004] #104 [CASB] Case B: curBlk 73 atEdge(-1)=false
[21:22:22.004] #105 [CASC] Case C: normal move, browser handles, then check
[21:22:22.008] #106 [GBI] → 73 (anchor=#text off=3)
[21:22:22.008] #107 [CASC]   after browser move: newBlk=73
[21:22:22.008] #108 [NED] isNonEditableBlock(73) type=list → false
[21:22:22.785] #109 [═══] ═══════════════════════════════════════════
[21:22:22.785] #110 [KEY] keydown: ArrowLeft dir=-1 editMode=true
[21:22:22.786] #111 [KEY] currentCursor={"srcLine":117,"srcCol":20,"blockIndex":73}
[21:22:22.786] #112 [GBI] → 73 (anchor=#text off=3)
[21:22:22.786] #113 [NED] isNonEditableBlock(73) type=list → false
[21:22:22.786] #114 [EDGE] isAtBlockEdge(-1) anchor='mdp' off=3 firstText='黄底粗体' → false
[21:22:22.786] #115 [CASB] Case B: curBlk 73 atEdge(-1)=false
[21:22:22.786] #116 [CASC] Case C: normal move, browser handles, then check
[21:22:22.792] #117 [GBI] → 73 (anchor=#text off=2)
[21:22:22.792] #118 [CASC]   after browser move: newBlk=73
[21:22:22.792] #119 [NED] isNonEditableBlock(73) type=list → false
[21:22:30.999] #120 [NED] isNonEditableBlock(73) type=list → false
[21:22:32.018] #121 [NED] isNonEditableBlock(73) type=list → false
[21:22:32.996] #122 [NED] isNonEditableBlock(73) type=list → false
[21:22:37.524] #123 [NED] isNonEditableBlock(73) type=list → false
[21:23:37.931] #124 [NED] isNonEditableBlock(73) type=list → false
[21:23:41.355] #125 [DBL] ─── dblclick fired ───
[21:23:41.355] #126 [DBL] target=A class=m0-wikilink
[21:23:41.355] #127 [DBL] editMode off → return
[21:23:48.939] #128 [NED] isNonEditableBlock(73) type=list → false
[21:23:50.024] #129 [═══] ═══════════════════════════════════════════
[21:23:50.024] #130 [KEY] keydown: ArrowRight dir=1 editMode=true
[21:23:50.024] #131 [KEY] currentCursor={"srcLine":117,"srcCol":20,"blockIndex":73}
[21:23:50.024] #132 [GBI] → 73 (anchor=#text off=3)
[21:23:50.024] #133 [NED] isNonEditableBlock(73) type=list → false
[21:23:50.024] #134 [EDGE] isAtBlockEdge(1) anchor='mdp' off=3 lastText=' — 荧光笔内嵌链接（栈式解析' len=20 → false
[21:23:50.024] #135 [CASB] Case B: curBlk 73 atEdge(1)=false
[21:23:50.024] #136 [CASC] Case C: normal move, browser handles, then check
[21:23:50.032] #137 [GBI] → 73 (anchor=#text off=1)
[21:23:50.032] #138 [CASC]   after browser move: newBlk=73
[21:23:50.032] #139 [NED] isNonEditableBlock(73) type=list → false
[21:23:50.162] #140 [═══] ═══════════════════════════════════════════
[21:23:50.162] #141 [KEY] keydown: ArrowRight dir=1 editMode=true
[21:23:50.162] #142 [KEY] currentCursor={"srcLine":117,"srcCol":23,"blockIndex":73}
[21:23:50.162] #143 [GBI] → 73 (anchor=#text off=1)
[21:23:50.162] #144 [NED] isNonEditableBlock(73) type=list → false
[21:23:50.162] #145 [EDGE] isAtBlockEdge(1) anchor='核心定义' off=1 lastText=' — 荧光笔内嵌链接（栈式解析' len=20 → false
[21:23:50.162] #146 [CASB] Case B: curBlk 73 atEdge(1)=false
[21:23:50.162] #147 [CASC] Case C: normal move, browser handles, then check
[21:23:50.166] #148 [GBI] → 73 (anchor=#text off=2)
[21:23:50.166] #149 [CASC]   after browser move: newBlk=73
[21:23:50.166] #150 [NED] isNonEditableBlock(73) type=list → false
[21:23:50.333] #151 [═══] ═══════════════════════════════════════════
[21:23:50.333] #152 [KEY] keydown: ArrowRight dir=1 editMode=true
[21:23:50.333] #153 [KEY] currentCursor={"srcLine":117,"srcCol":24,"blockIndex":73}
[21:23:50.333] #154 [GBI] → 73 (anchor=#text off=2)
[21:23:50.333] #155 [NED] isNonEditableBlock(73) type=list → false
[21:23:50.333] #156 [EDGE] isAtBlockEdge(1) anchor='核心定义' off=2 lastText=' — 荧光笔内嵌链接（栈式解析' len=20 → false
[21:23:50.333] #157 [CASB] Case B: curBlk 73 atEdge(1)=false
[21:23:50.333] #158 [CASC] Case C: normal move, browser handles, then check
[21:23:50.340] #159 [GBI] → 73 (anchor=#text off=3)
[21:23:50.340] #160 [CASC]   after browser move: newBlk=73
[21:23:50.340] #161 [NED] isNonEditableBlock(73) type=list → false
[21:23:50.505] #162 [═══] ═══════════════════════════════════════════
[21:23:50.505] #163 [KEY] keydown: ArrowRight dir=1 editMode=true
[21:23:50.505] #164 [KEY] currentCursor={"srcLine":117,"srcCol":25,"blockIndex":73}
[21:23:50.505] #165 [GBI] → 73 (anchor=#text off=3)
[21:23:50.505] #166 [NED] isNonEditableBlock(73) type=list → false
[21:23:50.505] #167 [EDGE] isAtBlockEdge(1) anchor='核心定义' off=3 lastText=' — 荧光笔内嵌链接（栈式解析' len=20 → false
[21:23:50.505] #168 [CASB] Case B: curBlk 73 atEdge(1)=false
[21:23:50.505] #169 [CASC] Case C: normal move, browser handles, then check
[21:23:50.508] #170 [GBI] → 73 (anchor=#text off=4)
[21:23:50.508] #171 [CASC]   after browser move: newBlk=73
[21:23:50.508] #172 [NED] isNonEditableBlock(73) type=list → false
[21:23:54.384] #173 [DBL] ─── dblclick fired ───
[21:23:54.384] #174 [DBL] target=A class=m0-wikilink
[21:23:54.384] #175 [DBL] editMode off → return
[21:50:13.197] #1 [NED] isNonEditableBlock(73) type=list → false
[21:50:14.853] #2 [═══] ═══════════════════════════════════════════
[21:50:14.853] #3 [KEY] keydown: ArrowRight dir=1 editMode=true
[21:50:14.853] #4 [KEY] currentCursor={"srcLine":117,"srcCol":14,"blockIndex":73}
[21:50:14.853] #5 [GBI] → 73 (anchor=#text off=2)
[21:50:14.853] #6 [NED] isNonEditableBlock(73) type=list → false
[21:50:14.853] #7 [EDGE] isAtBlockEdge(1) anchor='参见 ' off=2 lastText=' — 荧光笔内嵌链接（栈式解析' len=20 → false
[21:50:14.853] #8 [CASB] Case B: curBlk 73 atEdge(1)=false
[21:50:14.853] #9 [CASC] Case C: normal move, browser handles, then check
[21:50:14.855] #10 [GBI] → 73 (anchor=#text off=3)
[21:50:14.855] #11 [CASC]   after browser move: newBlk=73
[21:50:14.855] #12 [NED] isNonEditableBlock(73) type=list → false
[21:50:15.407] #13 [═══] ═══════════════════════════════════════════
[21:50:15.407] #14 [KEY] keydown: ArrowRight dir=1 editMode=true
[21:50:15.407] #15 [KEY] currentCursor={"srcLine":117,"srcCol":15,"blockIndex":73}
[21:50:15.407] #16 [GBI] → 73 (anchor=#text off=3)
[21:50:15.407] #17 [NED] isNonEditableBlock(73) type=list → false
[21:50:15.407] #18 [EDGE] isAtBlockEdge(1) anchor='参见 ' off=3 lastText=' — 荧光笔内嵌链接（栈式解析' len=20 → false
[21:50:15.407] #19 [CASB] Case B: curBlk 73 atEdge(1)=false
[21:50:15.407] #20 [CASC] Case C: normal move, browser handles, then check
[21:50:15.414] #21 [GBI] → 73 (anchor=#text off=0)
[21:50:15.414] #22 [CASC]   after browser move: newBlk=73
[21:50:15.414] #23 [NED] isNonEditableBlock(73) type=list → false
[21:50:16.666] #24 [═══] ═══════════════════════════════════════════
[21:50:16.666] #25 [KEY] keydown: ArrowLeft dir=-1 editMode=true
[21:50:16.666] #26 [KEY] currentCursor={"srcLine":117,"srcCol":22,"blockIndex":73}
[21:50:16.666] #27 [GBI] → 73 (anchor=#text off=0)
[21:50:16.666] #28 [NED] isNonEditableBlock(73) type=list → false
[21:50:16.666] #29 [EDGE] isAtBlockEdge(-1) anchor='核心定义' off=0 firstText='黄底粗体' → false
[21:50:16.666] #30 [CASB] Case B: curBlk 73 atEdge(-1)=false
[21:50:16.666] #31 [CASC] Case C: normal move, browser handles, then check
[21:50:16.672] #32 [GBI] → 73 (anchor=#text off=3)
[21:50:16.672] #33 [CASC]   after browser move: newBlk=73
[21:50:16.672] #34 [NED] isNonEditableBlock(73) type=list → false
[21:50:17.057] #35 [═══] ═══════════════════════════════════════════
[21:50:17.057] #36 [KEY] keydown: ArrowLeft dir=-1 editMode=true
[21:50:17.057] #37 [KEY] currentCursor={"srcLine":117,"srcCol":15,"blockIndex":73}
[21:50:17.057] #38 [GBI] → 73 (anchor=#text off=3)
[21:50:17.057] #39 [NED] isNonEditableBlock(73) type=list → false
[21:50:17.057] #40 [EDGE] isAtBlockEdge(-1) anchor='参见 ' off=3 firstText='黄底粗体' → false
[21:50:17.057] #41 [CASB] Case B: curBlk 73 atEdge(-1)=false
[21:50:17.057] #42 [CASC] Case C: normal move, browser handles, then check
[21:50:17.064] #43 [GBI] → 73 (anchor=#text off=2)
[21:50:17.064] #44 [CASC]   after browser move: newBlk=73
[21:50:17.064] #45 [NED] isNonEditableBlock(73) type=list → false
[21:50:17.396] #46 [═══] ═══════════════════════════════════════════
[21:50:17.396] #47 [KEY] keydown: ArrowRight dir=1 editMode=true
[21:50:17.396] #48 [KEY] currentCursor={"srcLine":117,"srcCol":14,"blockIndex":73}
[21:50:17.396] #49 [GBI] → 73 (anchor=#text off=2)
[21:50:17.396] #50 [NED] isNonEditableBlock(73) type=list → false
[21:50:17.396] #51 [EDGE] isAtBlockEdge(1) anchor='参见 ' off=2 lastText=' — 荧光笔内嵌链接（栈式解析' len=20 → false
[21:50:17.396] #52 [CASB] Case B: curBlk 73 atEdge(1)=false
[21:50:17.396] #53 [CASC] Case C: normal move, browser handles, then check
[21:50:17.405] #54 [GBI] → 73 (anchor=#text off=3)
[21:50:17.405] #55 [CASC]   after browser move: newBlk=73
[21:50:17.405] #56 [NED] isNonEditableBlock(73) type=list → false
[21:50:17.640] #57 [═══] ═══════════════════════════════════════════
[21:50:17.640] #58 [KEY] keydown: ArrowRight dir=1 editMode=true
[21:50:17.640] #59 [KEY] currentCursor={"srcLine":117,"srcCol":15,"blockIndex":73}
[21:50:17.640] #60 [GBI] → 73 (anchor=#text off=3)
[21:50:17.640] #61 [NED] isNonEditableBlock(73) type=list → false
[21:50:17.640] #62 [EDGE] isAtBlockEdge(1) anchor='参见 ' off=3 lastText=' — 荧光笔内嵌链接（栈式解析' len=20 → false
[21:50:17.640] #63 [CASB] Case B: curBlk 73 atEdge(1)=false
[21:50:17.640] #64 [CASC] Case C: normal move, browser handles, then check
[21:50:17.649] #65 [GBI] → 73 (anchor=#text off=0)
[21:50:17.649] #66 [CASC]   after browser move: newBlk=73
[21:50:17.649] #67 [NED] isNonEditableBlock(73) type=list → false
[21:50:18.653] #68 [═══] ═══════════════════════════════════════════
[21:50:18.653] #69 [KEY] keydown: ArrowLeft dir=-1 editMode=true
[21:50:18.653] #70 [KEY] currentCursor={"srcLine":117,"srcCol":22,"blockIndex":73}
[21:50:18.653] #71 [GBI] → 73 (anchor=#text off=0)
[21:50:18.653] #72 [NED] isNonEditableBlock(73) type=list → false
[21:50:18.653] #73 [EDGE] isAtBlockEdge(-1) anchor='核心定义' off=0 firstText='黄底粗体' → false
[21:50:18.653] #74 [CASB] Case B: curBlk 73 atEdge(-1)=false
[21:50:18.653] #75 [CASC] Case C: normal move, browser handles, then check
[21:50:18.656] #76 [GBI] → 73 (anchor=#text off=3)
[21:50:18.656] #77 [CASC]   after browser move: newBlk=73
[21:50:18.656] #78 [NED] isNonEditableBlock(73) type=list → false
[21:50:21.037] #79 [NED] isNonEditableBlock(73) type=list → false
[21:50:24.493] #80 [NED] isNonEditableBlock(67) type=list → false
[21:53:27.830] #1 [NED] isNonEditableBlock(1) type=heading → false
[21:55:17.258] #1 [NED] isNonEditableBlock(1) type=heading → false
[21:56:08.582] #2 [NED] isNonEditableBlock(7) type=heading → false
[22:01:08.604] #1 [NED] isNonEditableBlock(1) type=heading → false
[22:05:26.443] #1 [NED] isNonEditableBlock(1) type=heading → false
[22:37:04.563] #1 [NED] isNonEditableBlock(1) type=heading → false
[22:37:17.187] #2 [NED] isNonEditableBlock(1) type=heading → false
[22:37:18.224] #3 [NED] isNonEditableBlock(1) type=heading → false
[22:37:27.871] #4 [NED] isNonEditableBlock(25) type=code_block → true
[22:37:27.871] #5 [MOUSE] mouseup on non-editable block 25 → skip sync (allow dblclick)
[22:37:36.405] #6 [NED] isNonEditableBlock(27) type=heading → false
[22:37:39.426] #7 [NED] isNonEditableBlock(39) type=paragraph → false
[22:37:43.668] #8 [NED] isNonEditableBlock(39) type=paragraph → false
[22:37:48.661] #9 [NED] isNonEditableBlock(39) type=paragraph → false
[22:37:50.778] #10 [NED] isNonEditableBlock(43) type=list → false
[22:38:07.535] #11 [NED] isNonEditableBlock(39) type=paragraph → false
[22:38:37.169] #12 [NED] isNonEditableBlock(44) type=list → false
[22:38:57.533] #13 [NED] isNonEditableBlock(112) type=table → true
[22:38:57.533] #14 [MOUSE] mouseup on non-editable block 112 → skip sync (allow dblclick)
[22:38:58.221] #15 [NED] isNonEditableBlock(112) type=table → true
[22:38:58.221] #16 [MOUSE] mouseup on non-editable block 112 → skip sync (allow dblclick)
[22:38:59.286] #17 [NED] isNonEditableBlock(112) type=table → true
[22:38:59.286] #18 [MOUSE] mouseup on non-editable block 112 → skip sync (allow dblclick)
[22:38:59.453] #19 [NED] isNonEditableBlock(112) type=table → true
[22:38:59.453] #20 [MOUSE] mouseup on non-editable block 112 → skip sync (allow dblclick)
[22:38:59.453] #21 [DBL] ─── dblclick fired ───
[22:38:59.453] #22 [DBL] target=TH class=
[22:38:59.453] #23 [DBL] found .m0-src-block bi=112 tag=TABLE ce=false
[22:38:59.453] #24 [NED] isNonEditableBlock(112) type=table → true
[22:38:59.453] #25 [DBL] isNonEditableBlock(112)=true
[22:38:59.453] #26 [DBL] → enterBlockEditMode(112)
[22:39:00.052] #27 [NED] isNonEditableBlock(112) type=table → true
[22:39:00.052] #28 [MOUSE] mouseup on non-editable block 112 → skip sync (allow dblclick)
[22:39:00.790] #29 [NED] isNonEditableBlock(112) type=table → true
[22:39:00.790] #30 [MOUSE] mouseup on non-editable block 112 → skip sync (allow dblclick)
[22:39:05.926] #31 [NED] isNonEditableBlock(112) type=table → true
[22:39:05.926] #32 [MOUSE] mouseup on non-editable block 112 → skip sync (allow dblclick)
[22:39:44.600] #33 [NED] isNonEditableBlock(62) type=list → false
[22:39:53.591] #34 [NED] isNonEditableBlock(44) type=list → false
[22:41:16.651] #35 [NED] isNonEditableBlock(46) type=heading → false
[22:41:23.782] #36 [NED] isNonEditableBlock(46) type=heading → false
[22:41:25.061] #37 [═══] ═══════════════════════════════════════════
[22:41:25.061] #38 [KEY] keydown: ArrowLeft dir=-1 editMode=true
[22:41:25.061] #39 [KEY] currentCursor={"srcLine":74,"srcCol":8,"blockIndex":46}
[22:41:25.061] #40 [GBI] → 47 (anchor=#text off=0)
[22:41:25.061] #41 [NED] isNonEditableBlock(47) type=paragraph → false
[22:41:25.061] #42 [EDGE] isAtBlockEdge(-1) anchor='笔' off=0 firstText='笔' → true
[22:41:25.061] #43 [CASB] Case B: curBlk 47 atEdge(-1)=true
[22:41:25.061] #44 [CASB]   nextBlk=46
[22:41:25.061] #45 [NED] isNonEditableBlock(46) type=heading → false
[22:41:25.061] #46 [CASB]   nextBlk editable or out of range → no skip
[22:41:25.061] #47 [CASC] Case C: normal move, browser handles, then check
[22:41:25.063] #48 [GBI] → 46 (anchor=#text off=4)
[22:41:25.063] #49 [CASC]   after browser move: newBlk=46
[22:41:25.063] #50 [NED] isNonEditableBlock(46) type=heading → false
[22:41:25.676] #51 [═══] ═══════════════════════════════════════════
[22:41:25.676] #52 [KEY] keydown: ArrowRight dir=1 editMode=true
[22:41:25.676] #53 [KEY] currentCursor={"srcLine":74,"srcCol":8,"blockIndex":46}
[22:41:25.676] #54 [GBI] → 46 (anchor=#text off=4)
[22:41:25.676] #55 [NED] isNonEditableBlock(46) type=heading → false
[22:41:25.676] #56 [EDGE] isAtBlockEdge(1) anchor='命名荧光' off=4 lastText='命名荧光' len=4 → true
[22:41:25.676] #57 [CASB] Case B: curBlk 46 atEdge(1)=true
[22:41:25.676] #58 [CASB]   nextBlk=47
[22:41:25.676] #59 [NED] isNonEditableBlock(47) type=paragraph → false
[22:41:25.676] #60 [CASB]   nextBlk editable or out of range → no skip
[22:41:25.676] #61 [CASC] Case C: normal move, browser handles, then check
[22:41:25.679] #62 [GBI] → 47 (anchor=#text off=0)
[22:41:25.679] #63 [CASC]   after browser move: newBlk=47
[22:41:25.679] #64 [NED] isNonEditableBlock(47) type=paragraph → false
[22:41:28.986] #65 [═══] ═══════════════════════════════════════════
[22:41:28.986] #66 [KEY] keydown: ArrowRight dir=1 editMode=true
[22:41:28.986] #67 [KEY] currentCursor={"srcLine":75,"srcCol":3,"blockIndex":47}
[22:41:28.986] #68 [GBI] → 47 (anchor=#text off=4)
[22:41:28.986] #69 [NED] isNonEditableBlock(47) type=paragraph → false
[22:41:28.986] #70 [EDGE] isAtBlockEdge(1) anchor='### 笔' off=4 lastText='### 笔' len=5 → false
[22:41:28.986] #71 [CASB] Case B: curBlk 47 atEdge(1)=false
[22:41:28.986] #72 [CASC] Case C: normal move, browser handles, then check
[22:41:28.988] #73 [GBI] → 47 (anchor=#text off=5)
[22:41:28.988] #74 [CASC]   after browser move: newBlk=47
[22:41:28.988] #75 [NED] isNonEditableBlock(47) type=paragraph → false
[22:41:29.705] #76 [═══] ═══════════════════════════════════════════
[22:41:29.705] #77 [KEY] keydown: ArrowDown dir=1 editMode=true
[22:41:29.705] #78 [KEY] currentCursor={"srcLine":75,"srcCol":5,"blockIndex":47}
[22:41:29.705] #79 [GBI] → 47 (anchor=#text off=5)
[22:41:29.705] #80 [NED] isNonEditableBlock(47) type=paragraph → false
[22:41:29.705] #81 [EDGE] isAtBlockEdge(1) anchor='### 笔' off=5 lastText='### 笔' len=5 → true
[22:41:29.705] #82 [CASB] Case B: curBlk 47 atEdge(1)=true
[22:41:29.705] #83 [CASB]   nextBlk=48
[22:41:29.705] #84 [NED] isNonEditableBlock(48) type=blank_line → false
[22:41:29.705] #85 [CASB]   nextBlk editable or out of range → no skip
[22:41:29.705] #86 [CASC] Case C: normal move, browser handles, then check
[22:41:29.712] #87 [GBI] → 48 (anchor=DIV off=0)
[22:41:29.712] #88 [CASC]   after browser move: newBlk=48
[22:41:29.712] #89 [NED] isNonEditableBlock(48) type=blank_line → false
[22:41:29.933] #90 [═══] ═══════════════════════════════════════════
[22:41:29.933] #91 [KEY] keydown: ArrowUp dir=-1 editMode=true
[22:41:29.933] #92 [KEY] currentCursor={"srcLine":76,"srcCol":0,"blockIndex":48}
[22:41:29.933] #93 [GBI] → 48 (anchor=DIV off=0)
[22:41:29.933] #94 [NED] isNonEditableBlock(48) type=blank_line → false
[22:41:29.933] #95 [EDGE] isAtBlockEdge(-1) → false (no firstText)
[22:41:29.933] #96 [CASB] Case B: curBlk 48 atEdge(-1)=false
[22:41:29.933] #97 [CASC] Case C: normal move, browser handles, then check
[22:41:29.935] #98 [GBI] → 47 (anchor=#text off=5)
[22:41:29.935] #99 [CASC]   after browser move: newBlk=47
[22:41:29.935] #100 [NED] isNonEditableBlock(47) type=paragraph → false
[22:41:30.182] #101 [═══] ═══════════════════════════════════════════
[22:41:30.182] #102 [KEY] keydown: ArrowUp dir=-1 editMode=true
[22:41:30.182] #103 [KEY] currentCursor={"srcLine":75,"srcCol":5,"blockIndex":47}
[22:41:30.182] #104 [GBI] → 47 (anchor=#text off=5)
[22:41:30.182] #105 [NED] isNonEditableBlock(47) type=paragraph → false
[22:41:30.182] #106 [EDGE] isAtBlockEdge(-1) anchor='### 笔' off=5 firstText='### 笔' → false
[22:41:30.182] #107 [CASB] Case B: curBlk 47 atEdge(-1)=false
[22:41:30.182] #108 [CASC] Case C: normal move, browser handles, then check
[22:41:30.187] #109 [GBI] → 46 (anchor=#text off=2)
[22:41:30.187] #110 [CASC]   after browser move: newBlk=46
[22:41:30.187] #111 [NED] isNonEditableBlock(46) type=heading → false
[22:41:31.198] #112 [═══] ═══════════════════════════════════════════
[22:41:31.198] #113 [KEY] keydown: ArrowDown dir=1 editMode=true
[22:41:31.198] #114 [KEY] currentCursor={"srcLine":74,"srcCol":6,"blockIndex":46}
[22:41:31.198] #115 [GBI] → 46 (anchor=#text off=2)
[22:41:31.198] #116 [NED] isNonEditableBlock(46) type=heading → false
[22:41:31.198] #117 [EDGE] isAtBlockEdge(1) anchor='命名荧光' off=2 lastText='命名荧光' len=4 → false
[22:41:31.198] #118 [CASB] Case B: curBlk 46 atEdge(1)=false
[22:41:31.198] #119 [CASC] Case C: normal move, browser handles, then check
[22:41:31.203] #120 [GBI] → 47 (anchor=#text off=5)
[22:41:31.203] #121 [CASC]   after browser move: newBlk=47
[22:41:31.203] #122 [NED] isNonEditableBlock(47) type=paragraph → false
[22:41:31.599] #123 [═══] ═══════════════════════════════════════════
[22:41:31.599] #124 [KEY] keydown: ArrowLeft dir=-1 editMode=true
[22:41:31.599] #125 [KEY] currentCursor={"srcLine":75,"srcCol":5,"blockIndex":47}
[22:41:31.599] #126 [GBI] → 47 (anchor=#text off=5)
[22:41:31.599] #127 [NED] isNonEditableBlock(47) type=paragraph → false
[22:41:31.599] #128 [EDGE] isAtBlockEdge(-1) anchor='### 笔' off=5 firstText='### 笔' → false
[22:41:31.599] #129 [CASB] Case B: curBlk 47 atEdge(-1)=false
[22:41:31.599] #130 [CASC] Case C: normal move, browser handles, then check
[22:41:31.603] #131 [GBI] → 47 (anchor=#text off=4)
[22:41:31.603] #132 [CASC]   after browser move: newBlk=47
[22:41:31.603] #133 [NED] isNonEditableBlock(47) type=paragraph → false
[22:41:31.784] #134 [═══] ═══════════════════════════════════════════
[22:41:31.784] #135 [KEY] keydown: ArrowLeft dir=-1 editMode=true
[22:41:31.784] #136 [KEY] currentCursor={"srcLine":75,"srcCol":4,"blockIndex":47}
[22:41:31.784] #137 [GBI] → 47 (anchor=#text off=4)
[22:41:31.784] #138 [NED] isNonEditableBlock(47) type=paragraph → false
[22:41:31.784] #139 [EDGE] isAtBlockEdge(-1) anchor='### 笔' off=4 firstText='### 笔' → false
[22:41:31.784] #140 [CASB] Case B: curBlk 47 atEdge(-1)=false
[22:41:31.784] #141 [CASC] Case C: normal move, browser handles, then check
[22:41:31.787] #142 [GBI] → 47 (anchor=#text off=3)
[22:41:31.787] #143 [CASC]   after browser move: newBlk=47
[22:41:31.787] #144 [NED] isNonEditableBlock(47) type=paragraph → false
[22:44:53.830] #1 [NED] isNonEditableBlock(44) type=list → false
[22:45:03.290] #2 [NED] isNonEditableBlock(51) type=paragraph → false
[22:45:18.740] #3 [NED] isNonEditableBlock(51) type=paragraph → false
[22:45:33.087] #4 [NED] isNonEditableBlock(101) type=paragraph → false
[22:45:39.059] #5 [NED] isNonEditableBlock(101) type=paragraph → false
[22:45:46.831] #6 [NED] isNonEditableBlock(109) type=paragraph → false
[22:45:50.588] #7 [NED] isNonEditableBlock(75) type=list → false
[22:45:56.172] #8 [NED] isNonEditableBlock(75) type=list → false
[22:46:04.343] #9 [NED] isNonEditableBlock(75) type=list → false
[22:46:13.395] #10 [NED] isNonEditableBlock(75) type=list → false
[22:46:29.090] #11 [NED] isNonEditableBlock(75) type=list → false
[22:46:29.161] #12 [NED] isNonEditableBlock(75) type=list → false
[22:46:29.772] #13 [NED] isNonEditableBlock(75) type=list → false
[22:46:30.127] #14 [NED] isNonEditableBlock(75) type=list → false
[22:46:30.346] #15 [NED] isNonEditableBlock(75) type=list → false
[22:46:31.219] #16 [NED] isNonEditableBlock(75) type=list → false
[22:46:31.278] #17 [NED] isNonEditableBlock(75) type=list → false
[22:46:31.454] #18 [NED] isNonEditableBlock(75) type=list → false
[22:46:37.358] #19 [NED] isNonEditableBlock(75) type=list → false
[22:46:38.612] #20 [NED] isNonEditableBlock(75) type=list → false
[22:46:38.826] #21 [NED] isNonEditableBlock(75) type=list → false
[22:46:39.007] #22 [NED] isNonEditableBlock(75) type=list → false
[22:46:39.412] #23 [NED] isNonEditableBlock(75) type=list → false
[22:46:43.412] #24 [NED] isNonEditableBlock(69) type=list → false
[22:46:54.501] #25 [NED] isNonEditableBlock(69) type=list → false
[22:47:00.450] #26 [NED] isNonEditableBlock(69) type=list → false
[22:47:01.141] #27 [NED] isNonEditableBlock(69) type=list → false
[22:47:02.959] #28 [NED] isNonEditableBlock(69) type=list → false
[22:47:47.589] #29 [NED] isNonEditableBlock(69) type=list → false
[22:47:53.078] #30 [NED] isNonEditableBlock(68) type=blank_line → false
[22:47:54.972] #31 [NED] isNonEditableBlock(69) type=list → false
[22:48:01.937] #32 [NED] isNonEditableBlock(70) type=blank_line → false
[22:48:04.391] #33 [═══] ═══════════════════════════════════════════
[22:48:04.391] #34 [KEY] keydown: ArrowLeft dir=-1 editMode=true
[22:48:04.391] #35 [KEY] currentCursor={"srcLine":109,"srcCol":0,"blockIndex":70}
[22:48:04.391] #36 [GBI] → 70 (anchor=DIV off=0)
[22:48:04.391] #37 [NED] isNonEditableBlock(70) type=blank_line → false
[22:48:04.392] #38 [EDGE] isAtBlockEdge(-1) → false (no firstText)
[22:48:04.392] #39 [CASB] Case B: curBlk 70 atEdge(-1)=false
[22:48:04.392] #40 [CASC] Case C: normal move, browser handles, then check
[22:48:04.396] #41 [GBI] → 69 (anchor=#text off=3)
[22:48:04.396] #42 [CASC]   after browser move: newBlk=69
[22:48:04.396] #43 [NED] isNonEditableBlock(69) type=list → false
[22:48:04.747] #44 [═══] ═══════════════════════════════════════════
[22:48:04.747] #45 [KEY] keydown: ArrowLeft dir=-1 editMode=true
[22:48:04.747] #46 [KEY] currentCursor={"srcLine":108,"srcCol":22,"blockIndex":69}
[22:48:04.747] #47 [GBI] → 69 (anchor=#text off=3)
[22:48:04.747] #48 [NED] isNonEditableBlock(69) type=list → false
[22:48:04.747] #49 [EDGE] isAtBlockEdge(-1) anchor=' 链接' off=3 firstText='粗体文本' → false
[22:48:04.747] #50 [CASB] Case B: curBlk 69 atEdge(-1)=false
[22:48:04.747] #51 [CASC] Case C: normal move, browser handles, then check
[22:48:04.755] #52 [GBI] → 69 (anchor=#text off=2)
[22:48:04.755] #53 [CASC]   after browser move: newBlk=69
[22:48:04.755] #54 [NED] isNonEditableBlock(69) type=list → false
[22:48:05.459] #55 [═══] ═══════════════════════════════════════════
[22:48:05.459] #56 [KEY] keydown: ArrowRight dir=1 editMode=true
[22:48:05.459] #57 [KEY] currentCursor={"srcLine":108,"srcCol":21,"blockIndex":69}
[22:48:05.459] #58 [GBI] → 69 (anchor=#text off=2)
[22:48:05.459] #59 [NED] isNonEditableBlock(69) type=list → false
[22:48:05.459] #60 [EDGE] isAtBlockEdge(1) anchor=' 链接' off=2 lastText=' 链接' len=3 → false
[22:48:05.459] #61 [CASB] Case B: curBlk 69 atEdge(1)=false
[22:48:05.459] #62 [CASC] Case C: normal move, browser handles, then check
[22:48:05.463] #63 [GBI] → 69 (anchor=#text off=3)
[22:48:05.463] #64 [CASC]   after browser move: newBlk=69
[22:48:05.463] #65 [NED] isNonEditableBlock(69) type=list → false
[22:48:05.659] #66 [═══] ═══════════════════════════════════════════
[22:48:05.659] #67 [KEY] keydown: ArrowRight dir=1 editMode=true
[22:48:05.659] #68 [KEY] currentCursor={"srcLine":108,"srcCol":22,"blockIndex":69}
[22:48:05.659] #69 [GBI] → 69 (anchor=#text off=3)
[22:48:05.659] #70 [NED] isNonEditableBlock(69) type=list → false
[22:48:05.659] #71 [EDGE] isAtBlockEdge(1) anchor=' 链接' off=3 lastText=' 链接' len=3 → true
[22:48:05.659] #72 [CASB] Case B: curBlk 69 atEdge(1)=true
[22:48:05.659] #73 [CASB]   nextBlk=70
[22:48:05.659] #74 [NED] isNonEditableBlock(70) type=blank_line → false
[22:48:05.659] #75 [CASB]   nextBlk editable or out of range → no skip
[22:48:05.659] #76 [CASC] Case C: normal move, browser handles, then check
[22:48:05.663] #77 [GBI] → 70 (anchor=DIV off=0)
[22:48:05.663] #78 [CASC]   after browser move: newBlk=70
[22:48:05.663] #79 [NED] isNonEditableBlock(70) type=blank_line → false
[22:48:06.256] #80 [═══] ═══════════════════════════════════════════
[22:48:06.256] #81 [KEY] keydown: ArrowUp dir=-1 editMode=true
[22:48:06.256] #82 [KEY] currentCursor={"srcLine":109,"srcCol":0,"blockIndex":70}
[22:48:06.256] #83 [GBI] → 70 (anchor=DIV off=0)
[22:48:06.256] #84 [NED] isNonEditableBlock(70) type=blank_line → false
[22:48:06.256] #85 [EDGE] isAtBlockEdge(-1) → false (no firstText)
[22:48:06.256] #86 [CASB] Case B: curBlk 70 atEdge(-1)=false
[22:48:06.256] #87 [CASC] Case C: normal move, browser handles, then check
[22:48:06.259] #88 [GBI] → 69 (anchor=#text off=0)
[22:48:06.259] #89 [CASC]   after browser move: newBlk=69
[22:48:06.259] #90 [NED] isNonEditableBlock(69) type=list → false
[22:48:07.324] #91 [═══] ═══════════════════════════════════════════
[22:48:07.324] #92 [KEY] keydown: ArrowDown dir=1 editMode=true
[22:48:07.324] #93 [KEY] currentCursor={"srcLine":108,"srcCol":7,"blockIndex":69}
[22:48:07.324] #94 [GBI] → 69 (anchor=#text off=0)
[22:48:07.324] #95 [NED] isNonEditableBlock(69) type=list → false
[22:48:07.324] #96 [EDGE] isAtBlockEdge(1) anchor='粗体中含 ' off=0 lastText=' 链接' len=3 → false
[22:48:07.324] #97 [CASB] Case B: curBlk 69 atEdge(1)=false
[22:48:07.324] #98 [CASC] Case C: normal move, browser handles, then check
[22:48:07.329] #99 [GBI] → 70 (anchor=DIV off=0)
[22:48:07.330] #100 [CASC]   after browser move: newBlk=70
[22:48:07.330] #101 [NED] isNonEditableBlock(70) type=blank_line → false
[22:48:07.719] #102 [═══] ═══════════════════════════════════════════
[22:48:07.719] #103 [KEY] keydown: ArrowUp dir=-1 editMode=true
[22:48:07.719] #104 [KEY] currentCursor={"srcLine":109,"srcCol":0,"blockIndex":70}
[22:48:07.719] #105 [GBI] → 70 (anchor=DIV off=0)
[22:48:07.719] #106 [NED] isNonEditableBlock(70) type=blank_line → false
[22:48:07.719] #107 [EDGE] isAtBlockEdge(-1) → false (no firstText)
[22:48:07.719] #108 [CASB] Case B: curBlk 70 atEdge(-1)=false
[22:48:07.719] #109 [CASC] Case C: normal move, browser handles, then check
[22:48:07.722] #110 [GBI] → 69 (anchor=#text off=0)
[22:48:07.722] #111 [CASC]   after browser move: newBlk=69
[22:48:07.722] #112 [NED] isNonEditableBlock(69) type=list → false
[22:48:07.944] #113 [═══] ═══════════════════════════════════════════
[22:48:07.944] #114 [KEY] keydown: ArrowRight dir=1 editMode=true
[22:48:07.944] #115 [KEY] currentCursor={"srcLine":108,"srcCol":7,"blockIndex":69}
[22:48:07.944] #116 [GBI] → 69 (anchor=#text off=0)
[22:48:07.944] #117 [NED] isNonEditableBlock(69) type=list → false
[22:48:07.945] #118 [EDGE] isAtBlockEdge(1) anchor='粗体中含 ' off=0 lastText=' 链接' len=3 → false
[22:48:07.945] #119 [CASB] Case B: curBlk 69 atEdge(1)=false
[22:48:07.945] #120 [CASC] Case C: normal move, browser handles, then check
[22:48:07.956] #121 [GBI] → 69 (anchor=#text off=1)
[22:48:07.956] #122 [CASC]   after browser move: newBlk=69
[22:48:07.956] #123 [NED] isNonEditableBlock(69) type=list → false
[22:48:08.118] #124 [═══] ═══════════════════════════════════════════
[22:48:08.118] #125 [KEY] keydown: ArrowRight dir=1 editMode=true
[22:48:08.118] #126 [KEY] currentCursor={"srcLine":108,"srcCol":8,"blockIndex":69}
[22:48:08.118] #127 [GBI] → 69 (anchor=#text off=1)
[22:48:08.118] #128 [NED] isNonEditableBlock(69) type=list → false
[22:48:08.118] #129 [EDGE] isAtBlockEdge(1) anchor='粗体中含 ' off=1 lastText=' 链接' len=3 → false
[22:48:08.118] #130 [CASB] Case B: curBlk 69 atEdge(1)=false
[22:48:08.118] #131 [CASC] Case C: normal move, browser handles, then check
[22:48:08.121] #132 [GBI] → 69 (anchor=#text off=2)
[22:48:08.121] #133 [CASC]   after browser move: newBlk=69
[22:48:08.121] #134 [NED] isNonEditableBlock(69) type=list → false
[22:48:15.827] #135 [NED] isNonEditableBlock(69) type=list → false
[22:48:27.176] #136 [NED] isNonEditableBlock(69) type=list → false
[22:48:34.084] #137 [NED] isNonEditableBlock(69) type=list → false
[22:48:41.668] #138 [NED] isNonEditableBlock(69) type=list → false
[22:48:47.192] #139 [NED] isNonEditableBlock(69) type=list → false
[22:48:47.770] #140 [NED] isNonEditableBlock(69) type=list → false
[22:48:49.577] #141 [NED] isNonEditableBlock(69) type=list → false
[22:48:49.759] #142 [NED] isNonEditableBlock(69) type=list → false
[22:48:49.940] #143 [NED] isNonEditableBlock(69) type=list → false
[22:48:50.063] #144 [NED] isNonEditableBlock(69) type=list → false
[22:48:50.249] #145 [NED] isNonEditableBlock(69) type=list → false
[22:48:50.621] #146 [NED] isNonEditableBlock(70) type=paragraph → false
[22:48:50.978] #147 [NED] isNonEditableBlock(70) type=paragraph → false
[22:48:51.391] #148 [NED] isNonEditableBlock(70) type=paragraph → false
[22:48:51.793] #149 [NED] isNonEditableBlock(70) type=paragraph → false
[22:49:13.905] #150 [NED] isNonEditableBlock(69) type=list → false
[22:50:50.050] #151 [NED] isNonEditableBlock(75) type=list → false
[22:50:51.617] #152 [NED] isNonEditableBlock(75) type=list → false
[22:51:02.682] #153 [NED] isNonEditableBlock(75) type=list → false
[22:51:04.383] #154 [NED] isNonEditableBlock(75) type=list → false
[22:51:08.100] #155 [NED] isNonEditableBlock(75) type=list → false
[22:51:09.220] #156 [NED] isNonEditableBlock(75) type=list → false
[22:51:09.672] #157 [NED] isNonEditableBlock(75) type=list → false
[22:51:10.181] #158 [NED] isNonEditableBlock(75) type=list → false
[22:51:11.468] #159 [NED] isNonEditableBlock(75) type=list → false
[22:51:11.651] #160 [NED] isNonEditableBlock(75) type=list → false
[22:51:12.652] #161 [NED] isNonEditableBlock(75) type=list → false
[22:51:13.340] #162 [NED] isNonEditableBlock(75) type=list → false
[22:51:13.517] #163 [NED] isNonEditableBlock(75) type=list → false
[22:51:15.736] #164 [NED] isNonEditableBlock(75) type=list → false
[22:51:16.169] #165 [NED] isNonEditableBlock(75) type=list → false
[22:51:16.504] #166 [NED] isNonEditableBlock(75) type=list → false
[22:51:16.854] #167 [NED] isNonEditableBlock(75) type=list → false
[22:51:17.117] #168 [NED] isNonEditableBlock(75) type=list → false
[22:51:18.557] #169 [NED] isNonEditableBlock(75) type=list → false
[22:52:21.899] #170 [NED] isNonEditableBlock(71) type=heading → false
[23:00:09.513] #1 [NED] isNonEditableBlock(75) type=list → false
[23:00:17.571] #2 [═══] ═══════════════════════════════════════════
[23:00:17.571] #3 [KEY] keydown: ArrowRight dir=1 editMode=true
[23:00:17.571] #4 [KEY] currentCursor={"srcLine":121,"srcCol":12,"blockIndex":75}
[23:00:17.571] #5 [GBI] → 75 (anchor=#text off=1)
[23:00:17.571] #6 [NED] isNonEditableBlock(75) type=list → false
[23:00:17.571] #7 [EDGE] isAtBlockEdge(1) anchor='参见 ' off=1 lastText=' — 荧光笔内嵌链接（栈式解析' len=20 → false
[23:00:17.571] #8 [CASB] Case B: curBlk 75 atEdge(1)=false
[23:00:17.571] #9 [CASC] Case C: normal move, browser handles, then check
[23:00:17.574] #10 [GBI] → 75 (anchor=#text off=2)
[23:00:17.574] #11 [CASC]   after browser move: newBlk=75
[23:00:17.574] #12 [NED] isNonEditableBlock(75) type=list → false
[23:00:18.050] #13 [═══] ═══════════════════════════════════════════
[23:00:18.050] #14 [KEY] keydown: ArrowRight dir=1 editMode=true
[23:00:18.050] #15 [KEY] currentCursor={"srcLine":119,"srcCol":14,"blockIndex":75}
[23:00:18.050] #16 [GBI] → 75 (anchor=#text off=2)
[23:00:18.050] #17 [NED] isNonEditableBlock(75) type=list → false
[23:00:18.050] #18 [EDGE] isAtBlockEdge(1) anchor='参见 ' off=2 lastText=' — 荧光笔内嵌链接（栈式解析' len=20 → false
[23:00:18.050] #19 [CASB] Case B: curBlk 75 atEdge(1)=false
[23:00:18.050] #20 [CASC] Case C: normal move, browser handles, then check
[23:00:18.059] #21 [GBI] → 75 (anchor=#text off=3)
[23:00:18.059] #22 [CASC]   after browser move: newBlk=75
[23:00:18.059] #23 [NED] isNonEditableBlock(75) type=list → false
[23:00:19.521] #24 [═══] ═══════════════════════════════════════════
[23:00:19.521] #25 [KEY] keydown: ArrowRight dir=1 editMode=true
[23:00:19.521] #26 [KEY] currentCursor={"srcLine":119,"srcCol":15,"blockIndex":75}
[23:00:19.521] #27 [GBI] → 75 (anchor=#text off=3)
[23:00:19.521] #28 [NED] isNonEditableBlock(75) type=list → false
[23:00:19.521] #29 [EDGE] isAtBlockEdge(1) anchor='参见 ' off=3 lastText=' — 荧光笔内嵌链接（栈式解析' len=20 → false
[23:00:19.521] #30 [CASB] Case B: curBlk 75 atEdge(1)=false
[23:00:19.521] #31 [CASC] Case C: normal move, browser handles, then check
[23:00:19.525] #32 [GBI] → 75 (anchor=#text off=0)
[23:00:19.525] #33 [CASC]   after browser move: newBlk=75
[23:00:19.525] #34 [NED] isNonEditableBlock(75) type=list → false
[23:00:19.976] #35 [═══] ═══════════════════════════════════════════
[23:00:19.976] #36 [KEY] keydown: ArrowLeft dir=-1 editMode=true
[23:00:19.976] #37 [KEY] currentCursor={"srcLine":119,"srcCol":22,"blockIndex":75}
[23:00:19.976] #38 [GBI] → 75 (anchor=#text off=0)
[23:00:19.976] #39 [NED] isNonEditableBlock(75) type=list → false
[23:00:19.976] #40 [EDGE] isAtBlockEdge(-1) anchor='核心定义' off=0 firstText='黄底粗体' → false
[23:00:19.976] #41 [CASB] Case B: curBlk 75 atEdge(-1)=false
[23:00:19.976] #42 [CASC] Case C: normal move, browser handles, then check
[23:00:19.983] #43 [GBI] → 75 (anchor=#text off=3)
[23:00:19.984] #44 [CASC]   after browser move: newBlk=75
[23:00:19.984] #45 [NED] isNonEditableBlock(75) type=list → false
[23:00:23.857] #46 [═══] ═══════════════════════════════════════════
[23:00:23.857] #47 [KEY] keydown: ArrowRight dir=1 editMode=true
[23:00:23.857] #48 [KEY] currentCursor={"srcLine":119,"srcCol":15,"blockIndex":75}
[23:00:23.857] #49 [GBI] → 75 (anchor=#text off=3)
[23:00:23.857] #50 [NED] isNonEditableBlock(75) type=list → false
[23:00:23.857] #51 [EDGE] isAtBlockEdge(1) anchor='参见 ' off=3 lastText=' — 荧光笔内嵌链接（栈式解析' len=20 → false
[23:00:23.857] #52 [CASB] Case B: curBlk 75 atEdge(1)=false
[23:00:23.857] #53 [CASC] Case C: normal move, browser handles, then check
[23:00:23.858] #54 [GBI] → 75 (anchor=#text off=0)
[23:00:23.858] #55 [CASC]   after browser move: newBlk=75
[23:00:23.858] #56 [NED] isNonEditableBlock(75) type=list → false
[23:00:26.121] #57 [═══] ═══════════════════════════════════════════
[23:00:26.121] #58 [KEY] keydown: ArrowRight dir=1 editMode=true
[23:00:26.121] #59 [KEY] currentCursor={"srcLine":119,"srcCol":22,"blockIndex":75}
[23:00:26.121] #60 [GBI] → 75 (anchor=#text off=0)
[23:00:26.121] #61 [NED] isNonEditableBlock(75) type=list → false
[23:00:26.121] #62 [EDGE] isAtBlockEdge(1) anchor='核心定义' off=0 lastText=' — 荧光笔内嵌链接（栈式解析' len=20 → false
[23:00:26.121] #63 [CASB] Case B: curBlk 75 atEdge(1)=false
[23:00:26.121] #64 [CASC] Case C: normal move, browser handles, then check
[23:00:26.122] #65 [GBI] → 75 (anchor=#text off=1)
[23:00:26.122] #66 [CASC]   after browser move: newBlk=75
[23:00:26.122] #67 [NED] isNonEditableBlock(75) type=list → false
[23:00:32.052] #68 [NED] isNonEditableBlock(75) type=list → false
[23:00:33.846] #69 [NED] isNonEditableBlock(75) type=list → false
[23:00:36.931] #70 [NED] isNonEditableBlock(75) type=list → false
[23:00:37.351] #71 [NED] isNonEditableBlock(75) type=list → false
[23:02:45.060] #1 [NED] isNonEditableBlock(75) type=list → false
[23:02:45.801] #2 [NED] isNonEditableBlock(75) type=list → false
[23:03:25.461] #1 [NED] isNonEditableBlock(75) type=list → false
[23:03:33.955] #2 [NED] isNonEditableBlock(75) type=list → false
[23:04:53.005] #3 [NED] isNonEditableBlock(75) type=list → false
[23:04:55.778] #4 [═══] ═══════════════════════════════════════════
[23:04:55.778] #5 [KEY] keydown: ArrowLeft dir=-1 editMode=true
[23:04:55.778] #6 [KEY] currentCursor={"srcLine":120,"srcCol":30,"blockIndex":75}
[23:04:55.778] #7 [GBI] → 75 (anchor=#text off=4)
[23:04:55.778] #8 [NED] isNonEditableBlock(75) type=list → false
[23:04:55.779] #9 [EDGE] isAtBlockEdge(-1) anchor='  荧光笔内嵌链接（栈式解析关' off=4 firstText='黄底粗体' → false
[23:04:55.779] #10 [CASB] Case B: curBlk 75 atEdge(-1)=false
[23:04:55.779] #11 [CASC] Case C: normal move, browser handles, then check
[23:04:55.781] #12 [GBI] → 75 (anchor=#text off=3)
[23:04:55.781] #13 [CASC]   after browser move: newBlk=75
[23:04:55.781] #14 [NED] isNonEditableBlock(75) type=list → false
[23:04:55.954] #15 [═══] ═══════════════════════════════════════════
[23:04:55.954] #16 [KEY] keydown: ArrowLeft dir=-1 editMode=true
[23:04:55.954] #17 [KEY] currentCursor={"srcLine":120,"srcCol":31,"blockIndex":75}
[23:04:55.954] #18 [GBI] → 75 (anchor=#text off=3)
[23:04:55.954] #19 [NED] isNonEditableBlock(75) type=list → false
[23:04:55.954] #20 [EDGE] isAtBlockEdge(-1) anchor='  荧光笔内嵌链接（栈式解析关' off=3 firstText='黄底粗体' → false
[23:04:55.954] #21 [CASB] Case B: curBlk 75 atEdge(-1)=false
[23:04:55.954] #22 [CASC] Case C: normal move, browser handles, then check
[23:04:55.962] #23 [GBI] → 75 (anchor=#text off=1)
[23:04:55.962] #24 [CASC]   after browser move: newBlk=75
[23:04:55.962] #25 [NED] isNonEditableBlock(75) type=list → false
[23:04:56.118] #26 [═══] ═══════════════════════════════════════════
[23:04:56.118] #27 [KEY] keydown: ArrowLeft dir=-1 editMode=true
[23:04:56.118] #28 [KEY] currentCursor={"srcLine":120,"srcCol":29,"blockIndex":75}
[23:04:56.118] #29 [GBI] → 75 (anchor=#text off=1)
[23:04:56.118] #30 [NED] isNonEditableBlock(75) type=list → false
[23:04:56.118] #31 [EDGE] isAtBlockEdge(-1) anchor='  荧光笔内嵌链接（栈式解析关' off=1 firstText='黄底粗体' → false
[23:04:56.118] #32 [CASB] Case B: curBlk 75 atEdge(-1)=false
[23:04:56.118] #33 [CASC] Case C: normal move, browser handles, then check
[23:04:56.121] #34 [GBI] → 75 (anchor=#text off=5)
[23:04:56.121] #35 [CASC]   after browser move: newBlk=75
[23:04:56.121] #36 [NED] isNonEditableBlock(75) type=list → false
[23:04:56.302] #37 [═══] ═══════════════════════════════════════════
[23:04:56.302] #38 [KEY] keydown: ArrowLeft dir=-1 editMode=true
[23:04:56.302] #39 [KEY] currentCursor={"srcLine":120,"srcCol":26,"blockIndex":75}
[23:04:56.302] #40 [GBI] → 75 (anchor=#text off=5)
[23:04:56.302] #41 [NED] isNonEditableBlock(75) type=list → false
[23:04:56.302] #42 [EDGE] isAtBlockEdge(-1) anchor='核心定a义' off=5 firstText='黄底粗体' → false
[23:04:56.302] #43 [CASB] Case B: curBlk 75 atEdge(-1)=false
[23:04:56.302] #44 [CASC] Case C: normal move, browser handles, then check
[23:04:56.312] #45 [GBI] → 75 (anchor=#text off=4)
[23:04:56.312] #46 [CASC]   after browser move: newBlk=75
[23:04:56.312] #47 [NED] isNonEditableBlock(75) type=list → false
[23:04:56.466] #48 [═══] ═══════════════════════════════════════════
[23:04:56.466] #49 [KEY] keydown: ArrowLeft dir=-1 editMode=true
[23:04:56.466] #50 [KEY] currentCursor={"srcLine":120,"srcCol":25,"blockIndex":75}
[23:04:56.466] #51 [GBI] → 75 (anchor=#text off=4)
[23:04:56.466] #52 [NED] isNonEditableBlock(75) type=list → false
[23:04:56.466] #53 [EDGE] isAtBlockEdge(-1) anchor='核心定a义' off=4 firstText='黄底粗体' → false
[23:04:56.466] #54 [CASB] Case B: curBlk 75 atEdge(-1)=false
[23:04:56.466] #55 [CASC] Case C: normal move, browser handles, then check
[23:04:56.470] #56 [GBI] → 75 (anchor=#text off=3)
[23:04:56.470] #57 [CASC]   after browser move: newBlk=75
[23:04:56.470] #58 [NED] isNonEditableBlock(75) type=list → false
[23:04:57.039] #59 [═══] ═══════════════════════════════════════════
[23:04:57.039] #60 [KEY] keydown: ArrowRight dir=1 editMode=true
[23:04:57.039] #61 [KEY] currentCursor={"srcLine":120,"srcCol":24,"blockIndex":75}
[23:04:57.039] #62 [GBI] → 75 (anchor=#text off=3)
[23:04:57.039] #63 [NED] isNonEditableBlock(75) type=list → false
[23:04:57.039] #64 [EDGE] isAtBlockEdge(1) anchor='核心定a义' off=3 lastText='  荧光笔内嵌链接（栈式解析关' len=19 → false
[23:04:57.039] #65 [CASB] Case B: curBlk 75 atEdge(1)=false
[23:04:57.039] #66 [CASC] Case C: normal move, browser handles, then check
[23:04:57.045] #67 [GBI] → 75 (anchor=#text off=4)
[23:04:57.045] #68 [CASC]   after browser move: newBlk=75
[23:04:57.045] #69 [NED] isNonEditableBlock(75) type=list → false
[23:04:57.771] #70 [═══] ═══════════════════════════════════════════
[23:04:57.771] #71 [KEY] keydown: ArrowLeft dir=-1 editMode=true
[23:04:57.771] #72 [KEY] currentCursor={"srcLine":120,"srcCol":25,"blockIndex":75}
[23:04:57.771] #73 [GBI] → 75 (anchor=#text off=2)
[23:04:57.771] #74 [NED] isNonEditableBlock(75) type=list → false
[23:04:57.771] #75 [EDGE] isAtBlockEdge(-1) anchor='  荧光笔内嵌链接（栈式解析关' off=2 firstText='黄底粗体' → false
[23:04:57.771] #76 [CASB] Case B: curBlk 75 atEdge(-1)=false
[23:04:57.771] #77 [CASC] Case C: normal move, browser handles, then check
[23:04:57.773] #78 [GBI] → 75 (anchor=#text off=4)
[23:04:57.773] #79 [CASC]   after browser move: newBlk=75
[23:04:57.773] #80 [NED] isNonEditableBlock(75) type=list → false
[23:04:57.961] #81 [═══] ═══════════════════════════════════════════
[23:04:57.961] #82 [KEY] keydown: ArrowLeft dir=-1 editMode=true
[23:04:57.961] #83 [KEY] currentCursor={"srcLine":120,"srcCol":25,"blockIndex":75}
[23:04:57.961] #84 [GBI] → 75 (anchor=#text off=4)
[23:04:57.961] #85 [NED] isNonEditableBlock(75) type=list → false
[23:04:57.961] #86 [EDGE] isAtBlockEdge(-1) anchor='核心定义' off=4 firstText='黄底粗体' → false
[23:04:57.961] #87 [CASB] Case B: curBlk 75 atEdge(-1)=false
[23:04:57.961] #88 [CASC] Case C: normal move, browser handles, then check
[23:04:57.971] #89 [GBI] → 75 (anchor=#text off=3)
[23:04:57.971] #90 [CASC]   after browser move: newBlk=75
[23:04:57.971] #91 [NED] isNonEditableBlock(75) type=list → false
[23:04:58.121] #92 [═══] ═══════════════════════════════════════════
[23:04:58.121] #93 [KEY] keydown: ArrowLeft dir=-1 editMode=true
[23:04:58.121] #94 [KEY] currentCursor={"srcLine":120,"srcCol":24,"blockIndex":75}
[23:04:58.121] #95 [GBI] → 75 (anchor=#text off=3)
[23:04:58.121] #96 [NED] isNonEditableBlock(75) type=list → false
[23:04:58.121] #97 [EDGE] isAtBlockEdge(-1) anchor='核心定义' off=3 firstText='黄底粗体' → false
[23:04:58.121] #98 [CASB] Case B: curBlk 75 atEdge(-1)=false
[23:04:58.122] #99 [CASC] Case C: normal move, browser handles, then check
[23:04:58.129] #100 [GBI] → 75 (anchor=#text off=2)
[23:04:58.129] #101 [CASC]   after browser move: newBlk=75
[23:04:58.129] #102 [NED] isNonEditableBlock(75) type=list → false
[23:04:58.304] #103 [═══] ═══════════════════════════════════════════
[23:04:58.304] #104 [KEY] keydown: ArrowLeft dir=-1 editMode=true
[23:04:58.304] #105 [KEY] currentCursor={"srcLine":120,"srcCol":23,"blockIndex":75}
[23:04:58.304] #106 [GBI] → 75 (anchor=#text off=2)
[23:04:58.304] #107 [NED] isNonEditableBlock(75) type=list → false
[23:04:58.304] #108 [EDGE] isAtBlockEdge(-1) anchor='核心定义' off=2 firstText='黄底粗体' → false
[23:04:58.304] #109 [CASB] Case B: curBlk 75 atEdge(-1)=false
[23:04:58.304] #110 [CASC] Case C: normal move, browser handles, then check
[23:04:58.312] #111 [GBI] → 75 (anchor=#text off=1)
[23:04:58.312] #112 [CASC]   after browser move: newBlk=75
[23:04:58.312] #113 [NED] isNonEditableBlock(75) type=list → false
[23:04:58.463] #114 [═══] ═══════════════════════════════════════════
[23:04:58.463] #115 [KEY] keydown: ArrowLeft dir=-1 editMode=true
[23:04:58.463] #116 [KEY] currentCursor={"srcLine":120,"srcCol":22,"blockIndex":75}
[23:04:58.463] #117 [GBI] → 75 (anchor=#text off=1)
[23:04:58.463] #118 [NED] isNonEditableBlock(75) type=list → false
[23:04:58.463] #119 [EDGE] isAtBlockEdge(-1) anchor='核心定义' off=1 firstText='黄底粗体' → false
[23:04:58.463] #120 [CASB] Case B: curBlk 75 atEdge(-1)=false
[23:04:58.463] #121 [CASC] Case C: normal move, browser handles, then check
[23:04:58.470] #122 [GBI] → 75 (anchor=#text off=0)
[23:04:58.470] #123 [CASC]   after browser move: newBlk=75
[23:04:58.470] #124 [NED] isNonEditableBlock(75) type=list → false
[23:04:58.632] #125 [═══] ═══════════════════════════════════════════
[23:04:58.632] #126 [KEY] keydown: ArrowLeft dir=-1 editMode=true
[23:04:58.632] #127 [KEY] currentCursor={"srcLine":120,"srcCol":21,"blockIndex":75}
[23:04:58.632] #128 [GBI] → 75 (anchor=#text off=0)
[23:04:58.632] #129 [NED] isNonEditableBlock(75) type=list → false
[23:04:58.632] #130 [EDGE] isAtBlockEdge(-1) anchor='核心定义' off=0 firstText='黄底粗体' → false
[23:04:58.632] #131 [CASB] Case B: curBlk 75 atEdge(-1)=false
[23:04:58.632] #132 [CASC] Case C: normal move, browser handles, then check
[23:04:58.638] #133 [GBI] → 75 (anchor=#text off=2)
[23:04:58.638] #134 [CASC]   after browser move: newBlk=75
[23:04:58.638] #135 [NED] isNonEditableBlock(75) type=list → false
[23:04:58.804] #136 [═══] ═══════════════════════════════════════════
[23:04:58.805] #137 [KEY] keydown: ArrowLeft dir=-1 editMode=true
[23:04:58.805] #138 [KEY] currentCursor={"srcLine":120,"srcCol":14,"blockIndex":75}
[23:04:58.805] #139 [GBI] → 75 (anchor=#text off=2)
[23:04:58.805] #140 [NED] isNonEditableBlock(75) type=list → false
[23:04:58.805] #141 [EDGE] isAtBlockEdge(-1) anchor='见 ' off=2 firstText='黄底粗体' → false
[23:04:58.805] #142 [CASB] Case B: curBlk 75 atEdge(-1)=false
[23:04:58.805] #143 [CASC] Case C: normal move, browser handles, then check
[23:04:58.813] #144 [GBI] → 75 (anchor=#text off=1)
[23:04:58.813] #145 [CASC]   after browser move: newBlk=75
[23:04:58.813] #146 [NED] isNonEditableBlock(75) type=list → false
[23:04:58.965] #147 [═══] ═══════════════════════════════════════════
[23:04:58.965] #148 [KEY] keydown: ArrowLeft dir=-1 editMode=true
[23:04:58.965] #149 [KEY] currentCursor={"srcLine":120,"srcCol":13,"blockIndex":75}
[23:04:58.965] #150 [GBI] → 75 (anchor=#text off=1)
[23:04:58.965] #151 [NED] isNonEditableBlock(75) type=list → false
[23:04:58.965] #152 [EDGE] isAtBlockEdge(-1) anchor='见 ' off=1 firstText='黄底粗体' → false
[23:04:58.965] #153 [CASB] Case B: curBlk 75 atEdge(-1)=false
[23:04:58.965] #154 [CASC] Case C: normal move, browser handles, then check
[23:04:58.971] #155 [GBI] → 75 (anchor=#text off=0)
[23:04:58.971] #156 [CASC]   after browser move: newBlk=75
[23:04:58.971] #157 [NED] isNonEditableBlock(75) type=list → false
[23:05:57.592] #158 [NED] isNonEditableBlock(63) type=list → false
[23:05:58.665] #159 [NED] isNonEditableBlock(63) type=list → false
[23:06:01.367] #160 [NED] isNonEditableBlock(63) type=list → false
[23:06:02.028] #161 [NED] isNonEditableBlock(63) type=list → false
[23:06:02.983] #162 [NED] isNonEditableBlock(63) type=list → false
[23:06:05.800] #163 [NED] isNonEditableBlock(63) type=list → false
[23:06:06.442] #164 [NED] isNonEditableBlock(64) type=blank_line → false
[23:06:07.238] #165 [NED] isNonEditableBlock(64) type=blank_line → false
[23:06:11.090] #166 [NED] isNonEditableBlock(63) type=list → false
[23:06:14.108] #167 [NED] isNonEditableBlock(63) type=list → false
[23:06:19.429] #168 [NED] isNonEditableBlock(63) type=list → false
[23:06:20.821] #169 [NED] isNonEditableBlock(65) type=heading → false
[23:06:21.669] #170 [NED] isNonEditableBlock(65) type=heading → false
[23:06:23.683] #171 [NED] isNonEditableBlock(65) type=blank_line → false
[23:06:24.134] #172 [NED] isNonEditableBlock(64) type=paragraph → false
[23:06:28.672] #173 [NED] isNonEditableBlock(63) type=list → false
[23:06:34.221] #174 [NED] isNonEditableBlock(66) type=blank_line → false
[23:06:34.631] #175 [NED] isNonEditableBlock(65) type=paragraph → false
[23:06:35.373] #176 [NED] isNonEditableBlock(65) type=paragraph → false
[23:06:37.354] #177 [NED] isNonEditableBlock(64) type=blank_line → false
[23:08:02.696] #1 [NED] isNonEditableBlock(70) type=list → false
[23:10:30.299] #2 [NED] isNonEditableBlock(63) type=list → false
[23:10:32.266] #3 [NED] isNonEditableBlock(63) type=list → false
[23:10:32.910] #4 [NED] isNonEditableBlock(63) type=list → false
[23:10:33.979] #5 [NED] isNonEditableBlock(63) type=list → false
[23:10:37.853] #6 [NED] isNonEditableBlock(63) type=list → false
[23:10:38.130] #7 [NED] isNonEditableBlock(63) type=list → false
[23:10:38.298] #8 [NED] isNonEditableBlock(63) type=list → false
[23:10:38.504] #9 [NED] isNonEditableBlock(63) type=list → false
[23:10:38.690] #10 [NED] isNonEditableBlock(63) type=list → false
[23:10:38.907] #11 [NED] isNonEditableBlock(63) type=list → false
[23:10:39.745] #12 [NED] isNonEditableBlock(63) type=list → false
[23:10:39.904] #13 [NED] isNonEditableBlock(63) type=list → false
[23:10:40.063] #14 [NED] isNonEditableBlock(63) type=list → false
[23:10:40.218] #15 [NED] isNonEditableBlock(63) type=list → false
[23:10:40.368] #16 [NED] isNonEditableBlock(63) type=list → false
[23:10:40.525] #17 [NED] isNonEditableBlock(63) type=list → false
[23:10:47.875] #18 [NED] isNonEditableBlock(63) type=list → false
[23:10:48.633] #19 [NED] isNonEditableBlock(63) type=list → false
[23:10:48.764] #20 [NED] isNonEditableBlock(63) type=list → false
[23:10:49.110] #21 [NED] isNonEditableBlock(63) type=list → false
[23:10:49.112] #22 [NED] isNonEditableBlock(63) type=list → false
[23:10:49.229] #23 [NED] isNonEditableBlock(63) type=list → false
[23:10:49.232] #24 [NED] isNonEditableBlock(63) type=list → false
[23:10:50.283] #25 [NED] isNonEditableBlock(63) type=list → false
[23:11:58.819] #26 [NED] isNonEditableBlock(63) type=list → false
[23:11:59.632] #27 [NED] isNonEditableBlock(63) type=list → false
[23:12:00.320] #28 [NED] isNonEditableBlock(63) type=list → false
[23:12:01.326] #29 [NED] isNonEditableBlock(63) type=list → false
[23:12:01.474] #30 [NED] isNonEditableBlock(63) type=list → false
[23:23:06.590] #1 [NED] isNonEditableBlock(63) type=list → false
[23:23:07.502] #2 [NED] isNonEditableBlock(63) type=list → false
[23:23:09.192] #3 [NED] isNonEditableBlock(63) type=list → false
[23:23:10.322] #4 [NED] isNonEditableBlock(63) type=list → false
[23:23:10.446] #5 [NED] isNonEditableBlock(63) type=list → false
[23:23:10.690] #6 [NED] isNonEditableBlock(63) type=list → false
[23:23:10.842] #7 [NED] isNonEditableBlock(63) type=list → false
[23:23:20.450] #8 [NED] isNonEditableBlock(63) type=list → false
[23:23:21.417] #9 [NED] isNonEditableBlock(63) type=list → false
[23:23:21.662] #10 [NED] isNonEditableBlock(63) type=list → false
[23:23:21.891] #11 [NED] isNonEditableBlock(63) type=list → false
[23:23:22.026] #12 [NED] isNonEditableBlock(63) type=list → false
[23:23:24.305] #13 [NED] isNonEditableBlock(63) type=list → false
[23:23:24.460] #14 [NED] isNonEditableBlock(63) type=list → false
[23:23:25.070] #15 [NED] isNonEditableBlock(63) type=list → false
[23:23:25.249] #16 [NED] isNonEditableBlock(63) type=list → false
[23:23:27.203] #17 [NED] isNonEditableBlock(63) type=list → false
[23:23:27.360] #18 [NED] isNonEditableBlock(63) type=list → false
[23:23:28.723] #19 [NED] isNonEditableBlock(63) type=list → false
[23:23:28.723] #20 [NED] isNonEditableBlock(63) type=list → false
[23:23:28.905] #21 [NED] isNonEditableBlock(63) type=list → false
[23:23:28.905] #22 [NED] isNonEditableBlock(63) type=list → false
[23:23:29.887] #23 [NED] isNonEditableBlock(63) type=list → false
[23:23:29.888] #24 [NED] isNonEditableBlock(63) type=list → false
[23:23:33.109] #25 [NED] isNonEditableBlock(63) type=list → false
[23:23:34.606] #26 [NED] isNonEditableBlock(63) type=list → false
[23:23:34.772] #27 [NED] isNonEditableBlock(63) type=list → false
[23:23:35.266] #28 [NED] isNonEditableBlock(63) type=list → false
[23:23:35.481] #29 [NED] isNonEditableBlock(63) type=list → false
[23:23:38.419] #30 [NED] isNonEditableBlock(59) type=list → false
[23:23:39.534] #31 [NED] isNonEditableBlock(63) type=list → false
[23:23:41.337] #32 [NED] isNonEditableBlock(63) type=list → false
[23:23:44.757] #33 [NED] isNonEditableBlock(63) type=list → false
[23:23:49.476] #34 [NED] isNonEditableBlock(70) type=list → false
[23:24:12.503] #35 [NED] isNonEditableBlock(76) type=list → false
[23:35:12.766] #1 [NED] isNonEditableBlock(16) type=heading → false
[23:35:22.019] #2 [NED] isNonEditableBlock(16) type=heading → false
[23:35:29.153] #3 [NED] isNonEditableBlock(44) type=list → false
[23:35:37.634] #4 [═══] ═══════════════════════════════════════════
[23:35:37.634] #5 [KEY] keydown: ArrowDown dir=1 editMode=true
[23:35:37.634] #6 [KEY] currentCursor={"srcLine":73,"srcCol":2,"blockIndex":44}
[23:35:37.635] #7 [GBI] → 44 (anchor=LI off=0)
[23:35:37.635] #8 [NED] isNonEditableBlock(44) type=list → false
[23:35:37.635] #9 [EDGE] isAtBlockEdge(1) anchor='' off=0 lastText='待复习内容' len=5 → false
[23:35:37.635] #10 [CASB] Case B: curBlk 44 atEdge(1)=false
[23:35:37.635] #11 [CASC] Case C: normal move, browser handles, then check
[23:35:37.639] #12 [GBI] → 44 (anchor=#text off=0)
[23:35:37.639] #13 [CASC]   after browser move: newBlk=44
[23:35:37.639] #14 [NED] isNonEditableBlock(44) type=list → false
[23:35:57.906] #15 [NED] isNonEditableBlock(44) type=list → false
[23:36:23.478] #1 [NED] isNonEditableBlock(44) type=list → false
[23:36:37.525] #2 [NED] isNonEditableBlock(44) type=list → false
[23:39:03.255] #1 [NED] isNonEditableBlock(21) type=heading → false
[23:39:06.354] #2 [NED] isNonEditableBlock(44) type=list → false
[23:39:16.725] #3 [NED] isNonEditableBlock(44) type=list → false
[23:44:56.755] #1 [NED] isNonEditableBlock(46) type=heading → false
[23:44:59.289] #2 [NED] isNonEditableBlock(44) type=list → false
[23:45:05.885] #3 [═══] ═══════════════════════════════════════════
[23:45:05.885] #4 [KEY] keydown: ArrowUp dir=-1 editMode=true
[23:45:05.885] #5 [KEY] currentCursor={"srcLine":73,"srcCol":3,"blockIndex":44}
[23:45:05.885] #6 [GBI] → 44 (anchor=LI off=0)
[23:45:05.885] #7 [NED] isNonEditableBlock(44) type=list → false
[23:45:05.885] #8 [EDGE] isAtBlockEdge(-1) anchor='' off=0 firstText='默认（黄）：' → false
[23:45:05.885] #9 [CASB] Case B: curBlk 44 atEdge(-1)=false
[23:45:05.885] #10 [CASC] Case C: normal move, browser handles, then check
[23:45:05.888] #11 [GBI] → 44 (anchor=#text off=0)
[23:45:05.888] #12 [CASC]   after browser move: newBlk=44
[23:45:05.888] #13 [NED] isNonEditableBlock(44) type=list → false
[23:45:06.354] #14 [═══] ═══════════════════════════════════════════
[23:45:06.354] #15 [KEY] keydown: ArrowUp dir=-1 editMode=true
[23:45:06.354] #16 [KEY] currentCursor={"srcLine":73,"srcCol":2,"blockIndex":44}
[23:45:06.354] #17 [GBI] → 44 (anchor=#text off=0)
[23:45:06.354] #18 [NED] isNonEditableBlock(44) type=list → false
[23:45:06.354] #19 [EDGE] isAtBlockEdge(-1) anchor='d' off=0 firstText='默认（黄）：' → false
[23:45:06.354] #20 [CASB] Case B: curBlk 44 atEdge(-1)=false
[23:45:06.354] #21 [CASC] Case C: normal move, browser handles, then check
[23:45:06.362] #22 [GBI] → 44 (anchor=#text off=0)
[23:45:06.362] #23 [CASC]   after browser move: newBlk=44
[23:45:06.362] #24 [NED] isNonEditableBlock(44) type=list → false
[23:48:32.143] #1 [NED] isNonEditableBlock(44) type=list → false
[23:48:35.973] #2 [NED] isNonEditableBlock(44) type=list → false
[23:48:48.469] #3 [═══] ═══════════════════════════════════════════
[23:48:48.469] #4 [KEY] keydown: ArrowDown dir=1 editMode=true
[23:48:48.469] #5 [KEY] currentCursor={"srcLine":68,"srcCol":3,"blockIndex":44}
[23:48:48.469] #6 [GBI] → 44 (anchor=#text off=0)
[23:48:48.469] #7 [NED] isNonEditableBlock(44) type=list → false
[23:48:48.469] #8 [EDGE] isAtBlockEdge(1) anchor='默认（黄）：' off=0 lastText='待复习内容' len=5 → false
[23:48:48.469] #9 [CASB] Case B: curBlk 44 atEdge(1)=false
[23:48:48.469] #10 [CASC] Case C: normal move, browser handles, then check
[23:48:48.471] #11 [GBI] → 44 (anchor=#text off=0)
[23:48:48.471] #12 [CASC]   after browser move: newBlk=44
[23:48:48.471] #13 [NED] isNonEditableBlock(44) type=list → false
[23:48:48.656] #14 [═══] ═══════════════════════════════════════════
[23:48:48.656] #15 [KEY] keydown: ArrowDown dir=1 editMode=true
[23:48:48.656] #16 [KEY] currentCursor={"srcLine":69,"srcCol":2,"blockIndex":44}
[23:48:48.656] #17 [GBI] → 44 (anchor=#text off=0)
[23:48:48.656] #18 [NED] isNonEditableBlock(44) type=list → false
[23:48:48.656] #19 [EDGE] isAtBlockEdge(1) anchor='红色：' off=0 lastText='待复习内容' len=5 → false
[23:48:48.656] #20 [CASB] Case B: curBlk 44 atEdge(1)=false
[23:48:48.656] #21 [CASC] Case C: normal move, browser handles, then check
[23:48:48.658] #22 [GBI] → 44 (anchor=#text off=0)
[23:48:48.658] #23 [CASC]   after browser move: newBlk=44
[23:48:48.658] #24 [NED] isNonEditableBlock(44) type=list → false
[23:48:48.947] #25 [═══] ═══════════════════════════════════════════
[23:48:48.947] #26 [KEY] keydown: ArrowDown dir=1 editMode=true
[23:48:48.947] #27 [KEY] currentCursor={"srcLine":70,"srcCol":2,"blockIndex":44}
[23:48:48.947] #28 [GBI] → 44 (anchor=#text off=0)
[23:48:48.947] #29 [NED] isNonEditableBlock(44) type=list → false
[23:48:48.947] #30 [EDGE] isAtBlockEdge(1) anchor='绿色：' off=0 lastText='待复习内容' len=5 → false
[23:48:48.947] #31 [CASB] Case B: curBlk 44 atEdge(1)=false
[23:48:48.947] #32 [CASC] Case C: normal move, browser handles, then check
[23:48:48.950] #33 [GBI] → 44 (anchor=#text off=0)
[23:48:48.950] #34 [CASC]   after browser move: newBlk=44
[23:48:48.950] #35 [NED] isNonEditableBlock(44) type=list → false
[23:48:49.125] #36 [═══] ═══════════════════════════════════════════
[23:48:49.125] #37 [KEY] keydown: ArrowDown dir=1 editMode=true
[23:48:49.125] #38 [KEY] currentCursor={"srcLine":71,"srcCol":2,"blockIndex":44}
[23:48:49.125] #39 [GBI] → 44 (anchor=#text off=0)
[23:48:49.125] #40 [NED] isNonEditableBlock(44) type=list → false
[23:48:49.125] #41 [EDGE] isAtBlockEdge(1) anchor='蓝色：' off=0 lastText='待复习内容' len=5 → false
[23:48:49.125] #42 [CASB] Case B: curBlk 44 atEdge(1)=false
[23:48:49.125] #43 [CASC] Case C: normal move, browser handles, then check
[23:48:49.133] #44 [GBI] → 44 (anchor=#text off=0)
[23:48:49.133] #45 [CASC]   after browser move: newBlk=44
[23:48:49.133] #46 [NED] isNonEditableBlock(44) type=list → false
[23:48:58.029] #47 [═══] ═══════════════════════════════════════════
[23:48:58.029] #48 [KEY] keydown: ArrowDown dir=1 editMode=true
[23:48:58.029] #49 [KEY] currentCursor={"srcLine":68,"srcCol":3,"blockIndex":44}
[23:48:58.029] #50 [GBI] → 44 (anchor=#text off=0)
[23:48:58.029] #51 [NED] isNonEditableBlock(44) type=list → false
[23:48:58.029] #52 [EDGE] isAtBlockEdge(1) anchor='' off=0 lastText='待复习内容' len=5 → false
[23:48:58.029] #53 [CASB] Case B: curBlk 44 atEdge(1)=false
[23:48:58.029] #54 [CASC] Case C: normal move, browser handles, then check
[23:48:58.031] #55 [GBI] → 44 (anchor=#text off=0)
[23:48:58.031] #56 [CASC]   after browser move: newBlk=44
[23:48:58.031] #57 [NED] isNonEditableBlock(44) type=list → false
[23:48:58.228] #58 [═══] ═══════════════════════════════════════════
[23:48:58.228] #59 [KEY] keydown: ArrowDown dir=1 editMode=true
[23:48:58.228] #60 [KEY] currentCursor={"srcLine":69,"srcCol":2,"blockIndex":44}
[23:48:58.228] #61 [GBI] → 44 (anchor=#text off=0)
[23:48:58.228] #62 [NED] isNonEditableBlock(44) type=list → false
[23:48:58.228] #63 [EDGE] isAtBlockEdge(1) anchor='红色：' off=0 lastText='待复习内容' len=5 → false
[23:48:58.228] #64 [CASB] Case B: curBlk 44 atEdge(1)=false
[23:48:58.228] #65 [CASC] Case C: normal move, browser handles, then check
[23:48:58.233] #66 [GBI] → 44 (anchor=#text off=0)
[23:48:58.233] #67 [CASC]   after browser move: newBlk=44
[23:48:58.233] #68 [NED] isNonEditableBlock(44) type=list → false
[23:48:58.457] #69 [═══] ═══════════════════════════════════════════
[23:48:58.457] #70 [KEY] keydown: ArrowDown dir=1 editMode=true
[23:48:58.457] #71 [KEY] currentCursor={"srcLine":70,"srcCol":2,"blockIndex":44}
[23:48:58.457] #72 [GBI] → 44 (anchor=#text off=0)
[23:48:58.457] #73 [NED] isNonEditableBlock(44) type=list → false
[23:48:58.457] #74 [EDGE] isAtBlockEdge(1) anchor='绿色：' off=0 lastText='待复习内容' len=5 → false
[23:48:58.457] #75 [CASB] Case B: curBlk 44 atEdge(1)=false
[23:48:58.457] #76 [CASC] Case C: normal move, browser handles, then check
[23:48:58.467] #77 [GBI] → 44 (anchor=#text off=0)
[23:48:58.467] #78 [CASC]   after browser move: newBlk=44
[23:48:58.467] #79 [NED] isNonEditableBlock(44) type=list → false
[23:48:58.643] #80 [═══] ═══════════════════════════════════════════
[23:48:58.643] #81 [KEY] keydown: ArrowDown dir=1 editMode=true
[23:48:58.643] #82 [KEY] currentCursor={"srcLine":71,"srcCol":2,"blockIndex":44}
[23:48:58.643] #83 [GBI] → 44 (anchor=#text off=0)
[23:48:58.643] #84 [NED] isNonEditableBlock(44) type=list → false
[23:48:58.643] #85 [EDGE] isAtBlockEdge(1) anchor='蓝色：' off=0 lastText='待复习内容' len=5 → false
[23:48:58.643] #86 [CASB] Case B: curBlk 44 atEdge(1)=false
[23:48:58.643] #87 [CASC] Case C: normal move, browser handles, then check
[23:48:58.650] #88 [GBI] → 44 (anchor=#text off=0)
[23:48:58.650] #89 [CASC]   after browser move: newBlk=44
[23:48:58.650] #90 [NED] isNonEditableBlock(44) type=list → false
[23:48:58.986] #91 [═══] ═══════════════════════════════════════════
[23:48:58.986] #92 [KEY] keydown: ArrowDown dir=1 editMode=true
[23:48:58.986] #93 [KEY] currentCursor={"srcLine":72,"srcCol":2,"blockIndex":44}
[23:48:58.986] #94 [GBI] → 44 (anchor=#text off=0)
[23:48:58.986] #95 [NED] isNonEditableBlock(44) type=list → false
[23:48:58.986] #96 [EDGE] isAtBlockEdge(1) anchor='橙色：' off=0 lastText='待复习内容' len=5 → false
[23:48:58.986] #97 [CASB] Case B: curBlk 44 atEdge(1)=false
[23:48:58.986] #98 [CASC] Case C: normal move, browser handles, then check
[23:48:58.991] #99 [GBI] → 45 (anchor=DIV off=0)
[23:48:58.991] #100 [CASC]   after browser move: newBlk=45
[23:48:58.991] #101 [NED] isNonEditableBlock(45) type=blank_line → false
[23:48:59.396] #102 [═══] ═══════════════════════════════════════════
[23:48:59.396] #103 [KEY] keydown: ArrowLeft dir=-1 editMode=true
[23:48:59.396] #104 [KEY] currentCursor={"srcLine":69,"srcCol":0,"blockIndex":45}
[23:48:59.396] #105 [GBI] → 45 (anchor=DIV off=0)
[23:48:59.396] #106 [NED] isNonEditableBlock(45) type=blank_line → false
[23:48:59.396] #107 [EDGE] isAtBlockEdge(-1) → false (no firstText)
[23:48:59.396] #108 [CASB] Case B: curBlk 45 atEdge(-1)=false
[23:48:59.396] #109 [CASC] Case C: normal move, browser handles, then check
[23:48:59.400] #110 [GBI] → 44 (anchor=#text off=5)
[23:48:59.400] #111 [CASC]   after browser move: newBlk=44
[23:48:59.400] #112 [NED] isNonEditableBlock(44) type=list → false
[23:49:31.926] #113 [NED] isNonEditableBlock(44) type=list → false
[23:49:32.261] #114 [NED] isNonEditableBlock(44) type=list → false
[23:49:40.476] #115 [NED] isNonEditableBlock(44) type=list → false
[23:49:44.553] #116 [NED] isNonEditableBlock(44) type=list → false
[23:49:46.688] #117 [NED] isNonEditableBlock(44) type=list → false
[23:49:54.076] #118 [NED] isNonEditableBlock(44) type=list → false
[23:49:56.088] #119 [NED] isNonEditableBlock(44) type=list → false
[23:58:35.928] #1 [NED] isNonEditableBlock(77) type=list → false
[23:58:39.444] #2 [NED] isNonEditableBlock(77) type=list → false
[23:58:41.899] #3 [NED] isNonEditableBlock(44) type=list → false
[23:58:51.421] #4 [═══] ═══════════════════════════════════════════
[23:58:51.421] #5 [KEY] keydown: ArrowUp dir=-1 editMode=true
[23:58:51.421] #6 [KEY] currentCursor={"srcLine":74,"srcCol":2,"blockIndex":44}
[23:58:51.421] #7 [GBI] → 44 (anchor=LI off=0)
[23:58:51.421] #8 [NED] isNonEditableBlock(44) type=list → false
[23:58:51.421] #9 [EDGE] isAtBlockEdge(-1) anchor='' off=0 firstText='默认（黄）：' → false
[23:58:51.421] #10 [CASB] Case B: curBlk 44 atEdge(-1)=false
[23:58:51.421] #11 [CASC] Case C: normal move, browser handles, then check
[23:58:51.431] #12 [GBI] → 44 (anchor=#text off=0)
[23:58:51.431] #13 [CASC]   after browser move: newBlk=44
[23:58:51.431] #14 [NED] isNonEditableBlock(44) type=list → false
[23:58:52.986] #15 [═══] ═══════════════════════════════════════════
[23:58:52.986] #16 [KEY] keydown: ArrowUp dir=-1 editMode=true
[23:58:52.986] #17 [KEY] currentCursor={"srcLine":73,"srcCol":2,"blockIndex":44}
[23:58:52.986] #18 [GBI] → 44 (anchor=#text off=0)
[23:58:52.986] #19 [NED] isNonEditableBlock(44) type=list → false
[23:58:52.986] #20 [EDGE] isAtBlockEdge(-1) anchor='h' off=0 firstText='默认（黄）：' → false
[23:58:52.986] #21 [CASB] Case B: curBlk 44 atEdge(-1)=false
[23:58:52.986] #22 [CASC] Case C: normal move, browser handles, then check
[23:58:52.988] #23 [GBI] → 44 (anchor=LI off=0)
[23:58:52.988] #24 [CASC]   after browser move: newBlk=44
[23:58:52.988] #25 [NED] isNonEditableBlock(44) type=list → false
[23:58:53.351] #26 [═══] ═══════════════════════════════════════════
[23:58:53.351] #27 [KEY] keydown: ArrowUp dir=-1 editMode=true
[23:58:53.351] #28 [KEY] currentCursor={"srcLine":73,"srcCol":2,"blockIndex":44}
[23:58:53.351] #29 [GBI] → 44 (anchor=LI off=0)
[23:58:53.351] #30 [NED] isNonEditableBlock(44) type=list → false
[23:58:53.351] #31 [EDGE] isAtBlockEdge(-1) anchor='' off=0 firstText='默认（黄）：' → false
[23:58:53.351] #32 [CASB] Case B: curBlk 44 atEdge(-1)=false
[23:58:53.351] #33 [CASC] Case C: normal move, browser handles, then check
[23:58:53.356] #34 [GBI] → 44 (anchor=#text off=0)
[23:58:53.356] #35 [CASC]   after browser move: newBlk=44
[23:58:53.356] #36 [NED] isNonEditableBlock(44) type=list → false
[23:59:57.971] #37 [NED] isNonEditableBlock(44) type=list → false
[00:06:22.891] #1 [NED] isNonEditableBlock(60) type=list → false
[00:06:30.035] #2 [NED] isNonEditableBlock(44) type=list → false
[00:06:36.414] #3 [═══] ═══════════════════════════════════════════
[00:06:36.414] #4 [KEY] keydown: ArrowUp dir=-1 editMode=true
[00:06:36.414] #5 [KEY] currentCursor={"srcLine":74,"srcCol":2,"blockIndex":44}
[00:06:36.414] #6 [GBI] → 44 (anchor=LI off=0)
[00:06:36.414] #7 [NED] isNonEditableBlock(44) type=list → false
[00:06:36.414] #8 [EDGE] isAtBlockEdge(-1) anchor='' off=0 firstText='默认（黄）：' → false
[00:06:36.414] #9 [CASB] Case B: curBlk 44 atEdge(-1)=false
[00:06:36.414] #10 [CASC] Case C: normal move, browser handles, then check
[00:06:36.423] #11 [GBI] → 44 (anchor=#text off=0)
[00:06:36.423] #12 [CASC]   after browser move: newBlk=44
[00:06:36.423] #13 [NED] isNonEditableBlock(44) type=list → false
[00:06:38.032] #14 [═══] ═══════════════════════════════════════════
[00:06:38.032] #15 [KEY] keydown: ArrowUp dir=-1 editMode=true
[00:06:38.032] #16 [KEY] currentCursor={"srcLine":73,"srcCol":2,"blockIndex":44}
[00:06:38.032] #17 [GBI] → 44 (anchor=#text off=0)
[00:06:38.032] #18 [NED] isNonEditableBlock(44) type=list → false
[00:06:38.032] #19 [EDGE] isAtBlockEdge(-1) anchor='s' off=0 firstText='默认（黄）：' → false
[00:06:38.033] #20 [CASB] Case B: curBlk 44 atEdge(-1)=false
[00:06:38.033] #21 [CASC] Case C: normal move, browser handles, then check
[00:06:38.035] #22 [GBI] → 44 (anchor=LI off=0)
[00:06:38.035] #23 [CASC]   after browser move: newBlk=44
[00:06:38.035] #24 [NED] isNonEditableBlock(44) type=list → false
[00:06:38.404] #25 [═══] ═══════════════════════════════════════════
[00:06:38.404] #26 [KEY] keydown: ArrowUp dir=-1 editMode=true
[00:06:38.404] #27 [KEY] currentCursor={"srcLine":73,"srcCol":2,"blockIndex":44}
[00:06:38.404] #28 [GBI] → 44 (anchor=LI off=0)
[00:06:38.405] #29 [NED] isNonEditableBlock(44) type=list → false
[00:06:38.405] #30 [EDGE] isAtBlockEdge(-1) anchor='' off=0 firstText='默认（黄）：' → false
[00:06:38.405] #31 [CASB] Case B: curBlk 44 atEdge(-1)=false
[00:06:38.405] #32 [CASC] Case C: normal move, browser handles, then check
[00:06:38.407] #33 [GBI] → 44 (anchor=#text off=0)
[00:06:38.407] #34 [CASC]   after browser move: newBlk=44
[00:06:38.407] #35 [NED] isNonEditableBlock(44) type=list → false
[00:06:40.486] #36 [═══] ═══════════════════════════════════════════
[00:06:40.486] #37 [KEY] keydown: ArrowUp dir=-1 editMode=true
[00:06:40.486] #38 [KEY] currentCursor={"srcLine":73,"srcCol":2,"blockIndex":44}
[00:06:40.486] #39 [GBI] → 44 (anchor=#text off=0)
[00:06:40.486] #40 [NED] isNonEditableBlock(44) type=list → false
[00:06:40.486] #41 [EDGE] isAtBlockEdge(-1) anchor='橙色：' off=0 firstText='默认（黄）：' → false
[00:06:40.486] #42 [CASB] Case B: curBlk 44 atEdge(-1)=false
[00:06:40.486] #43 [CASC] Case C: normal move, browser handles, then check
[00:06:40.487] #44 [GBI] → 44 (anchor=LI off=0)
[00:06:40.487] #45 [CASC]   after browser move: newBlk=44
[00:06:40.487] #46 [NED] isNonEditableBlock(44) type=list → false
[00:06:44.633] #47 [═══] ═══════════════════════════════════════════
[00:06:44.633] #48 [KEY] keydown: ArrowDown dir=1 editMode=true
[00:06:44.633] #49 [KEY] currentCursor={"srcLine":73,"srcCol":2,"blockIndex":44}
[00:06:44.633] #50 [GBI] → 44 (anchor=LI off=0)
[00:06:44.633] #51 [NED] isNonEditableBlock(44) type=list → false
[00:06:44.633] #52 [EDGE] isAtBlockEdge(1) anchor='' off=0 lastText='s' len=1 → false
[00:06:44.633] #53 [CASB] Case B: curBlk 44 atEdge(1)=false
[00:06:44.633] #54 [CASC] Case C: normal move, browser handles, then check
[00:06:44.639] #55 [GBI] → 44 (anchor=#text off=0)
[00:06:44.639] #56 [CASC]   after browser move: newBlk=44
[00:06:44.639] #57 [NED] isNonEditableBlock(44) type=list → false
[00:06:44.846] #58 [═══] ═══════════════════════════════════════════
[00:06:44.846] #59 [KEY] keydown: ArrowDown dir=1 editMode=true
[00:06:44.846] #60 [KEY] currentCursor={"srcLine":74,"srcCol":2,"blockIndex":44}
[00:06:44.846] #61 [GBI] → 44 (anchor=#text off=0)
[00:06:44.846] #62 [NED] isNonEditableBlock(44) type=list → false
[00:06:44.846] #63 [EDGE] isAtBlockEdge(1) anchor='橙色：' off=0 lastText='s' len=1 → false
[00:06:44.846] #64 [CASB] Case B: curBlk 44 atEdge(1)=false
[00:06:44.846] #65 [CASC] Case C: normal move, browser handles, then check
[00:06:44.849] #66 [GBI] → 44 (anchor=LI off=0)
[00:06:44.849] #67 [CASC]   after browser move: newBlk=44
[00:06:44.849] #68 [NED] isNonEditableBlock(44) type=list → false
[00:06:45.011] #69 [═══] ═══════════════════════════════════════════
[00:06:45.011] #70 [KEY] keydown: ArrowDown dir=1 editMode=true
[00:06:45.011] #71 [KEY] currentCursor={"srcLine":75,"srcCol":2,"blockIndex":44}
[00:06:45.011] #72 [GBI] → 44 (anchor=LI off=0)
[00:06:45.011] #73 [NED] isNonEditableBlock(44) type=list → false
[00:06:45.011] #74 [EDGE] isAtBlockEdge(1) anchor='' off=0 lastText='s' len=1 → false
[00:06:45.011] #75 [CASB] Case B: curBlk 44 atEdge(1)=false
[00:06:45.011] #76 [CASC] Case C: normal move, browser handles, then check
[00:06:45.014] #77 [GBI] → 44 (anchor=#text off=0)
[00:06:45.014] #78 [CASC]   after browser move: newBlk=44
[00:06:45.014] #79 [NED] isNonEditableBlock(44) type=list → false
[00:06:45.192] #80 [═══] ═══════════════════════════════════════════
[00:06:45.192] #81 [KEY] keydown: ArrowDown dir=1 editMode=true
[00:06:45.192] #82 [KEY] currentCursor={"srcLine":76,"srcCol":2,"blockIndex":44}
[00:06:45.192] #83 [GBI] → 44 (anchor=#text off=0)
[00:06:45.192] #84 [NED] isNonEditableBlock(44) type=list → false
[00:06:45.192] #85 [EDGE] isAtBlockEdge(1) anchor='s' off=0 lastText='s' len=1 → false
[00:06:45.192] #86 [CASB] Case B: curBlk 44 atEdge(1)=false
[00:06:45.192] #87 [CASC] Case C: normal move, browser handles, then check
[00:06:45.198] #88 [GBI] → 44 (anchor=LI off=0)
[00:06:45.198] #89 [CASC]   after browser move: newBlk=44
[00:06:45.198] #90 [NED] isNonEditableBlock(44) type=list → false
[00:06:46.490] #91 [═══] ═══════════════════════════════════════════
[00:06:46.490] #92 [KEY] keydown: ArrowUp dir=-1 editMode=true
[00:06:46.490] #93 [KEY] currentCursor={"srcLine":77,"srcCol":2,"blockIndex":44}
[00:06:46.490] #94 [GBI] → 44 (anchor=LI off=0)
[00:06:46.490] #95 [NED] isNonEditableBlock(44) type=list → false
[00:06:46.490] #96 [EDGE] isAtBlockEdge(-1) anchor='' off=0 firstText='默认（黄）：' → false
[00:06:46.490] #97 [CASB] Case B: curBlk 44 atEdge(-1)=false
[00:06:46.490] #98 [CASC] Case C: normal move, browser handles, then check
[00:06:46.498] #99 [GBI] → 44 (anchor=#text off=0)
[00:06:46.498] #100 [CASC]   after browser move: newBlk=44
[00:06:46.498] #101 [NED] isNonEditableBlock(44) type=list → false
[00:06:47.524] #102 [═══] ═══════════════════════════════════════════
[00:06:47.524] #103 [KEY] keydown: ArrowRight dir=1 editMode=true
[00:06:47.524] #104 [KEY] currentCursor={"srcLine":76,"srcCol":2,"blockIndex":44}
[00:06:47.524] #105 [GBI] → 44 (anchor=#text off=0)
[00:06:47.524] #106 [NED] isNonEditableBlock(44) type=list → false
[00:06:47.524] #107 [EDGE] isAtBlockEdge(1) anchor='s' off=0 lastText='s' len=1 → false
[00:06:47.524] #108 [CASB] Case B: curBlk 44 atEdge(1)=false
[00:06:47.524] #109 [CASC] Case C: normal move, browser handles, then check
[00:06:47.531] #110 [GBI] → 44 (anchor=#text off=1)
[00:06:47.531] #111 [CASC]   after browser move: newBlk=44
[00:06:47.531] #112 [NED] isNonEditableBlock(44) type=list → false
[00:11:33.006] #1 [NED] isNonEditableBlock(64) type=list → false
[00:11:38.956] #2 [NED] isNonEditableBlock(65) type=blank_line → false
[00:19:14.528] #1 [NED] isNonEditableBlock(64) type=list → false
[00:19:27.738] #2 [NED] isNonEditableBlock(64) type=list → false
[00:19:28.268] #3 [NED] isNonEditableBlock(64) type=list → false
[00:19:32.866] #4 [NED] isNonEditableBlock(64) type=list → false
[00:20:18.044] #5 [NED] isNonEditableBlock(64) type=list → false
[00:20:19.101] #6 [═══] ═══════════════════════════════════════════
[00:20:19.101] #7 [KEY] keydown: ArrowLeft dir=-1 editMode=true
[00:20:19.101] #8 [KEY] currentCursor={"srcLine":98,"srcCol":16,"blockIndex":64}
[00:20:19.101] #9 [GBI] → 64 (anchor=#text off=2)
[00:20:19.101] #10 [NED] isNonEditableBlock(64) type=list → false
[00:20:19.101] #11 [EDGE] isAtBlockEdge(-1) anchor='橙色字体' off=2 firstText='红色字体' → false
[00:20:19.101] #12 [CASB] Case B: curBlk 64 atEdge(-1)=false
[00:20:19.101] #13 [CASC] Case C: normal move, browser handles, then check
[00:20:19.109] #14 [GBI] → 64 (anchor=#text off=1)
[00:20:19.109] #15 [CASC]   after browser move: newBlk=64
[00:20:19.109] #16 [NED] isNonEditableBlock(64) type=list → false
[00:20:19.208] #17 [═══] ═══════════════════════════════════════════
[00:20:19.208] #18 [KEY] keydown: ArrowLeft dir=-1 editMode=true
[00:20:19.208] #19 [KEY] currentCursor={"srcLine":98,"srcCol":15,"blockIndex":64}
[00:20:19.208] #20 [GBI] → 64 (anchor=#text off=1)
[00:20:19.208] #21 [NED] isNonEditableBlock(64) type=list → false
[00:20:19.208] #22 [EDGE] isAtBlockEdge(-1) anchor='橙色字体' off=1 firstText='红色字体' → false
[00:20:19.208] #23 [CASB] Case B: curBlk 64 atEdge(-1)=false
[00:20:19.208] #24 [CASC] Case C: normal move, browser handles, then check
[00:20:19.217] #25 [GBI] → 64 (anchor=#text off=0)
[00:20:19.217] #26 [CASC]   after browser move: newBlk=64
[00:20:19.217] #27 [NED] isNonEditableBlock(64) type=list → false
[00:20:27.358] #28 [NED] isNonEditableBlock(64) type=list → false
[00:20:39.145] #29 [NED] isNonEditableBlock(64) type=list → false
[00:21:26.588] #30 [NED] isNonEditableBlock(71) type=list → false
[00:21:37.621] #31 [NED] isNonEditableBlock(71) type=list → false
[00:21:38.479] #32 [NED] isNonEditableBlock(71) type=list → false
[00:21:49.894] #33 [NED] isNonEditableBlock(71) type=list → false
[00:21:53.693] #34 [═══] ═══════════════════════════════════════════
[00:21:53.693] #35 [KEY] keydown: ArrowRight dir=1 editMode=true
[00:21:53.693] #36 [KEY] currentCursor={"srcLine":114,"srcCol":9,"blockIndex":71}
[00:21:53.693] #37 [GBI] → 71 (anchor=UL off=0)
[00:21:53.693] #38 [NED] isNonEditableBlock(71) type=list → false
[00:21:53.693] #39 [EDGE] isAtBlockEdge(1) anchor='粗体文本斜体文本粗体中含 md' off=0 lastText=' 链接' len=3 → false
[00:21:53.693] #40 [CASB] Case B: curBlk 71 atEdge(1)=false
[00:21:53.693] #41 [CASC] Case C: normal move, browser handles, then check
[00:21:53.695] #42 [GBI] → 71 (anchor=#text off=1)
[00:21:53.695] #43 [CASC]   after browser move: newBlk=71
[00:21:53.695] #44 [NED] isNonEditableBlock(71) type=list → false
[00:21:54.455] #45 [═══] ═══════════════════════════════════════════
[00:21:54.455] #46 [KEY] keydown: ArrowLeft dir=-1 editMode=true
[00:21:54.455] #47 [KEY] currentCursor={"srcLine":112,"srcCol":8,"blockIndex":71}
[00:21:54.455] #48 [GBI] → 71 (anchor=#text off=1)
[00:21:54.455] #49 [NED] isNonEditableBlock(71) type=list → false
[00:21:54.455] #50 [EDGE] isAtBlockEdge(-1) anchor='粗体文本' off=1 firstText='粗体文本' → false
[00:21:54.455] #51 [CASB] Case B: curBlk 71 atEdge(-1)=false
[00:21:54.455] #52 [CASC] Case C: normal move, browser handles, then check
[00:21:54.457] #53 [GBI] → 71 (anchor=#text off=0)
[00:21:54.457] #54 [CASC]   after browser move: newBlk=71
[00:21:54.457] #55 [NED] isNonEditableBlock(71) type=list → false
[00:21:54.747] #56 [═══] ═══════════════════════════════════════════
[00:21:54.747] #57 [KEY] keydown: ArrowDown dir=1 editMode=true
[00:21:54.747] #58 [KEY] currentCursor={"srcLine":112,"srcCol":7,"blockIndex":71}
[00:21:54.747] #59 [GBI] → 71 (anchor=#text off=0)
[00:21:54.747] #60 [NED] isNonEditableBlock(71) type=list → false
[00:21:54.747] #61 [EDGE] isAtBlockEdge(1) anchor='粗体文本' off=0 lastText=' 链接' len=3 → false
[00:21:54.747] #62 [CASB] Case B: curBlk 71 atEdge(1)=false
[00:21:54.747] #63 [CASC] Case C: normal move, browser handles, then check
[00:21:54.749] #64 [GBI] → 71 (anchor=#text off=0)
[00:21:54.749] #65 [CASC]   after browser move: newBlk=71
[00:21:54.749] #66 [NED] isNonEditableBlock(71) type=list → false
[00:21:54.960] #67 [═══] ═══════════════════════════════════════════
[00:21:54.960] #68 [KEY] keydown: ArrowDown dir=1 editMode=true
[00:21:54.960] #69 [KEY] currentCursor={"srcLine":113,"srcCol":7,"blockIndex":71}
[00:21:54.960] #70 [GBI] → 71 (anchor=#text off=0)
[00:21:54.960] #71 [NED] isNonEditableBlock(71) type=list → false
[00:21:54.960] #72 [EDGE] isAtBlockEdge(1) anchor='斜体文本' off=0 lastText=' 链接' len=3 → false
[00:21:54.960] #73 [CASB] Case B: curBlk 71 atEdge(1)=false
[00:21:54.960] #74 [CASC] Case C: normal move, browser handles, then check
[00:21:54.966] #75 [GBI] → 71 (anchor=#text off=0)
[00:21:54.966] #76 [CASC]   after browser move: newBlk=71
[00:21:54.966] #77 [NED] isNonEditableBlock(71) type=list → false
[00:21:55.297] #78 [═══] ═══════════════════════════════════════════
[00:21:55.297] #79 [KEY] keydown: ArrowDown dir=1 editMode=true
[00:21:55.297] #80 [KEY] currentCursor={"srcLine":114,"srcCol":7,"blockIndex":71}
[00:21:55.297] #81 [GBI] → 71 (anchor=#text off=0)
[00:21:55.297] #82 [NED] isNonEditableBlock(71) type=list → false
[00:21:55.297] #83 [EDGE] isAtBlockEdge(1) anchor='粗体中含 ' off=0 lastText=' 链接' len=3 → false
[00:21:55.297] #84 [CASB] Case B: curBlk 71 atEdge(1)=false
[00:21:55.297] #85 [CASC] Case C: normal move, browser handles, then check
[00:21:55.307] #86 [GBI] → 72 (anchor=DIV off=0)
[00:21:55.307] #87 [CASC]   after browser move: newBlk=72
[00:21:55.307] #88 [NED] isNonEditableBlock(72) type=blank_line → false
[00:22:05.000] #89 [NED] isNonEditableBlock(77) type=list → false
[00:25:05.151] #1 [NED] isNonEditableBlock(44) type=list → false
[00:25:05.785] #2 [NED] isNonEditableBlock(44) type=list → false
[00:25:10.877] #3 [═══] ═══════════════════════════════════════════
[00:25:10.877] #4 [KEY] keydown: ArrowUp dir=-1 editMode=true
[00:25:10.877] #5 [KEY] currentCursor={"srcLine":74,"srcCol":2,"blockIndex":44}
[00:25:10.877] #6 [GBI] → 44 (anchor=LI off=0)
[00:25:10.877] #7 [NED] isNonEditableBlock(44) type=list → false
[00:25:10.877] #8 [EDGE] isAtBlockEdge(-1) anchor='' off=0 firstText='默认（黄）：' → false
[00:25:10.877] #9 [CASB] Case B: curBlk 44 atEdge(-1)=false
[00:25:10.877] #10 [CASC] Case C: normal move, browser handles, then check
[00:25:10.887] #11 [GBI] → 44 (anchor=LI off=0)
[00:25:10.887] #12 [CASC]   after browser move: newBlk=44
[00:25:10.887] #13 [NED] isNonEditableBlock(44) type=list → false
[00:25:11.533] #14 [═══] ═══════════════════════════════════════════
[00:25:11.533] #15 [KEY] keydown: ArrowUp dir=-1 editMode=true
[00:25:11.533] #16 [KEY] currentCursor={"srcLine":73,"srcCol":2,"blockIndex":44}
[00:25:11.533] #17 [GBI] → 44 (anchor=LI off=0)
[00:25:11.533] #18 [NED] isNonEditableBlock(44) type=list → false
[00:25:11.533] #19 [EDGE] isAtBlockEdge(-1) anchor='' off=0 firstText='默认（黄）：' → false
[00:25:11.533] #20 [CASB] Case B: curBlk 44 atEdge(-1)=false
[00:25:11.533] #21 [CASC] Case C: normal move, browser handles, then check
[00:25:11.537] #22 [GBI] → 44 (anchor=#text off=0)
[00:25:11.537] #23 [CASC]   after browser move: newBlk=44
[00:25:11.537] #24 [NED] isNonEditableBlock(44) type=list → false
[00:25:12.174] #25 [═══] ═══════════════════════════════════════════
[00:25:12.174] #26 [KEY] keydown: ArrowRight dir=1 editMode=true
[00:25:12.175] #27 [KEY] currentCursor={"srcLine":72,"srcCol":2,"blockIndex":44}
[00:25:12.175] #28 [GBI] → 44 (anchor=#text off=0)
[00:25:12.175] #29 [NED] isNonEditableBlock(44) type=list → false
[00:25:12.175] #30 [EDGE] isAtBlockEdge(1) anchor='橙色：' off=0 lastText='待复习内容' len=5 → false
[00:25:12.175] #31 [CASB] Case B: curBlk 44 atEdge(1)=false
[00:25:12.175] #32 [CASC] Case C: normal move, browser handles, then check
[00:25:12.180] #33 [GBI] → 44 (anchor=#text off=1)
[00:25:12.180] #34 [CASC]   after browser move: newBlk=44
[00:25:12.180] #35 [NED] isNonEditableBlock(44) type=list → false
[00:25:12.361] #36 [═══] ═══════════════════════════════════════════
[00:25:12.361] #37 [KEY] keydown: ArrowRight dir=1 editMode=true
[00:25:12.362] #38 [KEY] currentCursor={"srcLine":72,"srcCol":3,"blockIndex":44}
[00:25:12.362] #39 [GBI] → 44 (anchor=#text off=1)
[00:25:12.362] #40 [NED] isNonEditableBlock(44) type=list → false
[00:25:12.362] #41 [EDGE] isAtBlockEdge(1) anchor='橙色：' off=1 lastText='待复习内容' len=5 → false
[00:25:12.362] #42 [CASB] Case B: curBlk 44 atEdge(1)=false
[00:25:12.362] #43 [CASC] Case C: normal move, browser handles, then check
[00:25:12.370] #44 [GBI] → 44 (anchor=#text off=2)
[00:25:12.371] #45 [CASC]   after browser move: newBlk=44
[00:25:12.371] #46 [NED] isNonEditableBlock(44) type=list → false
[00:25:12.490] #47 [═══] ═══════════════════════════════════════════
[00:25:12.490] #48 [KEY] keydown: ArrowRight dir=1 editMode=true
[00:25:12.490] #49 [KEY] currentCursor={"srcLine":72,"srcCol":4,"blockIndex":44}
[00:25:12.490] #50 [GBI] → 44 (anchor=#text off=2)
[00:25:12.490] #51 [NED] isNonEditableBlock(44) type=list → false
[00:25:12.491] #52 [EDGE] isAtBlockEdge(1) anchor='橙色：' off=2 lastText='待复习内容' len=5 → false
[00:25:12.491] #53 [CASB] Case B: curBlk 44 atEdge(1)=false
[00:25:12.491] #54 [CASC] Case C: normal move, browser handles, then check
[00:25:12.495] #55 [GBI] → 44 (anchor=#text off=3)
[00:25:12.495] #56 [CASC]   after browser move: newBlk=44
[00:25:12.495] #57 [NED] isNonEditableBlock(44) type=list → false
[00:25:12.666] #58 [═══] ═══════════════════════════════════════════
[00:25:12.666] #59 [KEY] keydown: ArrowRight dir=1 editMode=true
[00:25:12.666] #60 [KEY] currentCursor={"srcLine":72,"srcCol":5,"blockIndex":44}
[00:25:12.666] #61 [GBI] → 44 (anchor=#text off=3)
[00:25:12.666] #62 [NED] isNonEditableBlock(44) type=list → false
[00:25:12.666] #63 [EDGE] isAtBlockEdge(1) anchor='橙色：' off=3 lastText='待复习内容' len=5 → false
[00:25:12.666] #64 [CASB] Case B: curBlk 44 atEdge(1)=false
[00:25:12.666] #65 [CASC] Case C: normal move, browser handles, then check
[00:25:12.671] #66 [GBI] → 44 (anchor=#text off=1)
[00:25:12.671] #67 [CASC]   after browser move: newBlk=44
[00:25:12.671] #68 [NED] isNonEditableBlock(44) type=list → false
[00:25:16.970] #69 [═══] ═══════════════════════════════════════════
[00:25:16.970] #70 [KEY] keydown: ArrowDown dir=1 editMode=true
[00:25:16.970] #71 [KEY] currentCursor={"srcLine":73,"srcCol":14,"blockIndex":44}
[00:25:16.970] #72 [GBI] → 44 (anchor=#text off=1)
[00:25:16.970] #73 [NED] isNonEditableBlock(44) type=list → false
[00:25:16.970] #74 [EDGE] isAtBlockEdge(1) anchor='待复习内容' off=1 lastText='待复习内容' len=5 → false
[00:25:16.970] #75 [CASB] Case B: curBlk 44 atEdge(1)=false
[00:25:16.970] #76 [CASC] Case C: normal move, browser handles, then check
[00:25:16.972] #77 [GBI] → 44 (anchor=LI off=0)
[00:25:16.972] #78 [CASC]   after browser move: newBlk=44
[00:25:16.972] #79 [NED] isNonEditableBlock(44) type=list → false
[00:25:17.294] #80 [═══] ═══════════════════════════════════════════
[00:25:17.294] #81 [KEY] keydown: ArrowDown dir=1 editMode=true
[00:25:17.294] #82 [KEY] currentCursor={"srcLine":73,"srcCol":2,"blockIndex":44}
[00:25:17.294] #83 [GBI] → 44 (anchor=LI off=0)
[00:25:17.294] #84 [NED] isNonEditableBlock(44) type=list → false
[00:25:17.294] #85 [EDGE] isAtBlockEdge(1) anchor='' off=0 lastText='待复习内容' len=5 → false
[00:25:17.294] #86 [CASB] Case B: curBlk 44 atEdge(1)=false
[00:25:17.294] #87 [CASC] Case C: normal move, browser handles, then check
[00:25:17.303] #88 [GBI] → 44 (anchor=LI off=0)
[00:25:17.303] #89 [CASC]   after browser move: newBlk=44
[00:25:17.303] #90 [NED] isNonEditableBlock(44) type=list → false
[00:25:18.523] #91 [═══] ═══════════════════════════════════════════
[00:25:18.523] #92 [KEY] keydown: ArrowUp dir=-1 editMode=true
[00:25:18.523] #93 [KEY] currentCursor={"srcLine":74,"srcCol":2,"blockIndex":44}
[00:25:18.523] #94 [GBI] → 44 (anchor=LI off=0)
[00:25:18.523] #95 [NED] isNonEditableBlock(44) type=list → false
[00:25:18.523] #96 [EDGE] isAtBlockEdge(-1) anchor='' off=0 firstText='默认（黄）：' → false
[00:25:18.523] #97 [CASB] Case B: curBlk 44 atEdge(-1)=false
[00:25:18.523] #98 [CASC] Case C: normal move, browser handles, then check
[00:25:18.529] #99 [GBI] → 44 (anchor=LI off=0)
[00:25:18.529] #100 [CASC]   after browser move: newBlk=44
[00:25:18.529] #101 [NED] isNonEditableBlock(44) type=list → false
[00:25:19.182] #102 [═══] ═══════════════════════════════════════════
[00:25:19.182] #103 [KEY] keydown: ArrowDown dir=1 editMode=true
[00:25:19.182] #104 [KEY] currentCursor={"srcLine":73,"srcCol":2,"blockIndex":44}
[00:25:19.182] #105 [GBI] → 44 (anchor=LI off=0)
[00:25:19.182] #106 [NED] isNonEditableBlock(44) type=list → false
[00:25:19.182] #107 [EDGE] isAtBlockEdge(1) anchor='' off=0 lastText='待复习内容' len=5 → false
[00:25:19.182] #108 [CASB] Case B: curBlk 44 atEdge(1)=false
[00:25:19.182] #109 [CASC] Case C: normal move, browser handles, then check
[00:25:19.188] #110 [GBI] → 44 (anchor=LI off=0)
[00:25:19.188] #111 [CASC]   after browser move: newBlk=44
[00:25:19.188] #112 [NED] isNonEditableBlock(44) type=list → false
[00:25:19.390] #113 [═══] ═══════════════════════════════════════════
[00:25:19.390] #114 [KEY] keydown: ArrowDown dir=1 editMode=true
[00:25:19.390] #115 [KEY] currentCursor={"srcLine":74,"srcCol":2,"blockIndex":44}
[00:25:19.390] #116 [GBI] → 44 (anchor=LI off=0)
[00:25:19.390] #117 [NED] isNonEditableBlock(44) type=list → false
[00:25:19.390] #118 [EDGE] isAtBlockEdge(1) anchor='' off=0 lastText='待复习内容' len=5 → false
[00:25:19.390] #119 [CASB] Case B: curBlk 44 atEdge(1)=false
[00:25:19.390] #120 [CASC] Case C: normal move, browser handles, then check
[00:25:19.395] #121 [GBI] → 45 (anchor=DIV off=0)
[00:25:19.395] #122 [CASC]   after browser move: newBlk=45
[00:25:19.395] #123 [NED] isNonEditableBlock(45) type=blank_line → false
[00:25:26.851] #124 [NED] isNonEditableBlock(65) type=list → false
[00:25:30.564] #125 [═══] ═══════════════════════════════════════════
[00:25:30.564] #126 [KEY] keydown: ArrowDown dir=1 editMode=true
[00:25:30.564] #127 [KEY] currentCursor={"srcLine":99,"srcCol":11,"blockIndex":65}
[00:25:30.564] #128 [GBI] → 65 (anchor=#text off=2)
[00:25:30.564] #129 [NED] isNonEditableBlock(65) type=list → false
[00:25:30.564] #130 [EDGE] isAtBlockEdge(1) anchor='红色字体' off=2 lastText='               ' len=33 → false
[00:25:30.564] #131 [CASB] Case B: curBlk 65 atEdge(1)=false
[00:25:30.564] #132 [CASC] Case C: normal move, browser handles, then check
[00:25:30.565] #133 [GBI] → 65 (anchor=#text off=2)
[00:25:30.565] #134 [CASC]   after browser move: newBlk=65
[00:25:30.565] #135 [NED] isNonEditableBlock(65) type=list → false
[00:25:30.734] #136 [═══] ═══════════════════════════════════════════
[00:25:30.734] #137 [KEY] keydown: ArrowDown dir=1 editMode=true
[00:25:30.734] #138 [KEY] currentCursor={"srcLine":99,"srcCol":14,"blockIndex":65}
[00:25:30.734] #139 [GBI] → 65 (anchor=#text off=2)
[00:25:30.734] #140 [NED] isNonEditableBlock(65) type=list → false
[00:25:30.734] #141 [EDGE] isAtBlockEdge(1) anchor='蓝色字体' off=2 lastText='               ' len=33 → false
[00:25:30.734] #142 [CASB] Case B: curBlk 65 atEdge(1)=false
[00:25:30.734] #143 [CASC] Case C: normal move, browser handles, then check
[00:25:30.737] #144 [GBI] → 65 (anchor=#text off=2)
[00:25:30.737] #145 [CASC]   after browser move: newBlk=65
[00:25:30.737] #146 [NED] isNonEditableBlock(65) type=list → false
[00:25:32.434] #147 [═══] ═══════════════════════════════════════════
[00:25:32.434] #148 [KEY] keydown: ArrowUp dir=-1 editMode=true
[00:25:32.434] #149 [KEY] currentCursor={"srcLine":100,"srcCol":15,"blockIndex":65}
[00:25:32.434] #150 [GBI] → 65 (anchor=#text off=2)
[00:25:32.434] #151 [NED] isNonEditableBlock(65) type=list → false
[00:25:32.434] #152 [EDGE] isAtBlockEdge(-1) anchor='绿色字体' off=2 firstText='红色字体' → false
[00:25:32.434] #153 [CASB] Case B: curBlk 65 atEdge(-1)=false
[00:25:32.434] #154 [CASC] Case C: normal move, browser handles, then check
[00:25:32.437] #155 [GBI] → 65 (anchor=#text off=2)
[00:25:32.437] #156 [CASC]   after browser move: newBlk=65
[00:25:32.437] #157 [NED] isNonEditableBlock(65) type=list → false
[00:25:33.141] #158 [═══] ═══════════════════════════════════════════
[00:25:33.141] #159 [KEY] keydown: ArrowDown dir=1 editMode=true
[00:25:33.141] #160 [KEY] currentCursor={"srcLine":99,"srcCol":14,"blockIndex":65}
[00:25:33.142] #161 [GBI] → 65 (anchor=#text off=2)
[00:25:33.142] #162 [NED] isNonEditableBlock(65) type=list → false
[00:25:33.142] #163 [EDGE] isAtBlockEdge(1) anchor='蓝色字体' off=2 lastText='               ' len=33 → false
[00:25:33.142] #164 [CASB] Case B: curBlk 65 atEdge(1)=false
[00:25:33.142] #165 [CASC] Case C: normal move, browser handles, then check
[00:25:33.146] #166 [GBI] → 65 (anchor=#text off=2)
[00:25:33.146] #167 [CASC]   after browser move: newBlk=65
[00:25:33.146] #168 [NED] isNonEditableBlock(65) type=list → false
[00:25:33.331] #169 [═══] ═══════════════════════════════════════════
[00:25:33.331] #170 [KEY] keydown: ArrowDown dir=1 editMode=true
[00:25:33.331] #171 [KEY] currentCursor={"srcLine":100,"srcCol":15,"blockIndex":65}
[00:25:33.331] #172 [GBI] → 65 (anchor=#text off=2)
[00:25:33.331] #173 [NED] isNonEditableBlock(65) type=list → false
[00:25:33.331] #174 [EDGE] isAtBlockEdge(1) anchor='绿色字体' off=2 lastText='               ' len=33 → false
[00:25:33.331] #175 [CASB] Case B: curBlk 65 atEdge(1)=false
[00:25:33.331] #176 [CASC] Case C: normal move, browser handles, then check
[00:25:33.337] #177 [GBI] → 65 (anchor=#text off=2)
[00:25:33.337] #178 [CASC]   after browser move: newBlk=65
[00:25:33.337] #179 [NED] isNonEditableBlock(65) type=list → false
[00:25:33.496] #180 [═══] ═══════════════════════════════════════════
[00:25:33.496] #181 [KEY] keydown: ArrowDown dir=1 editMode=true
[00:25:33.496] #182 [KEY] currentCursor={"srcLine":101,"srcCol":16,"blockIndex":65}
[00:25:33.496] #183 [GBI] → 65 (anchor=#text off=2)
[00:25:33.496] #184 [NED] isNonEditableBlock(65) type=list → false
[00:25:33.496] #185 [EDGE] isAtBlockEdge(1) anchor='橙色字体' off=2 lastText='               ' len=33 → false
[00:25:33.496] #186 [CASB] Case B: curBlk 65 atEdge(1)=false
[00:25:33.496] #187 [CASC] Case C: normal move, browser handles, then check
[00:25:33.504] #188 [GBI] → 65 (anchor=#text off=2)
[00:25:33.504] #189 [CASC]   after browser move: newBlk=65
[00:25:33.504] #190 [NED] isNonEditableBlock(65) type=list → false
[00:25:33.675] #191 [═══] ═══════════════════════════════════════════
[00:25:33.675] #192 [KEY] keydown: ArrowDown dir=1 editMode=true
[00:25:33.675] #193 [KEY] currentCursor={"srcLine":102,"srcCol":16,"blockIndex":65}
[00:25:33.675] #194 [GBI] → 65 (anchor=#text off=2)
[00:25:33.675] #195 [NED] isNonEditableBlock(65) type=list → false
[00:25:33.675] #196 [EDGE] isAtBlockEdge(1) anchor='紫色字体' off=2 lastText='               ' len=33 → false
[00:25:33.675] #197 [CASB] Case B: curBlk 65 atEdge(1)=false
[00:25:33.675] #198 [CASC] Case C: normal move, browser handles, then check
[00:25:33.678] #199 [GBI] → 65 (anchor=#text off=2)
[00:25:33.679] #200 [CASC]   after browser move: newBlk=65
[00:25:33.679] #201 [NED] isNonEditableBlock(65) type=list → false
[00:25:33.824] #202 [═══] ═══════════════════════════════════════════
[00:25:33.824] #203 [KEY] keydown: ArrowDown dir=1 editMode=true
[00:25:33.824] #204 [KEY] currentCursor={"srcLine":103,"srcCol":14,"blockIndex":65}
[00:25:33.824] #205 [GBI] → 65 (anchor=#text off=2)
[00:25:33.824] #206 [NED] isNonEditableBlock(65) type=list → false
[00:25:33.824] #207 [EDGE] isAtBlockEdge(1) anchor='灰色字体' off=2 lastText='               ' len=33 → false
[00:25:33.824] #208 [CASB] Case B: curBlk 65 atEdge(1)=false
[00:25:33.824] #209 [CASC] Case C: normal move, browser handles, then check
[00:25:33.828] #210 [GBI] → 65 (anchor=#text off=2)
[00:25:33.828] #211 [CASC]   after browser move: newBlk=65
[00:25:33.828] #212 [NED] isNonEditableBlock(65) type=list → false
[00:25:33.983] #213 [═══] ═══════════════════════════════════════════
[00:25:33.983] #214 [KEY] keydown: ArrowDown dir=1 editMode=true
[00:25:33.983] #215 [KEY] currentCursor={"srcLine":104,"srcCol":17,"blockIndex":65}
[00:25:33.983] #216 [GBI] → 65 (anchor=#text off=2)
[00:25:33.983] #217 [NED] isNonEditableBlock(65) type=list → false
[00:25:33.983] #218 [EDGE] isAtBlockEdge(1) anchor='自定义' off=2 lastText='               ' len=33 → false
[00:25:33.984] #219 [CASB] Case B: curBlk 65 atEdge(1)=false
[00:25:33.984] #220 [CASC] Case C: normal move, browser handles, then check
[00:25:33.987] #221 [GBI] → 65 (anchor=#text off=2)
[00:25:33.987] #222 [CASC]   after browser move: newBlk=65
[00:25:33.987] #223 [NED] isNonEditableBlock(65) type=list → false
[00:25:34.414] #224 [═══] ═══════════════════════════════════════════
[00:25:34.414] #225 [KEY] keydown: ArrowRight dir=1 editMode=true
[00:25:34.414] #226 [KEY] currentCursor={"srcLine":105,"srcCol":17,"blockIndex":65}
[00:25:34.414] #227 [GBI] → 65 (anchor=#text off=2)
[00:25:34.414] #228 [NED] isNonEditableBlock(65) type=list → false
[00:25:34.414] #229 [EDGE] isAtBlockEdge(1) anchor='自定义红底' off=2 lastText='               ' len=33 → false
[00:25:34.414] #230 [CASB] Case B: curBlk 65 atEdge(1)=false
[00:25:34.414] #231 [CASC] Case C: normal move, browser handles, then check
[00:25:34.420] #232 [GBI] → 65 (anchor=#text off=3)
[00:25:34.420] #233 [CASC]   after browser move: newBlk=65
[00:25:34.420] #234 [NED] isNonEditableBlock(65) type=list → false
[00:25:44.997] #235 [NED] isNonEditableBlock(72) type=list → false
[00:25:45.384] #236 [NED] isNonEditableBlock(72) type=list → false
[00:26:11.075] #237 [NED] isNonEditableBlock(78) type=list → false
[00:26:11.410] #238 [NED] isNonEditableBlock(78) type=list → false
[00:26:13.409] #239 [NED] isNonEditableBlock(74) type=heading → false
[00:29:06.062] #1 [NED] isNonEditableBlock(44) type=list → false
[00:29:11.387] #2 [NED] isNonEditableBlock(65) type=list → false
[00:29:14.918] #3 [NED] isNonEditableBlock(65) type=list → false
[00:29:16.433] #4 [═══] ═══════════════════════════════════════════
[00:29:16.433] #5 [KEY] keydown: ArrowUp dir=-1 editMode=true
[00:29:16.433] #6 [KEY] currentCursor={"srcLine":100,"srcCol":2,"blockIndex":65}
[00:29:16.433] #7 [GBI] → 65 (anchor=LI off=0)
[00:29:16.433] #8 [NED] isNonEditableBlock(65) type=list → false
[00:29:16.433] #9 [EDGE] isAtBlockEdge(-1) anchor='' off=0 firstText='红色字体' → false
[00:29:16.433] #10 [CASB] Case B: curBlk 65 atEdge(-1)=false
[00:29:16.433] #11 [CASC] Case C: normal move, browser handles, then check
[00:29:16.435] #12 [GBI] → 65 (anchor=LI off=0)
[00:29:16.435] #13 [CASC]   after browser move: newBlk=65
[00:29:16.435] #14 [NED] isNonEditableBlock(65) type=list → false
[00:29:17.925] #15 [═══] ═══════════════════════════════════════════
[00:29:17.925] #16 [KEY] keydown: ArrowDown dir=1 editMode=true
[00:29:17.926] #17 [KEY] currentCursor={"srcLine":100,"srcCol":2,"blockIndex":65}
[00:29:17.926] #18 [GBI] → 65 (anchor=LI off=0)
[00:29:17.926] #19 [NED] isNonEditableBlock(65) type=list → false
[00:29:17.926] #20 [EDGE] isAtBlockEdge(1) anchor='' off=0 lastText='               ' len=33 → false
[00:29:17.926] #21 [CASB] Case B: curBlk 65 atEdge(1)=false
[00:29:17.926] #22 [CASC] Case C: normal move, browser handles, then check
[00:29:17.933] #23 [GBI] → 65 (anchor=LI off=0)
[00:29:17.933] #24 [CASC]   after browser move: newBlk=65
[00:29:17.933] #25 [NED] isNonEditableBlock(65) type=list → false
[00:29:22.609] #26 [NED] isNonEditableBlock(66) type=blank_line → false
[00:32:44.817] #1 [NED] isNonEditableBlock(44) type=list → false
[00:32:50.268] #2 [═══] ═══════════════════════════════════════════
[00:32:50.268] #3 [KEY] keydown: ArrowDown dir=1 editMode=true
[00:32:50.268] #4 [KEY] currentCursor={"srcLine":75,"srcCol":0,"blockIndex":45}
[00:32:50.269] #5 [GBI] → 44 (anchor=#text off=0)
[00:32:50.269] #6 [NED] isNonEditableBlock(44) type=list → false
[00:32:50.269] #7 [EDGE] isAtBlockEdge(1) anchor='默认（黄）：' off=0 lastText='待复习内容' len=5 → false
[00:32:50.269] #8 [CASB] Case B: curBlk 44 atEdge(1)=false
[00:32:50.269] #9 [CASC] Case C: normal move, browser handles, then check
[00:32:50.271] #10 [GBI] → 44 (anchor=#text off=0)
[00:32:50.271] #11 [CASC]   after browser move: newBlk=44
[00:32:50.271] #12 [NED] isNonEditableBlock(44) type=list → false
[00:32:50.635] #13 [═══] ═══════════════════════════════════════════
[00:32:50.635] #14 [KEY] keydown: ArrowDown dir=1 editMode=true
[00:32:50.635] #15 [KEY] currentCursor={"srcLine":69,"srcCol":2,"blockIndex":44}
[00:32:50.635] #16 [GBI] → 44 (anchor=#text off=0)
[00:32:50.635] #17 [NED] isNonEditableBlock(44) type=list → false
[00:32:50.635] #18 [EDGE] isAtBlockEdge(1) anchor='红色：' off=0 lastText='待复习内容' len=5 → false
[00:32:50.635] #19 [CASB] Case B: curBlk 44 atEdge(1)=false
[00:32:50.635] #20 [CASC] Case C: normal move, browser handles, then check
[00:32:50.637] #21 [GBI] → 44 (anchor=#text off=0)
[00:32:50.637] #22 [CASC]   after browser move: newBlk=44
[00:32:50.637] #23 [NED] isNonEditableBlock(44) type=list → false
[00:32:50.849] #24 [═══] ═══════════════════════════════════════════
[00:32:50.849] #25 [KEY] keydown: ArrowDown dir=1 editMode=true
[00:32:50.849] #26 [KEY] currentCursor={"srcLine":70,"srcCol":2,"blockIndex":44}
[00:32:50.849] #27 [GBI] → 44 (anchor=#text off=0)
[00:32:50.849] #28 [NED] isNonEditableBlock(44) type=list → false
[00:32:50.849] #29 [EDGE] isAtBlockEdge(1) anchor='绿色：' off=0 lastText='待复习内容' len=5 → false
[00:32:50.849] #30 [CASB] Case B: curBlk 44 atEdge(1)=false
[00:32:50.849] #31 [CASC] Case C: normal move, browser handles, then check
[00:32:50.854] #32 [GBI] → 44 (anchor=#text off=0)
[00:32:50.854] #33 [CASC]   after browser move: newBlk=44
[00:32:50.854] #34 [NED] isNonEditableBlock(44) type=list → false
[00:32:51.002] #35 [═══] ═══════════════════════════════════════════
[00:32:51.002] #36 [KEY] keydown: ArrowDown dir=1 editMode=true
[00:32:51.002] #37 [KEY] currentCursor={"srcLine":71,"srcCol":2,"blockIndex":44}
[00:32:51.002] #38 [GBI] → 44 (anchor=#text off=0)
[00:32:51.002] #39 [NED] isNonEditableBlock(44) type=list → false
[00:32:51.002] #40 [EDGE] isAtBlockEdge(1) anchor='蓝色：' off=0 lastText='待复习内容' len=5 → false
[00:32:51.002] #41 [CASB] Case B: curBlk 44 atEdge(1)=false
[00:32:51.002] #42 [CASC] Case C: normal move, browser handles, then check
[00:32:51.004] #43 [GBI] → 44 (anchor=#text off=0)
[00:32:51.004] #44 [CASC]   after browser move: newBlk=44
[00:32:51.004] #45 [NED] isNonEditableBlock(44) type=list → false
[00:32:51.161] #46 [═══] ═══════════════════════════════════════════
[00:32:51.161] #47 [KEY] keydown: ArrowDown dir=1 editMode=true
[00:32:51.161] #48 [KEY] currentCursor={"srcLine":72,"srcCol":2,"blockIndex":44}
[00:32:51.161] #49 [GBI] → 44 (anchor=#text off=0)
[00:32:51.161] #50 [NED] isNonEditableBlock(44) type=list → false
[00:32:51.161] #51 [EDGE] isAtBlockEdge(1) anchor='橙色：' off=0 lastText='待复习内容' len=5 → false
[00:32:51.161] #52 [CASB] Case B: curBlk 44 atEdge(1)=false
[00:32:51.161] #53 [CASC] Case C: normal move, browser handles, then check
[00:32:51.171] #54 [GBI] → 44 (anchor=LI off=0)
[00:32:51.171] #55 [CASC]   after browser move: newBlk=44
[00:32:51.171] #56 [NED] isNonEditableBlock(44) type=list → false
[00:32:51.350] #57 [═══] ═══════════════════════════════════════════
[00:32:51.350] #58 [KEY] keydown: ArrowDown dir=1 editMode=true
[00:32:51.350] #59 [KEY] currentCursor={"srcLine":73,"srcCol":2,"blockIndex":44}
[00:32:51.350] #60 [GBI] → 44 (anchor=LI off=0)
[00:32:51.350] #61 [NED] isNonEditableBlock(44) type=list → false
[00:32:51.350] #62 [EDGE] isAtBlockEdge(1) anchor='' off=0 lastText='待复习内容' len=5 → false
[00:32:51.350] #63 [CASB] Case B: curBlk 44 atEdge(1)=false
[00:32:51.350] #64 [CASC] Case C: normal move, browser handles, then check
[00:32:51.354] #65 [GBI] → 44 (anchor=LI off=0)
[00:32:51.354] #66 [CASC]   after browser move: newBlk=44
[00:32:51.354] #67 [NED] isNonEditableBlock(44) type=list → false
[00:32:55.380] #68 [═══] ═══════════════════════════════════════════
[00:32:55.380] #69 [KEY] keydown: ArrowDown dir=1 editMode=true
[00:32:55.380] #70 [KEY] currentCursor={"srcLine":73,"srcCol":2,"blockIndex":44}
[00:32:55.380] #71 [GBI] → 44 (anchor=LI off=0)
[00:32:55.380] #72 [NED] isNonEditableBlock(44) type=list → false
[00:32:55.380] #73 [EDGE] isAtBlockEdge(1) anchor='' off=0 lastText='待复习内容' len=5 → false
[00:32:55.380] #74 [CASB] Case B: curBlk 44 atEdge(1)=false
[00:32:55.380] #75 [CASC] Case C: normal move, browser handles, then check
[00:32:55.382] #76 [GBI] → 45 (anchor=DIV off=0)
[00:32:55.382] #77 [CASC]   after browser move: newBlk=45
[00:32:55.382] #78 [NED] isNonEditableBlock(45) type=blank_line → false
[00:38:39.657] #1 [NED] isNonEditableBlock(44) type=list → false
[00:38:40.708] #2 [NED] isNonEditableBlock(45) type=blank_line → false
[00:38:48.442] #3 [═══] ═══════════════════════════════════════════
[00:38:48.442] #4 [KEY] keydown: ArrowDown dir=1 editMode=true
[00:38:48.442] #5 [KEY] currentCursor={"srcLine":73,"srcCol":2,"blockIndex":44}
[00:38:48.442] #6 [GBI] → 44 (anchor=LI off=0)
[00:38:48.442] #7 [NED] isNonEditableBlock(44) type=list → false
[00:38:48.442] #8 [EDGE] isAtBlockEdge(1) anchor='' off=0 lastText='待复习内容' len=5 → false
[00:38:48.442] #9 [CASB] Case B: curBlk 44 atEdge(1)=false
[00:38:48.442] #10 [CASC] Case C: normal move, browser handles, then check
[00:38:48.444] #11 [GBI] → 45 (anchor=#text off=0)
[00:38:48.444] #12 [CASC]   after browser move: newBlk=45
[00:38:48.444] #13 [NED] isNonEditableBlock(45) type=heading → false
[00:38:50.963] #14 [═══] ═══════════════════════════════════════════
[00:38:50.963] #15 [KEY] keydown: ArrowUp dir=-1 editMode=true
[00:38:50.963] #16 [KEY] currentCursor={"srcLine":75,"srcCol":0,"blockIndex":45}
[00:38:50.963] #17 [GBI] → 46 (anchor=DIV off=0)
[00:38:50.963] #18 [NED] isNonEditableBlock(46) type=blank_line → false
[00:38:50.963] #19 [EDGE] isAtBlockEdge(-1) → false (no firstText)
[00:38:50.963] #20 [CASB] Case B: curBlk 46 atEdge(-1)=false
[00:38:50.963] #21 [CASC] Case C: normal move, browser handles, then check
[00:38:50.965] #22 [GBI] → 45 (anchor=DIV off=0)
[00:38:50.965] #23 [CASC]   after browser move: newBlk=45
[00:38:50.965] #24 [NED] isNonEditableBlock(45) type=blank_line → false
[00:38:51.344] #25 [═══] ═══════════════════════════════════════════
[00:38:51.344] #26 [KEY] keydown: ArrowUp dir=-1 editMode=true
[00:38:51.344] #27 [KEY] currentCursor={"srcLine":75,"srcCol":0,"blockIndex":45}
[00:38:51.344] #28 [GBI] → 45 (anchor=DIV off=0)
[00:38:51.345] #29 [NED] isNonEditableBlock(45) type=blank_line → false
[00:38:51.345] #30 [EDGE] isAtBlockEdge(-1) → false (no firstText)
[00:38:51.345] #31 [CASB] Case B: curBlk 45 atEdge(-1)=false
[00:38:51.345] #32 [CASC] Case C: normal move, browser handles, then check
[00:38:51.346] #33 [GBI] → 44 (anchor=LI off=0)
[00:38:51.346] #34 [CASC]   after browser move: newBlk=44
[00:38:51.346] #35 [NED] isNonEditableBlock(44) type=list → false
[00:38:54.018] #36 [═══] ═══════════════════════════════════════════
[00:38:54.018] #37 [KEY] keydown: ArrowDown dir=1 editMode=true
[00:38:54.018] #38 [KEY] currentCursor={"srcLine":73,"srcCol":2,"blockIndex":44}
[00:38:54.018] #39 [GBI] → 44 (anchor=#text off=5)
[00:38:54.018] #40 [NED] isNonEditableBlock(44) type=list → false
[00:38:54.018] #41 [EDGE] isAtBlockEdge(1) anchor='待复习内容' off=5 lastText='待复习内容' len=5 → true
[00:38:54.018] #42 [CASB] Case B: curBlk 44 atEdge(1)=true
[00:38:54.018] #43 [CASB]   nextBlk=45
[00:38:54.018] #44 [NED] isNonEditableBlock(45) type=blank_line → false
[00:38:54.018] #45 [CASB]   nextBlk editable or out of range → no skip
[00:38:54.018] #46 [CASC] Case C: normal move, browser handles, then check
[00:38:54.022] #47 [GBI] → 45 (anchor=DIV off=0)
[00:38:54.022] #48 [CASC]   after browser move: newBlk=45
[00:38:54.022] #49 [NED] isNonEditableBlock(45) type=blank_line → false
[00:38:54.175] #50 [═══] ═══════════════════════════════════════════
[00:38:54.175] #51 [KEY] keydown: ArrowDown dir=1 editMode=true
[00:38:54.175] #52 [KEY] currentCursor={"srcLine":73,"srcCol":0,"blockIndex":45}
[00:38:54.175] #53 [GBI] → 45 (anchor=DIV off=0)
[00:38:54.175] #54 [NED] isNonEditableBlock(45) type=blank_line → false
[00:38:54.175] #55 [EDGE] isAtBlockEdge(1) → false (no lastText, empty block)
[00:38:54.175] #56 [CASB] Case B: curBlk 45 atEdge(1)=false
[00:38:54.175] #57 [CASC] Case C: normal move, browser handles, then check
[00:38:54.176] #58 [GBI] → 46 (anchor=DIV off=0)
[00:38:54.176] #59 [CASC]   after browser move: newBlk=46
[00:38:54.176] #60 [NED] isNonEditableBlock(46) type=blank_line → false
[00:39:01.108] #61 [NED] isNonEditableBlock(64) type=list → false
[00:39:01.398] #62 [NED] isNonEditableBlock(64) type=list → false
[08:51:57.801] #1 [NED] isNonEditableBlock(44) type=list → false
[08:53:05.562] #2 [NED] isNonEditableBlock(44) type=list → false
[08:53:09.613] #3 [═══] ═══════════════════════════════════════════
[08:53:09.613] #4 [KEY] keydown: ArrowLeft dir=-1 editMode=true
[08:53:09.613] #5 [KEY] currentCursor={"srcLine":72,"srcCol":18,"blockIndex":44}
[08:53:09.613] #6 [GBI] → 44 (anchor=#text off=3)
[08:53:09.613] #7 [NED] isNonEditableBlock(44) type=list → false
[08:53:09.613] #8 [EDGE] isAtBlockEdge(-1) anchor='橙色：' off=3 firstText='默认（黄）：' → false
[08:53:09.613] #9 [CASB] Case B: curBlk 44 atEdge(-1)=false
[08:53:09.613] #10 [CASC] Case C: normal move, browser handles, then check
[08:53:09.615] #11 [GBI] → 44 (anchor=#text off=2)
[08:53:09.615] #12 [CASC]   after browser move: newBlk=44
[08:53:09.615] #13 [NED] isNonEditableBlock(44) type=list → false
[08:53:11.034] #14 [═══] ═══════════════════════════════════════════
[08:53:11.034] #15 [KEY] keydown: ArrowRight dir=1 editMode=true
[08:53:11.034] #16 [KEY] currentCursor={"srcLine":72,"srcCol":4,"blockIndex":44}
[08:53:11.034] #17 [GBI] → 44 (anchor=#text off=2)
[08:53:11.034] #18 [NED] isNonEditableBlock(44) type=list → false
[08:53:11.034] #19 [EDGE] isAtBlockEdge(1) anchor='橙色：' off=2 lastText='' len=0 → false
[08:53:11.034] #20 [CASB] Case B: curBlk 44 atEdge(1)=false
[08:53:11.034] #21 [CASC] Case C: normal move, browser handles, then check
[08:53:11.041] #22 [GBI] → 44 (anchor=#text off=3)
[08:53:11.041] #23 [CASC]   after browser move: newBlk=44
[08:53:11.041] #24 [NED] isNonEditableBlock(44) type=list → false
[08:53:16.934] #25 [═══] ═══════════════════════════════════════════
[08:53:16.934] #26 [KEY] keydown: ArrowRight dir=1 editMode=true
[08:53:16.934] #27 [KEY] currentCursor={"srcLine":72,"srcCol":6,"blockIndex":44}
[08:53:16.934] #28 [GBI] → 44 (anchor=#text off=3)
[08:53:16.934] #29 [NED] isNonEditableBlock(44) type=list → false
[08:53:16.934] #30 [EDGE] isAtBlockEdge(1) anchor='橙色：' off=3 lastText='' len=0 → false
[08:53:16.934] #31 [CASB] Case B: curBlk 44 atEdge(1)=false
[08:53:16.934] #32 [CASC] Case C: normal move, browser handles, then check
[08:53:16.936] #33 [GBI] → 45 (anchor=DIV off=0)
[08:53:16.936] #34 [CASC]   after browser move: newBlk=45
[08:53:16.936] #35 [NED] isNonEditableBlock(45) type=blank_line → false
[08:53:20.215] #36 [═══] ═══════════════════════════════════════════
[08:53:20.215] #37 [KEY] keydown: ArrowLeft dir=-1 editMode=true
[08:53:20.215] #38 [KEY] currentCursor={"srcLine":73,"srcCol":1,"blockIndex":45}
[08:53:20.215] #39 [GBI] → 45 (anchor=#text off=0)
[08:53:20.215] #40 [NED] isNonEditableBlock(45) type=paragraph → false
[08:53:20.215] #41 [EDGE] isAtBlockEdge(-1) anchor='' off=0 firstText='' → true
[08:53:20.215] #42 [CASB] Case B: curBlk 45 atEdge(-1)=true
[08:53:20.215] #43 [CASB]   nextBlk=44
[08:53:20.215] #44 [NED] isNonEditableBlock(44) type=list → false
[08:53:20.215] #45 [CASB]   nextBlk editable or out of range → no skip
[08:53:20.215] #46 [CASC] Case C: normal move, browser handles, then check
[08:53:20.217] #47 [GBI] → 44 (anchor=#text off=3)
[08:53:20.217] #48 [CASC]   after browser move: newBlk=44
[08:53:20.217] #49 [NED] isNonEditableBlock(44) type=list → false
[09:01:27.685] #1 [NED] isNonEditableBlock(44) type=list → false
[09:08:23.305] #1 [NED] isNonEditableBlock(13) type=blank_line → false
[09:08:23.635] #2 [NED] isNonEditableBlock(12) type=heading → false
[09:08:32.111] #3 [NED] isNonEditableBlock(44) type=list → false
[09:08:32.570] #4 [NED] isNonEditableBlock(44) type=list → false
[10:13:43.198] #1 [NED] isNonEditableBlock(5) type=blank_line → false
[10:13:43.533] #2 [NED] isNonEditableBlock(3) type=blank_line → false
[10:14:01.449] #3 [═══] ═══════════════════════════════════════════
[10:14:01.449] #4 [KEY] keydown: ArrowRight dir=1 editMode=true
[10:14:01.449] #5 [KEY] currentCursor={"srcLine":4,"srcCol":5,"blockIndex":3}
[10:14:01.449] #6 [GBI] → 3 (anchor=H3 off=0)
[10:14:01.449] #7 [NED] isNonEditableBlock(3) type=heading → false
[10:14:01.449] #8 [EDGE] isAtBlockEdge(1) → false (no lastText, empty block)
[10:14:01.449] #9 [CASB] Case B: curBlk 3 atEdge(1)=false
[10:14:01.449] #10 [CASC] Case C: normal move, browser handles, then check
[10:14:01.450] #11 [GBI] → 4 (anchor=#text off=1)
[10:14:01.450] #12 [CASC]   after browser move: newBlk=4
[10:14:01.450] #13 [NED] isNonEditableBlock(4) type=blank_line → false
[10:14:01.733] #14 [═══] ═══════════════════════════════════════════
[10:14:01.733] #15 [KEY] keydown: ArrowRight dir=1 editMode=true
[10:14:01.733] #16 [KEY] currentCursor={"srcLine":5,"srcCol":0,"blockIndex":4}
[10:14:01.733] #17 [GBI] → 4 (anchor=#text off=1)
[10:14:01.733] #18 [NED] isNonEditableBlock(4) type=blank_line → false
[10:14:01.733] #19 [EDGE] isAtBlockEdge(1) anchor='搜索' off=1 lastText='搜索' len=2 → false
[10:14:01.733] #20 [CASB] Case B: curBlk 4 atEdge(1)=false
[10:14:01.733] #21 [CASC] Case C: normal move, browser handles, then check
[10:14:01.735] #22 [GBI] → 4 (anchor=#text off=2)
[10:14:01.735] #23 [CASC]   after browser move: newBlk=4
[10:14:01.735] #24 [NED] isNonEditableBlock(4) type=blank_line → false
[10:14:18.853] #25 [NED] isNonEditableBlock(2) type=heading → false
[10:14:19.933] #26 [NED] isNonEditableBlock(2) type=heading → false
[10:14:20.209] #27 [NED] isNonEditableBlock(2) type=paragraph → false
[10:14:20.408] #28 [NED] isNonEditableBlock(2) type=paragraph → false
[10:14:21.137] #29 [NED] isNonEditableBlock(2) type=blank_line → false
[10:14:22.832] #30 [NED] isNonEditableBlock(2) type=blank_line → false
[10:14:24.498] #31 [NED] isNonEditableBlock(3) type=blank_line → false
[10:14:25.317] #32 [NED] isNonEditableBlock(3) type=blank_line → false
[10:14:34.266] #33 [NED] isNonEditableBlock(3) type=paragraph → false
[10:14:34.550] #34 [NED] isNonEditableBlock(3) type=paragraph → false
[10:14:34.782] #35 [NED] isNonEditableBlock(3) type=paragraph → false
[10:14:34.817] #36 [NED] isNonEditableBlock(3) type=paragraph → false
[10:14:35.185] #37 [NED] isNonEditableBlock(3) type=heading → false
[10:14:35.797] #38 [NED] isNonEditableBlock(4) type=blank_line → false
[10:14:39.154] #39 [NED] isNonEditableBlock(3) type=heading → false
[10:14:40.076] #40 [NED] isNonEditableBlock(3) type=paragraph → false
[10:14:40.181] #41 [NED] isNonEditableBlock(3) type=paragraph → false
[10:14:40.324] #42 [NED] isNonEditableBlock(3) type=paragraph → false
[10:14:40.502] #43 [NED] isNonEditableBlock(3) type=paragraph → false
[10:30:09.001] #1 [NED] isNonEditableBlock(3) type=blank_line → false
[10:30:46.497] #2 [NED] isNonEditableBlock(3) type=blank_line → false
[10:30:58.477] #3 [═══] ═══════════════════════════════════════════
[10:30:58.478] #4 [KEY] keydown: ArrowDown dir=1 editMode=true
[10:30:58.478] #5 [KEY] currentCursor={"srcLine":3,"srcCol":4,"blockIndex":2}
[10:30:58.478] #6 [GBI] → 1 (anchor=#text off=7)
[10:30:58.478] #7 [NED] isNonEditableBlock(1) type=heading → false
[10:30:58.478] #8 [EDGE] isAtBlockEdge(1) anchor='小屁是艾斯比吗' off=7 lastText='小屁是艾斯比吗' len=7 → true
[10:30:58.478] #9 [CASB] Case B: curBlk 1 atEdge(1)=true
[10:30:58.478] #10 [CASB]   nextBlk=2
[10:30:58.478] #11 [NED] isNonEditableBlock(2) type=blank_line → false
[10:30:58.478] #12 [CASB]   nextBlk editable or out of range → no skip
[10:30:58.478] #13 [CASC] Case C: normal move, browser handles, then check
[10:30:58.479] #14 [GBI] → 2 (anchor=DIV off=0)
[10:30:58.479] #15 [CASC]   after browser move: newBlk=2
[10:30:58.479] #16 [NED] isNonEditableBlock(2) type=blank_line → false
[10:31:01.723] #17 [═══] ═══════════════════════════════════════════
[10:31:01.723] #18 [KEY] keydown: ArrowUp dir=-1 editMode=true
[10:31:01.723] #19 [KEY] currentCursor={"srcLine":8,"srcCol":0,"blockIndex":7}
[10:31:01.723] #20 [GBI] → 8 (anchor=DIV off=0)
[10:31:01.723] #21 [NED] isNonEditableBlock(8) type=blank_line → false
[10:31:01.723] #22 [EDGE] isAtBlockEdge(-1) → false (no firstText)
[10:31:01.723] #23 [CASB] Case B: curBlk 8 atEdge(-1)=false
[10:31:01.723] #24 [CASC] Case C: normal move, browser handles, then check
[10:31:01.725] #25 [GBI] → 7 (anchor=DIV off=0)
[10:31:01.725] #26 [CASC]   after browser move: newBlk=7
[10:31:01.725] #27 [NED] isNonEditableBlock(7) type=blank_line → false
[10:31:02.763] #28 [═══] ═══════════════════════════════════════════
[10:31:02.763] #29 [KEY] keydown: ArrowUp dir=-1 editMode=true
[10:31:02.763] #30 [KEY] currentCursor={"srcLine":8,"srcCol":0,"blockIndex":7}
[10:31:02.763] #31 [GBI] → 7 (anchor=DIV off=0)
[10:31:02.763] #32 [NED] isNonEditableBlock(7) type=blank_line → false
[10:31:02.763] #33 [EDGE] isAtBlockEdge(-1) → false (no firstText)
[10:31:02.763] #34 [CASB] Case B: curBlk 7 atEdge(-1)=false
[10:31:02.763] #35 [CASC] Case C: normal move, browser handles, then check
[10:31:02.765] #36 [GBI] → 6 (anchor=DIV off=0)
[10:31:02.765] #37 [CASC]   after browser move: newBlk=6
[10:31:02.765] #38 [NED] isNonEditableBlock(6) type=blank_line → false
[10:31:02.917] #39 [═══] ═══════════════════════════════════════════
[10:31:02.917] #40 [KEY] keydown: ArrowUp dir=-1 editMode=true
[10:31:02.917] #41 [KEY] currentCursor={"srcLine":7,"srcCol":0,"blockIndex":6}
[10:31:02.917] #42 [GBI] → 6 (anchor=DIV off=0)
[10:31:02.917] #43 [NED] isNonEditableBlock(6) type=blank_line → false
[10:31:02.917] #44 [EDGE] isAtBlockEdge(-1) → false (no firstText)
[10:31:02.917] #45 [CASB] Case B: curBlk 6 atEdge(-1)=false
[10:31:02.917] #46 [CASC] Case C: normal move, browser handles, then check
[10:31:02.918] #47 [GBI] → 5 (anchor=DIV off=0)
[10:31:02.918] #48 [CASC]   after browser move: newBlk=5
[10:31:02.918] #49 [NED] isNonEditableBlock(5) type=blank_line → false
[10:31:03.056] #50 [═══] ═══════════════════════════════════════════
[10:31:03.056] #51 [KEY] keydown: ArrowUp dir=-1 editMode=true
[10:31:03.056] #52 [KEY] currentCursor={"srcLine":6,"srcCol":0,"blockIndex":5}
[10:31:03.056] #53 [GBI] → 5 (anchor=DIV off=0)
[10:31:03.056] #54 [NED] isNonEditableBlock(5) type=blank_line → false
[10:31:03.056] #55 [EDGE] isAtBlockEdge(-1) → false (no firstText)
[10:31:03.056] #56 [CASB] Case B: curBlk 5 atEdge(-1)=false
[10:31:03.056] #57 [CASC] Case C: normal move, browser handles, then check
[10:31:03.058] #58 [GBI] → 4 (anchor=DIV off=0)
[10:31:03.058] #59 [CASC]   after browser move: newBlk=4
[10:31:03.058] #60 [NED] isNonEditableBlock(4) type=blank_line → false
[10:36:06.725] #1 [NED] isNonEditableBlock(4) type=blank_line → false
[10:36:09.049] #2 [═══] ═══════════════════════════════════════════
[10:36:09.049] #3 [KEY] keydown: ArrowUp dir=-1 editMode=true
[10:36:09.049] #4 [KEY] currentCursor={"srcLine":5,"srcCol":0,"blockIndex":4}
[10:36:09.049] #5 [GBI] → 4 (anchor=DIV off=0)
[10:36:09.049] #6 [NED] isNonEditableBlock(4) type=blank_line → false
[10:36:09.049] #7 [EDGE] isAtBlockEdge(-1) → false (no firstText)
[10:36:09.049] #8 [CASB] Case B: curBlk 4 atEdge(-1)=false
[10:36:09.049] #9 [CASC] Case C: normal move, browser handles, then check
[10:36:09.050] #10 [GBI] → 3 (anchor=H2 off=0)
[10:36:09.050] #11 [CASC]   after browser move: newBlk=3
[10:36:09.050] #12 [NED] isNonEditableBlock(3) type=heading → false
[16:54:06.695] #1 [NED] isNonEditableBlock(32) type=heading → false
[16:54:14.981] #2 [NED] isNonEditableBlock(32) type=heading → false
[16:54:17.467] #3 [NED] isNonEditableBlock(32) type=heading → false
[16:54:18.875] #4 [NED] isNonEditableBlock(32) type=heading → false
[16:54:20.865] #5 [NED] isNonEditableBlock(32) type=heading → false
[16:54:21.721] #6 [NED] isNonEditableBlock(32) type=heading → false
[16:54:22.801] #7 [NED] isNonEditableBlock(32) type=heading → false
[16:54:23.370] #8 [NED] isNonEditableBlock(32) type=heading → false
[16:54:26.983] #9 [NED] isNonEditableBlock(32) type=heading → false
[16:54:31.573] #10 [NED] isNonEditableBlock(32) type=heading → false
[16:54:32.837] #11 [NED] isNonEditableBlock(32) type=heading → false
[16:54:48.269] #12 [NED] isNonEditableBlock(32) type=heading → false
[16:54:48.925] #13 [NED] isNonEditableBlock(32) type=heading → false
[16:54:55.283] #14 [NED] isNonEditableBlock(32) type=heading → false
[16:54:57.073] #15 [NED] isNonEditableBlock(32) type=heading → false
[16:55:03.615] #16 [NED] isNonEditableBlock(32) type=heading → false
[20:09:35.952] #1 [NED] isNonEditableBlock(1) type=heading → false
[20:09:58.494] #2 [NED] isNonEditableBlock(0) type=heading → false
[20:10:00.029] #3 [NED] isNonEditableBlock(1) type=heading → false
[20:23:34.683] #1 [NED] isNonEditableBlock(1) type=heading → false
[20:23:42.576] #2 [NED] isNonEditableBlock(1) type=heading → false
[20:23:55.994] #3 [NED] isNonEditableBlock(0) type=heading → false
[20:23:58.322] #4 [NED] isNonEditableBlock(1) type=heading → false
[20:24:31.545] #5 [NED] isNonEditableBlock(0) type=heading → false
[20:24:34.010] #6 [NED] isNonEditableBlock(1) type=heading → false
[20:24:42.598] #7 [NED] isNonEditableBlock(0) type=heading → false
[20:24:44.878] #8 [NED] isNonEditableBlock(1) type=heading → false
[20:24:53.522] #9 [NED] isNonEditableBlock(0) type=heading → false
[20:24:55.624] #10 [NED] isNonEditableBlock(0) type=heading → false
[20:24:58.591] #11 [NED] isNonEditableBlock(1) type=heading → false
[20:25:01.726] #12 [NED] isNonEditableBlock(0) type=heading → false
[20:25:03.444] #13 [NED] isNonEditableBlock(1) type=heading → false
[20:25:06.275] #14 [NED] isNonEditableBlock(0) type=heading → false
[20:25:07.978] #15 [NED] isNonEditableBlock(1) type=heading → false
[20:25:11.482] #16 [NED] isNonEditableBlock(0) type=heading → false
[20:25:12.976] #17 [NED] isNonEditableBlock(1) type=heading → false
[20:25:19.318] #18 [NED] isNonEditableBlock(2) type=blank_line → false
[20:25:21.972] #19 [NED] isNonEditableBlock(1) type=heading → false
[20:25:27.506] #20 [NED] isNonEditableBlock(0) type=heading → false
[20:26:01.356] #21 [NED] isNonEditableBlock(1) type=heading → false
[20:26:04.570] #22 [NED] isNonEditableBlock(0) type=heading → false
[20:26:53.764] #23 [NED] isNonEditableBlock(0) type=heading → false
[21:39:24.036] #1 [NED] isNonEditableBlock(1) type=heading → false
[23:32:57.780] #1 [NED] isNonEditableBlock(9) type=image → false
[23:32:58.124] #2 [NED] isNonEditableBlock(9) type=image → false
[23:33:01.524] #3 [NED] isNonEditableBlock(8) type=heading → false
[23:33:02.906] #4 [NED] isNonEditableBlock(5) type=blank_line → false
[23:33:03.227] #5 [NED] isNonEditableBlock(5) type=blank_line → false
[23:33:04.058] #6 [NED] isNonEditableBlock(5) type=blank_line → false
[23:33:10.272] #7 [NED] isNonEditableBlock(5) type=blank_line → false
[23:33:11.942] #8 [NED] isNonEditableBlock(5) type=blank_line → false
[23:33:12.558] #9 [NED] isNonEditableBlock(4) type=blank_line → false
[23:49:31.129] #1 [NED] isNonEditableBlock(6) type=blank_line → false
[23:49:31.712] #2 [NED] isNonEditableBlock(7) type=heading → false
[23:49:32.264] #3 [NED] isNonEditableBlock(7) type=heading → false
[23:49:40.780] #4 [NED] isNonEditableBlock(7) type=heading → false
[23:49:43.387] #5 [NED] isNonEditableBlock(7) type=heading → false
[23:49:47.641] #6 [NED] isNonEditableBlock(7) type=heading → false
[23:49:50.737] #7 [NED] isNonEditableBlock(7) type=heading → false
[23:49:53.639] #8 [NED] isNonEditableBlock(7) type=heading → false
[23:49:53.877] #9 [NED] isNonEditableBlock(7) type=heading → false
[23:49:56.133] #10 [NED] isNonEditableBlock(7) type=heading → false
[23:49:56.468] #11 [NED] isNonEditableBlock(7) type=heading → false
[23:49:57.699] #12 [NED] isNonEditableBlock(7) type=heading → false
[23:49:58.261] #13 [NED] isNonEditableBlock(7) type=heading → false
[23:49:58.266] #14 [NED] isNonEditableBlock(7) type=heading → false
[23:49:58.418] #15 [NED] isNonEditableBlock(7) type=heading → false
[23:49:58.423] #16 [NED] isNonEditableBlock(7) type=heading → false
[23:49:59.135] #17 [NED] isNonEditableBlock(7) type=heading → false
[23:49:59.140] #18 [NED] isNonEditableBlock(7) type=heading → false
[23:49:59.452] #19 [NED] isNonEditableBlock(7) type=heading → false
[23:49:59.452] #20 [NED] isNonEditableBlock(7) type=heading → false
[23:49:59.550] #21 [NED] isNonEditableBlock(7) type=heading → false
[23:49:59.551] #22 [NED] isNonEditableBlock(7) type=heading → false
[23:49:59.602] #23 [NED] isNonEditableBlock(7) type=heading → false
[23:49:59.603] #24 [NED] isNonEditableBlock(7) type=heading → false
[23:49:59.990] #25 [NED] isNonEditableBlock(7) type=heading → false
[23:49:59.990] #26 [NED] isNonEditableBlock(7) type=heading → false
[23:57:27.991] #1 [NED] isNonEditableBlock(8) type=blank_line → false
[23:57:29.479] #2 [NED] isNonEditableBlock(8) type=blank_line → false
[23:57:32.060] #3 [NED] isNonEditableBlock(9) type=blank_line → false
[23:57:36.234] #4 [NED] isNonEditableBlock(9) type=blank_line → false
[23:57:54.362] #5 [NED] isNonEditableBlock(9) type=blank_line → false
[23:57:56.898] #6 [NED] isNonEditableBlock(9) type=blank_line → false
[23:58:07.396] #7 [NED] isNonEditableBlock(9) type=blank_line → false
[23:58:08.812] #8 [NED] isNonEditableBlock(9) type=blank_line → false
[23:58:11.501] #9 [NED] isNonEditableBlock(9) type=blank_line → false
[23:58:20.153] #10 [NED] isNonEditableBlock(7) type=heading → false
[23:58:23.110] #11 [NED] isNonEditableBlock(9) type=blank_line → false
[23:58:23.678] #12 [NED] isNonEditableBlock(9) type=blank_line → false
[23:58:24.094] #13 [NED] isNonEditableBlock(8) type=blank_line → false
[23:58:25.805] #14 [NED] isNonEditableBlock(10) type=blank_line → false
[23:58:28.997] #15 [NED] isNonEditableBlock(7) type=heading → false
[23:58:29.428] #16 [NED] isNonEditableBlock(8) type=blank_line → false
[23:58:30.258] #17 [NED] isNonEditableBlock(8) type=blank_line → false
[23:58:36.426] #18 [NED] isNonEditableBlock(8) type=paragraph → false
[23:58:44.364] #19 [NED] isNonEditableBlock(8) type=paragraph → false
[23:58:46.525] #20 [NED] isNonEditableBlock(8) type=paragraph → false
[23:58:49.539] #21 [NED] isNonEditableBlock(8) type=paragraph → false
[23:59:07.058] #22 [NED] isNonEditableBlock(8) type=paragraph → false
[23:59:10.282] #23 [NED] isNonEditableBlock(8) type=paragraph → false
[23:59:18.566] #24 [NED] isNonEditableBlock(10) type=blank_line → false
[09:35:09.011] #1 [NED] isNonEditableBlock(7) type=heading → false
[09:35:47.059] #2 [NED] isNonEditableBlock(10) type=paragraph → false
[09:35:51.881] #3 [NED] isNonEditableBlock(9) type=paragraph → false
[09:35:54.183] #4 [NED] isNonEditableBlock(8) type=paragraph → false
[09:35:56.845] #5 [NED] isNonEditableBlock(8) type=paragraph → false
[09:35:57.517] #6 [NED] isNonEditableBlock(8) type=paragraph → false
[09:35:58.181] #7 [NED] isNonEditableBlock(8) type=paragraph → false
[09:36:00.445] #8 [NED] isNonEditableBlock(9) type=paragraph → false
[09:36:02.915] #9 [NED] isNonEditableBlock(8) type=paragraph → false
[09:36:06.641] #10 [NED] isNonEditableBlock(8) type=paragraph → false
[09:36:09.017] #11 [NED] isNonEditableBlock(8) type=paragraph → false
[09:36:12.039] #12 [NED] isNonEditableBlock(8) type=paragraph → false
[09:36:14.087] #13 [NED] isNonEditableBlock(8) type=paragraph → false
[09:36:19.419] #14 [NED] isNonEditableBlock(8) type=paragraph → false
[09:36:24.633] #15 [NED] isNonEditableBlock(8) type=paragraph → false
[09:36:27.913] #16 [NED] isNonEditableBlock(8) type=paragraph → false
[09:36:31.015] #17 [NED] isNonEditableBlock(8) type=paragraph → false
[09:36:39.211] #18 [NED] isNonEditableBlock(10) type=paragraph → false
[09:36:41.795] #19 [NED] isNonEditableBlock(8) type=paragraph → false
[09:36:44.657] #20 [NED] isNonEditableBlock(5) type=blank_line → false
[09:57:00.753] #1 [NED] isNonEditableBlock(10) type=paragraph → false
[09:57:04.503] #2 [NED] isNonEditableBlock(10) type=paragraph → false
[09:57:07.869] #3 [NED] isNonEditableBlock(8) type=paragraph → false
[09:57:08.873] #4 [NED] isNonEditableBlock(8) type=paragraph → false
[09:57:09.221] #5 [NED] isNonEditableBlock(8) type=paragraph → false
[09:57:09.477] #6 [NED] isNonEditableBlock(8) type=paragraph → false
[09:57:22.574] #7 [NED] isNonEditableBlock(8) type=paragraph → false
[09:57:23.761] #8 [NED] isNonEditableBlock(8) type=paragraph → false
[09:57:24.975] #9 [NED] isNonEditableBlock(8) type=paragraph → false
[09:57:27.012] #10 [NED] isNonEditableBlock(8) type=paragraph → false
[09:57:29.742] #11 [NED] isNonEditableBlock(8) type=paragraph → false
[09:57:33.537] #12 [NED] isNonEditableBlock(8) type=paragraph → false
[09:57:34.043] #13 [NED] isNonEditableBlock(8) type=paragraph → false
[09:57:34.227] #14 [NED] isNonEditableBlock(8) type=paragraph → false
[09:57:37.519] #15 [NED] isNonEditableBlock(8) type=paragraph → false
[09:57:41.557] #16 [NED] isNonEditableBlock(8) type=paragraph → false
[09:57:46.510] #17 [NED] isNonEditableBlock(8) type=paragraph → false
[09:57:46.824] #18 [NED] isNonEditableBlock(8) type=paragraph → false
[09:57:46.965] #19 [NED] isNonEditableBlock(8) type=paragraph → false
[09:57:56.255] #20 [NED] isNonEditableBlock(8) type=paragraph → false
[09:58:00.253] #21 [NED] isNonEditableBlock(10) type=paragraph → false
[09:58:03.349] #22 [NED] isNonEditableBlock(8) type=paragraph → false
[09:58:06.043] #23 [NED] isNonEditableBlock(10) type=paragraph → false
[09:58:08.801] #24 [NED] isNonEditableBlock(8) type=paragraph → false
[09:58:11.809] #25 [NED] isNonEditableBlock(8) type=paragraph → false
[09:58:14.703] #26 [NED] isNonEditableBlock(8) type=paragraph → false
[09:58:16.191] #27 [NED] isNonEditableBlock(8) type=paragraph → false
[09:58:17.783] #28 [NED] isNonEditableBlock(9) type=paragraph → false
[09:58:18.773] #29 [NED] isNonEditableBlock(9) type=paragraph → false
[09:58:21.941] #30 [NED] isNonEditableBlock(9) type=paragraph → false
[09:58:23.115] #31 [NED] isNonEditableBlock(8) type=paragraph → false
[09:58:25.899] #32 [NED] isNonEditableBlock(9) type=paragraph → false
[09:58:28.769] #33 [NED] isNonEditableBlock(8) type=paragraph → false
[09:58:31.201] #34 [NED] isNonEditableBlock(10) type=paragraph → false
[09:58:32.511] #35 [NED] isNonEditableBlock(8) type=paragraph → false
[09:58:34.671] #36 [NED] isNonEditableBlock(10) type=paragraph → false
[09:58:35.608] #37 [NED] isNonEditableBlock(8) type=paragraph → false
[09:58:38.093] #38 [NED] isNonEditableBlock(9) type=paragraph → false
[09:58:40.157] #39 [NED] isNonEditableBlock(8) type=paragraph → false
[09:58:44.107] #40 [NED] isNonEditableBlock(9) type=paragraph → false
[09:58:45.529] #41 [NED] isNonEditableBlock(8) type=paragraph → false
[09:58:47.961] #42 [NED] isNonEditableBlock(10) type=paragraph → false
[09:58:50.879] #43 [NED] isNonEditableBlock(8) type=paragraph → false
[09:58:53.967] #44 [NED] isNonEditableBlock(11) type=paragraph → false
[09:58:58.021] #45 [NED] isNonEditableBlock(8) type=paragraph → false
[09:58:59.907] #46 [NED] isNonEditableBlock(6) type=blank_line → false
[09:59:03.161] #47 [NED] isNonEditableBlock(8) type=paragraph → false
[09:59:05.017] #48 [NED] isNonEditableBlock(4) type=blank_line → false
[09:59:06.121] #49 [NED] isNonEditableBlock(8) type=paragraph → false
[13:13:21.728] #1 [NED] isNonEditableBlock(8) type=paragraph → false
[13:13:25.202] #2 [NED] isNonEditableBlock(3) type=blank_line → false
[13:13:30.122] #3 [NED] isNonEditableBlock(8) type=paragraph → false
[13:13:31.350] #4 [NED] isNonEditableBlock(8) type=paragraph → false
[13:13:33.291] #5 [NED] isNonEditableBlock(9) type=paragraph → false
[13:13:33.912] #6 [NED] isNonEditableBlock(9) type=paragraph → false
[13:13:36.961] #7 [NED] isNonEditableBlock(10) type=blank_line → false
[13:13:39.530] #8 [NED] isNonEditableBlock(11) type=paragraph → false
[13:13:39.975] #9 [NED] isNonEditableBlock(9) type=blank_line → false
[13:13:41.022] #10 [NED] isNonEditableBlock(9) type=paragraph → false
[13:13:41.023] #11 [NED] isNonEditableBlock(9) type=paragraph → false
[13:13:41.041] #12 [NED] isNonEditableBlock(9) type=paragraph → false
[13:13:41.043] #13 [NED] isNonEditableBlock(9) type=paragraph → false
[13:13:41.222] #14 [NED] isNonEditableBlock(9) type=paragraph → false
[13:13:41.224] #15 [NED] isNonEditableBlock(9) type=paragraph → false
[13:13:41.422] #16 [NED] isNonEditableBlock(9) type=paragraph → false
[13:13:41.423] #17 [NED] isNonEditableBlock(9) type=paragraph → false
[13:13:42.109] #18 [NED] isNonEditableBlock(9) type=paragraph → false
[13:13:42.112] #19 [NED] isNonEditableBlock(9) type=paragraph → false
[13:13:43.279] #20 [NED] isNonEditableBlock(9) type=paragraph → false
[13:13:43.621] #21 [NED] isNonEditableBlock(9) type=paragraph → false
[13:13:43.624] #22 [NED] isNonEditableBlock(9) type=paragraph → false
[13:13:43.626] #23 [NED] isNonEditableBlock(9) type=paragraph → false
[13:13:43.627] #24 [NED] isNonEditableBlock(9) type=paragraph → false
[13:13:43.788] #25 [NED] isNonEditableBlock(9) type=paragraph → false
[13:13:43.788] #26 [NED] isNonEditableBlock(9) type=paragraph → false
[13:13:43.951] #27 [NED] isNonEditableBlock(9) type=paragraph → false
[13:13:43.952] #28 [NED] isNonEditableBlock(9) type=paragraph → false
[13:13:43.973] #29 [NED] isNonEditableBlock(9) type=paragraph → false
[13:13:43.974] #30 [NED] isNonEditableBlock(9) type=paragraph → false
[13:13:44.091] #31 [NED] isNonEditableBlock(9) type=paragraph → false
[13:13:44.091] #32 [NED] isNonEditableBlock(9) type=paragraph → false
[13:13:44.174] #33 [NED] isNonEditableBlock(9) type=paragraph → false
[13:13:44.234] #34 [NED] isNonEditableBlock(9) type=paragraph → false
[13:13:44.234] #35 [NED] isNonEditableBlock(9) type=paragraph → false
[13:13:44.234] #36 [NED] isNonEditableBlock(9) type=paragraph → false
[13:13:44.531] #37 [NED] isNonEditableBlock(9) type=paragraph → false
[13:13:44.539] #38 [NED] isNonEditableBlock(9) type=paragraph → false
[13:13:44.539] #39 [NED] isNonEditableBlock(9) type=paragraph → false
[13:13:44.624] #40 [NED] isNonEditableBlock(9) type=paragraph → false
[13:13:44.626] #41 [NED] isNonEditableBlock(9) type=paragraph → false
[13:13:44.761] #42 [NED] isNonEditableBlock(9) type=paragraph → false
[13:13:44.764] #43 [NED] isNonEditableBlock(9) type=paragraph → false
[13:13:44.786] #44 [NED] isNonEditableBlock(9) type=paragraph → false
[13:13:44.787] #45 [NED] isNonEditableBlock(9) type=paragraph → false
[13:13:44.854] #46 [NED] isNonEditableBlock(9) type=paragraph → false
[13:13:44.898] #47 [NED] isNonEditableBlock(9) type=paragraph → false
[13:13:44.899] #48 [NED] isNonEditableBlock(9) type=paragraph → false
[13:13:44.935] #49 [NED] isNonEditableBlock(9) type=paragraph → false
[13:13:45.163] #50 [NED] isNonEditableBlock(9) type=paragraph → false
[13:13:45.222] #51 [NED] isNonEditableBlock(9) type=paragraph → false
[13:13:45.222] #52 [NED] isNonEditableBlock(9) type=paragraph → false
[13:13:45.222] #53 [NED] isNonEditableBlock(9) type=paragraph → false
[13:13:45.477] #54 [NED] isNonEditableBlock(9) type=paragraph → false
[13:13:45.477] #55 [NED] isNonEditableBlock(9) type=paragraph → false
[13:13:45.477] #56 [NED] isNonEditableBlock(9) type=paragraph → false
[13:13:45.477] #57 [NED] isNonEditableBlock(9) type=paragraph → false
[13:13:45.533] #58 [NED] isNonEditableBlock(9) type=paragraph → false
[13:13:45.534] #59 [NED] isNonEditableBlock(9) type=paragraph → false
[13:13:45.773] #60 [NED] isNonEditableBlock(9) type=paragraph → false
[13:13:45.773] #61 [NED] isNonEditableBlock(9) type=paragraph → false
[13:13:45.922] #62 [NED] isNonEditableBlock(9) type=paragraph → false
[13:13:45.922] #63 [NED] isNonEditableBlock(9) type=paragraph → false
[13:13:45.959] #64 [NED] isNonEditableBlock(9) type=paragraph → false
[13:13:46.089] #65 [NED] isNonEditableBlock(9) type=paragraph → false
[13:13:46.089] #66 [NED] isNonEditableBlock(9) type=paragraph → false
[13:13:46.089] #67 [NED] isNonEditableBlock(9) type=paragraph → false
[13:13:46.253] #68 [NED] isNonEditableBlock(9) type=paragraph → false
[13:13:46.254] #69 [NED] isNonEditableBlock(9) type=paragraph → false
[13:13:46.354] #70 [NED] isNonEditableBlock(9) type=paragraph → false
[13:13:46.354] #71 [NED] isNonEditableBlock(9) type=paragraph → false
[13:13:46.499] #72 [NED] isNonEditableBlock(9) type=paragraph → false
[13:13:46.688] #73 [NED] isNonEditableBlock(9) type=paragraph → false
[13:13:46.752] #74 [NED] isNonEditableBlock(9) type=paragraph → false
[13:13:46.907] #75 [NED] isNonEditableBlock(9) type=paragraph → false
[13:13:47.088] #76 [NED] isNonEditableBlock(9) type=paragraph → false
[13:13:47.136] #77 [NED] isNonEditableBlock(9) type=paragraph → false
[13:13:47.137] #78 [NED] isNonEditableBlock(9) type=paragraph → false
[13:13:47.288] #79 [NED] isNonEditableBlock(9) type=paragraph → false
[13:13:47.288] #80 [NED] isNonEditableBlock(9) type=paragraph → false
[13:13:47.295] #81 [NED] isNonEditableBlock(9) type=paragraph → false
[13:13:47.295] #82 [NED] isNonEditableBlock(9) type=paragraph → false
[13:13:47.413] #83 [NED] isNonEditableBlock(9) type=paragraph → false
[13:13:47.511] #84 [NED] isNonEditableBlock(9) type=paragraph → false
[13:13:47.757] #85 [NED] isNonEditableBlock(9) type=paragraph → false
[13:13:48.131] #86 [NED] isNonEditableBlock(9) type=paragraph → false
[13:13:48.594] #87 [NED] isNonEditableBlock(9) type=paragraph → false
[13:13:48.902] #88 [NED] isNonEditableBlock(9) type=paragraph → false
[13:13:49.132] #89 [NED] isNonEditableBlock(9) type=paragraph → false
[13:13:49.266] #90 [NED] isNonEditableBlock(9) type=paragraph → false
[13:13:49.440] #91 [NED] isNonEditableBlock(9) type=paragraph → false
[13:13:49.622] #92 [NED] isNonEditableBlock(9) type=paragraph → false
[13:13:49.806] #93 [NED] isNonEditableBlock(9) type=paragraph → false
[13:13:51.280] #94 [NED] isNonEditableBlock(9) type=paragraph → false
[13:14:04.129] #95 [NED] isNonEditableBlock(22) type=blank_line → false
[13:14:04.866] #96 [NED] isNonEditableBlock(22) type=blank_line → false
[13:14:05.053] #97 [NED] isNonEditableBlock(22) type=blank_line → false
[13:14:05.208] #98 [NED] isNonEditableBlock(22) type=blank_line → false
[13:14:05.383] #99 [NED] isNonEditableBlock(22) type=blank_line → false
[13:14:06.146] #100 [NED] isNonEditableBlock(22) type=blank_line → false
[13:14:06.400] #101 [NED] isNonEditableBlock(22) type=blank_line → false
[13:14:06.656] #102 [NED] isNonEditableBlock(22) type=blank_line → false
[13:14:08.711] #103 [NED] isNonEditableBlock(11) type=paragraph → false
[13:14:12.738] #104 [NED] isNonEditableBlock(9) type=paragraph → false
[13:14:14.613] #105 [NED] isNonEditableBlock(11) type=paragraph → false
[13:14:16.486] #106 [NED] isNonEditableBlock(6) type=blank_line → false
[13:14:17.189] #107 [NED] isNonEditableBlock(12) type=paragraph → false
[13:14:20.267] #108 [NED] isNonEditableBlock(10) type=paragraph → false
[13:14:21.397] #109 [NED] isNonEditableBlock(13) type=paragraph → false
[13:14:25.734] #110 [NED] isNonEditableBlock(11) type=paragraph → false
[13:14:27.796] #111 [NED] isNonEditableBlock(9) type=paragraph → false
[13:14:30.044] #112 [NED] isNonEditableBlock(10) type=paragraph → false
[13:14:31.252] #113 [NED] isNonEditableBlock(12) type=paragraph → false
[13:14:33.866] #114 [NED] isNonEditableBlock(9) type=paragraph → false
[13:14:35.429] #115 [NED] isNonEditableBlock(12) type=paragraph → false
[13:14:39.112] #116 [NED] isNonEditableBlock(10) type=paragraph → false
[13:14:39.732] #117 [NED] isNonEditableBlock(11) type=paragraph → false
[13:14:44.319] #118 [NED] isNonEditableBlock(12) type=paragraph → false
[13:14:46.837] #119 [NED] isNonEditableBlock(11) type=paragraph → false
[13:14:48.837] #120 [NED] isNonEditableBlock(12) type=paragraph → false
[13:14:50.552] #121 [NED] isNonEditableBlock(10) type=paragraph → false
[13:14:55.808] #122 [NED] isNonEditableBlock(6) type=blank_line → false
[13:14:57.726] #123 [NED] isNonEditableBlock(9) type=paragraph → false
[13:15:00.726] #124 [NED] isNonEditableBlock(12) type=paragraph → false
[13:15:03.426] #125 [NED] isNonEditableBlock(10) type=paragraph → false
[13:15:06.507] #126 [NED] isNonEditableBlock(11) type=paragraph → false
[13:15:17.957] #127 [NED] isNonEditableBlock(11) type=paragraph → false
[13:15:19.298] #128 [NED] isNonEditableBlock(9) type=paragraph → false
[13:15:26.067] #129 [NED] isNonEditableBlock(10) type=paragraph → false
[13:15:26.540] #130 [NED] isNonEditableBlock(11) type=paragraph → false
[13:15:30.880] #131 [NED] isNonEditableBlock(9) type=paragraph → false
[13:15:32.386] #132 [NED] isNonEditableBlock(10) type=paragraph → false
[13:15:34.100] #133 [NED] isNonEditableBlock(10) type=paragraph → false
[13:15:37.073] #134 [NED] isNonEditableBlock(10) type=paragraph → false
[13:15:45.200] #135 [NED] isNonEditableBlock(10) type=paragraph → false
[13:17:33.355] #136 [NED] isNonEditableBlock(18) type=blank_line → false
[13:17:33.788] #137 [NED] isNonEditableBlock(17) type=paragraph → false
[13:17:34.514] #138 [NED] isNonEditableBlock(17) type=paragraph → false
[13:17:35.068] #139 [NED] isNonEditableBlock(17) type=paragraph → false
[13:17:35.309] #140 [NED] isNonEditableBlock(17) type=paragraph → false
[14:07:09.801] #1 [NED] isNonEditableBlock(12) type=paragraph → false
[14:07:13.197] #2 [NED] isNonEditableBlock(11) type=paragraph → false
[14:07:14.401] #3 [NED] isNonEditableBlock(10) type=paragraph → false
[14:07:15.362] #4 [NED] isNonEditableBlock(10) type=paragraph → false
[14:07:16.414] #5 [NED] isNonEditableBlock(10) type=paragraph → false
[14:07:17.697] #6 [NED] isNonEditableBlock(11) type=paragraph → false
[14:07:18.513] #7 [NED] isNonEditableBlock(11) type=paragraph → false
[14:07:18.883] #8 [NED] isNonEditableBlock(12) type=paragraph → false
[14:07:20.334] #9 [NED] isNonEditableBlock(10) type=paragraph → false
[14:07:20.927] #10 [NED] isNonEditableBlock(12) type=paragraph → false
[14:07:22.395] #11 [NED] isNonEditableBlock(11) type=paragraph → false
[14:07:23.103] #12 [NED] isNonEditableBlock(11) type=paragraph → false
[14:07:23.902] #13 [NED] isNonEditableBlock(12) type=paragraph → false
[14:07:25.563] #14 [NED] isNonEditableBlock(12) type=paragraph → false
[14:07:27.513] #15 [NED] isNonEditableBlock(11) type=paragraph → false
[14:07:28.309] #16 [NED] isNonEditableBlock(11) type=paragraph → false
[14:07:30.513] #17 [NED] isNonEditableBlock(10) type=paragraph → false
[14:07:33.707] #18 [NED] isNonEditableBlock(11) type=blank_line → false
[14:07:34.903] #19 [NED] isNonEditableBlock(9) type=paragraph → false
[14:07:37.023] #20 [NED] isNonEditableBlock(10) type=paragraph → false
[14:07:38.786] #21 [NED] isNonEditableBlock(12) type=paragraph → false
[14:07:41.639] #22 [NED] isNonEditableBlock(11) type=blank_line → false
[14:07:43.782] #23 [NED] isNonEditableBlock(9) type=paragraph → false
[14:07:46.681] #24 [NED] isNonEditableBlock(12) type=paragraph → false
[14:07:48.566] #25 [NED] isNonEditableBlock(9) type=paragraph → false
[14:07:54.626] #26 [NED] isNonEditableBlock(12) type=paragraph → false
[14:08:58.653] #27 [NED] isNonEditableBlock(10) type=paragraph → false
[14:09:03.791] #28 [NED] isNonEditableBlock(16) type=blank_line → false
[14:09:04.427] #29 [NED] isNonEditableBlock(16) type=blank_line → false
[14:09:05.777] #30 [NED] isNonEditableBlock(17) type=blank_line → false
[14:09:06.804] #31 [NED] isNonEditableBlock(20) type=blank_line → false
[14:09:09.930] #32 [NED] isNonEditableBlock(18) type=blank_line → false
[14:09:10.708] #33 [NED] isNonEditableBlock(18) type=blank_line → false
[14:09:13.806] #34 [NED] isNonEditableBlock(10) type=paragraph → false
[14:09:15.339] #35 [NED] isNonEditableBlock(12) type=paragraph → false
[14:09:16.118] #36 [NED] isNonEditableBlock(11) type=blank_line → false
[14:09:16.674] #37 [NED] isNonEditableBlock(11) type=blank_line → false
[14:09:18.311] #38 [NED] isNonEditableBlock(10) type=paragraph → false
[14:09:18.671] #39 [NED] isNonEditableBlock(10) type=paragraph → false
[14:09:19.189] #40 [NED] isNonEditableBlock(11) type=blank_line → false
[14:09:29.982] #41 [NED] isNonEditableBlock(17) type=paragraph → false
[14:09:33.957] #42 [NED] isNonEditableBlock(17) type=paragraph → false
[14:09:35.243] #43 [NED] isNonEditableBlock(13) type=blank_line → false
[14:09:35.881] #44 [NED] isNonEditableBlock(18) type=paragraph → false
[14:09:36.512] #45 [NED] isNonEditableBlock(17) type=paragraph → false
[14:10:13.188] #46 [NED] isNonEditableBlock(11) type=blank_line → false
[14:10:18.600] #47 [NED] isNonEditableBlock(12) type=paragraph → false
[14:10:31.047] #48 [NED] isNonEditableBlock(12) type=paragraph → false
[14:16:44.032] #1 [NED] isNonEditableBlock(17) type=paragraph → false
[14:16:50.075] #2 [NED] isNonEditableBlock(10) type=paragraph → false
[14:16:51.539] #3 [NED] isNonEditableBlock(17) type=paragraph → false
[14:16:52.124] #4 [NED] isNonEditableBlock(17) type=paragraph → false
[14:16:55.974] #5 [NED] isNonEditableBlock(10) type=paragraph → false
[14:16:58.137] #6 [NED] isNonEditableBlock(12) type=paragraph → false
[14:17:01.184] #7 [NED] isNonEditableBlock(10) type=paragraph → false
[14:17:03.259] #8 [NED] isNonEditableBlock(11) type=blank_line → false
[14:17:06.833] #9 [NED] isNonEditableBlock(11) type=blank_line → false
[14:17:13.642] #10 [NED] isNonEditableBlock(7) type=heading → false
[14:17:14.367] #11 [NED] isNonEditableBlock(11) type=blank_line → false
[14:17:18.138] #12 [NED] isNonEditableBlock(13) type=blank_line → false
[14:17:26.036] #13 [NED] isNonEditableBlock(15) type=blank_line → false
[14:17:26.322] #14 [NED] isNonEditableBlock(13) type=blank_line → false
[14:17:27.005] #15 [NED] isNonEditableBlock(11) type=paragraph → false
[14:17:36.965] #16 [NED] isNonEditableBlock(12) type=paragraph → false
[14:17:49.403] #17 [NED] isNonEditableBlock(8) type=blank_line → false
[14:17:51.114] #18 [NED] isNonEditableBlock(9) type=paragraph → false
[14:18:01.528] #19 [NED] isNonEditableBlock(17) type=paragraph → false
[14:18:02.878] #20 [NED] isNonEditableBlock(10) type=paragraph → false
[14:18:06.163] #21 [NED] isNonEditableBlock(10) type=paragraph → false
[14:18:07.780] #22 [NED] isNonEditableBlock(10) type=paragraph → false
[14:18:12.289] #23 [NED] isNonEditableBlock(10) type=paragraph → false
[14:18:15.147] #24 [NED] isNonEditableBlock(11) type=paragraph → false
[14:18:18.491] #25 [NED] isNonEditableBlock(13) type=blank_line → false
[14:18:19.789] #26 [NED] isNonEditableBlock(12) type=paragraph → false
[14:18:22.359] #27 [NED] isNonEditableBlock(9) type=paragraph → false
[14:18:23.836] #28 [NED] isNonEditableBlock(11) type=paragraph → false
[14:18:26.550] #29 [NED] isNonEditableBlock(6) type=blank_line → false
[14:18:28.769] #30 [NED] isNonEditableBlock(9) type=paragraph → false
[14:18:31.187] #31 [NED] isNonEditableBlock(9) type=paragraph → false
[14:18:32.403] #32 [NED] isNonEditableBlock(13) type=blank_line → false
[14:18:35.785] #33 [NED] isNonEditableBlock(10) type=paragraph → false
[14:18:37.830] #34 [NED] isNonEditableBlock(10) type=paragraph → false
[14:18:40.292] #35 [NED] isNonEditableBlock(10) type=paragraph → false
[14:18:41.961] #36 [NED] isNonEditableBlock(11) type=paragraph → false
[14:18:58.826] #37 [NED] isNonEditableBlock(13) type=blank_line → false
[14:19:05.811] #38 [NED] isNonEditableBlock(9) type=paragraph → false
[14:19:06.441] #39 [NED] isNonEditableBlock(15) type=blank_line → false
[14:19:08.770] #40 [NED] isNonEditableBlock(17) type=paragraph → false
[14:19:13.400] #41 [NED] isNonEditableBlock(0) type=heading → false
[14:19:32.268] #42 [NED] isNonEditableBlock(14) type=paragraph → false
[14:19:32.651] #43 [NED] isNonEditableBlock(14) type=paragraph → false
[14:19:33.152] #44 [NED] isNonEditableBlock(14) type=paragraph → false
[14:19:33.738] #45 [NED] isNonEditableBlock(14) type=paragraph → false
[14:19:41.426] #46 [NED] isNonEditableBlock(14) type=paragraph → false
[14:19:42.098] #47 [NED] isNonEditableBlock(14) type=paragraph → false
[14:19:44.638] #48 [NED] isNonEditableBlock(14) type=paragraph → false
[14:20:23.403] #49 [NED] isNonEditableBlock(17) type=paragraph → false
[14:20:26.732] #50 [NED] isNonEditableBlock(11) type=paragraph → false
[14:20:27.500] #51 [NED] isNonEditableBlock(14) type=paragraph → false
[14:20:30.283] #52 [NED] isNonEditableBlock(8) type=blank_line → false
[14:20:31.254] #53 [NED] isNonEditableBlock(9) type=paragraph → false
[14:20:33.450] #54 [NED] isNonEditableBlock(8) type=blank_line → false
[14:20:34.151] #55 [NED] isNonEditableBlock(9) type=paragraph → false
[14:20:36.380] #56 [NED] isNonEditableBlock(1) type=heading → false
[14:54:07.120] #1 [NED] isNonEditableBlock(10) type=paragraph → false
[14:54:26.007] #2 [NED] isNonEditableBlock(6) type=blank_line → false
[14:54:26.406] #3 [NED] isNonEditableBlock(12) type=paragraph → false
[14:54:27.006] #4 [NED] isNonEditableBlock(10) type=paragraph → false
[14:54:27.495] #5 [NED] isNonEditableBlock(11) type=paragraph → false
[14:54:28.791] #6 [NED] isNonEditableBlock(18) type=paragraph → false
[14:54:29.375] #7 [NED] isNonEditableBlock(10) type=paragraph → false
[14:54:29.375] #8 [DBL] ─── dblclick fired ───
[14:54:29.375] #9 [DBL] target=DIV class=m0-preview-content
[14:54:29.375] #10 [DBL] no .m0-src-block ancestor → return
[14:54:32.652] #11 [NED] isNonEditableBlock(9) type=paragraph → false
[14:54:36.203] #12 [NED] isNonEditableBlock(16) type=blank_line → false
[14:54:38.384] #13 [NED] isNonEditableBlock(10) type=paragraph → false
[14:54:41.706] #14 [NED] isNonEditableBlock(4) type=blank_line → false
[14:54:42.076] #15 [NED] isNonEditableBlock(7) type=heading → false
[14:54:42.662] #16 [NED] isNonEditableBlock(11) type=paragraph → false
[14:54:43.030] #17 [NED] isNonEditableBlock(12) type=paragraph → false
[14:54:43.886] #18 [NED] isNonEditableBlock(14) type=paragraph → false
[14:54:44.674] #19 [NED] isNonEditableBlock(11) type=paragraph → false
[14:54:45.558] #20 [NED] isNonEditableBlock(17) type=paragraph → false
[14:54:50.837] #21 [NED] isNonEditableBlock(9) type=paragraph → false
[14:54:52.195] #22 [NED] isNonEditableBlock(13) type=blank_line → false
[14:54:53.005] #23 [NED] isNonEditableBlock(12) type=paragraph → false
[14:54:55.127] #24 [NED] isNonEditableBlock(12) type=paragraph → false
[14:54:55.835] #25 [NED] isNonEditableBlock(10) type=paragraph → false
[14:55:01.254] #26 [NED] isNonEditableBlock(6) type=blank_line → false
[14:55:01.905] #27 [NED] isNonEditableBlock(11) type=paragraph → false
[14:55:03.476] #28 [NED] isNonEditableBlock(9) type=paragraph → false
[14:55:03.993] #29 [NED] isNonEditableBlock(9) type=paragraph → false
[14:55:08.934] #30 [NED] isNonEditableBlock(17) type=paragraph → false
[15:25:40.085] #1 [NED] isNonEditableBlock(12) type=paragraph → false
[15:25:44.377] #2 [NED] isNonEditableBlock(13) type=blank_line → false
[15:25:46.878] #3 [NED] isNonEditableBlock(8) type=blank_line → false
[15:25:48.859] #4 [NED] isNonEditableBlock(11) type=paragraph → false
[15:25:52.266] #5 [NED] isNonEditableBlock(12) type=paragraph → false
[15:25:54.544] #6 [NED] isNonEditableBlock(11) type=paragraph → false
[15:25:55.851] #7 [NED] isNonEditableBlock(12) type=paragraph → false
[15:25:57.530] #8 [NED] isNonEditableBlock(10) type=paragraph → false
[15:25:59.993] #9 [NED] isNonEditableBlock(9) type=paragraph → false
[15:26:01.600] #10 [NED] isNonEditableBlock(11) type=paragraph → false
[15:26:02.515] #11 [NED] isNonEditableBlock(12) type=paragraph → false
[15:26:07.137] #12 [NED] isNonEditableBlock(16) type=blank_line → false
[15:26:08.357] #13 [NED] isNonEditableBlock(13) type=blank_line → false
[15:26:08.779] #14 [NED] isNonEditableBlock(14) type=paragraph → false
[15:26:12.709] #15 [NED] isNonEditableBlock(16) type=paragraph → false
[15:26:15.004] #16 [NED] isNonEditableBlock(15) type=blank_line → false
[15:26:17.630] #17 [NED] isNonEditableBlock(14) type=paragraph → false
[15:26:24.228] #18 [NED] isNonEditableBlock(12) type=paragraph → false
[15:26:26.883] #19 [NED] isNonEditableBlock(12) type=paragraph → false
[15:26:30.477] #20 [NED] isNonEditableBlock(14) type=paragraph → false
[15:26:32.978] #21 [NED] isNonEditableBlock(11) type=paragraph → false
[15:26:34.525] #22 [NED] isNonEditableBlock(15) type=blank_line → false
[15:26:37.011] #23 [NED] isNonEditableBlock(8) type=blank_line → false
[15:26:38.659] #24 [NED] isNonEditableBlock(10) type=paragraph → false
[15:26:40.985] #25 [NED] isNonEditableBlock(9) type=paragraph → false
[15:26:42.278] #26 [NED] isNonEditableBlock(10) type=paragraph → false
[15:26:44.768] #27 [NED] isNonEditableBlock(11) type=paragraph → false
[15:26:45.227] #28 [NED] isNonEditableBlock(9) type=paragraph → false
[15:26:48.237] #29 [NED] isNonEditableBlock(9) type=paragraph → false
[15:26:51.945] #30 [NED] isNonEditableBlock(14) type=paragraph → false
[15:26:54.279] #31 [NED] isNonEditableBlock(13) type=paragraph → false
[15:27:11.470] #32 [NED] isNonEditableBlock(17) type=paragraph → false
[15:27:13.553] #33 [NED] isNonEditableBlock(17) type=paragraph → false
[15:27:13.638] #34 [NED] isNonEditableBlock(17) type=paragraph → false
[15:27:18.451] #35 [NED] isNonEditableBlock(17) type=paragraph → false
[15:27:20.386] #36 [NED] isNonEditableBlock(17) type=paragraph → false
[15:27:20.894] #37 [NED] isNonEditableBlock(16) type=blank_line → false
[15:27:21.581] #38 [NED] isNonEditableBlock(15) type=paragraph → false
[15:27:21.979] #39 [NED] isNonEditableBlock(11) type=paragraph → false
[15:27:22.369] #40 [NED] isNonEditableBlock(10) type=paragraph → false
[15:27:24.173] #41 [NED] isNonEditableBlock(11) type=paragraph → false
[15:49:22.589] #42 [NED] isNonEditableBlock(0) type=heading → false
[15:50:33.229] #1 [NED] isNonEditableBlock(3) type=blank_line → false
[16:16:06.892] #1 [NED] isNonEditableBlock(2) type=blank_line → false
[16:17:38.681] #2 [NED] isNonEditableBlock(112) type=paragraph → false
[16:17:39.288] #3 [NED] isNonEditableBlock(112) type=paragraph → false
[16:17:40.120] #4 [NED] isNonEditableBlock(112) type=paragraph → false
[16:17:43.375] #5 [NED] isNonEditableBlock(114) type=heading → false
[16:17:46.303] #6 [NED] isNonEditableBlock(112) type=paragraph → false
[16:17:50.003] #7 [NED] isNonEditableBlock(109) type=blank_line → false
[16:17:50.595] #8 [NED] isNonEditableBlock(112) type=paragraph → false
[16:17:54.648] #9 [NED] isNonEditableBlock(114) type=heading → false
[16:17:54.982] #10 [NED] isNonEditableBlock(111) type=blank_line → false
[16:17:56.693] #11 [NED] isNonEditableBlock(105) type=blank_line → false
[16:17:58.064] #12 [NED] isNonEditableBlock(105) type=blank_line → false
[16:17:58.692] #13 [NED] isNonEditableBlock(105) type=blank_line → false
[16:17:58.990] #14 [NED] isNonEditableBlock(105) type=blank_line → false
[16:17:59.229] #15 [NED] isNonEditableBlock(111) type=blank_line → false
[16:18:00.058] #16 [NED] isNonEditableBlock(111) type=blank_line → false
[16:18:00.063] #17 [NED] isNonEditableBlock(111) type=blank_line → false
[16:18:00.231] #18 [NED] isNonEditableBlock(112) type=paragraph → false
[16:18:01.406] #19 [NED] isNonEditableBlock(111) type=blank_line → false
[16:18:04.198] #20 [NED] isNonEditableBlock(112) type=paragraph → false
[16:18:05.009] #21 [NED] isNonEditableBlock(112) type=paragraph → false
[16:18:06.845] #22 [NED] isNonEditableBlock(112) type=paragraph → false
[16:18:07.161] #23 [NED] isNonEditableBlock(112) type=paragraph → false
[16:18:07.475] #24 [NED] isNonEditableBlock(112) type=paragraph → false
[16:18:08.703] #25 [NED] isNonEditableBlock(108) type=paragraph → false
[16:18:14.611] #26 [NED] isNonEditableBlock(116) type=math_block → true
[16:18:14.611] #27 [MOUSE] mouseup on non-editable block 116 → skip sync (allow dblclick)
[16:18:15.684] #28 [NED] isNonEditableBlock(116) type=math_block → true
[16:18:15.684] #29 [MOUSE] mouseup on non-editable block 116 → skip sync (allow dblclick)
[16:18:22.946] #30 [NED] isNonEditableBlock(116) type=math_block → true
[16:18:23.430] #31 [NED] isNonEditableBlock(115) type=blank_line → false
[16:18:24.588] #32 [NED] isNonEditableBlock(116) type=math_block → true
[16:18:25.011] #33 [NED] isNonEditableBlock(116) type=math_block → true
[16:18:25.400] #34 [NED] isNonEditableBlock(115) type=blank_line → false
[16:18:27.865] #35 [NED] isNonEditableBlock(6) type=blank_line → false
[16:18:28.841] #36 [NED] isNonEditableBlock(6) type=blank_line → false
[16:18:29.284] #37 [NED] isNonEditableBlock(6) type=blank_line → false
[16:18:30.072] #38 [NED] isNonEditableBlock(7) type=heading → false
[16:18:30.527] #39 [NED] isNonEditableBlock(6) type=blank_line → false
[16:18:31.419] #40 [NED] isNonEditableBlock(7) type=heading → false
[16:18:32.406] #41 [NED] isNonEditableBlock(5) type=blank_line → false
[16:18:34.027] #42 [NED] isNonEditableBlock(9) type=paragraph → false
[16:18:34.633] #43 [NED] isNonEditableBlock(9) type=paragraph → false
[16:18:41.015] #44 [NED] isNonEditableBlock(6) type=blank_line → false
[16:18:41.714] #45 [NED] isNonEditableBlock(7) type=heading → false
[16:18:42.548] #46 [NED] isNonEditableBlock(6) type=blank_line → false
[16:18:43.176] #47 [NED] isNonEditableBlock(6) type=blank_line → false
[18:38:10.279] #1 [NED] isNonEditableBlock(7) type=heading → false
[18:38:25.547] #2 [NED] isNonEditableBlock(10) type=paragraph → false
[18:38:27.909] #3 [NED] isNonEditableBlock(13) type=blank_line → false
[18:38:28.419] #4 [NED] isNonEditableBlock(12) type=paragraph → false
[18:38:30.190] #5 [NED] isNonEditableBlock(17) type=paragraph → false
[18:38:30.542] #6 [NED] isNonEditableBlock(15) type=blank_line → false
[18:38:32.635] #7 [NED] isNonEditableBlock(14) type=paragraph → false
[18:38:33.639] #8 [NED] isNonEditableBlock(14) type=paragraph → false
[18:38:34.406] #9 [NED] isNonEditableBlock(21) type=blank_line → false
[18:38:39.900] #10 [NED] isNonEditableBlock(10) type=paragraph → false
[18:38:40.210] #11 [NED] isNonEditableBlock(10) type=paragraph → false
[18:39:20.551] #12 [NED] isNonEditableBlock(0) type=heading → false
[18:39:21.108] #13 [NED] isNonEditableBlock(1) type=heading → false
[18:39:21.918] #14 [NED] isNonEditableBlock(2) type=blank_line → false
[18:39:24.876] #15 [NED] isNonEditableBlock(0) type=heading → false
[20:35:10.470] #1 [NED] isNonEditableBlock(0) type=heading → false
[20:35:10.476] #2 [DBL] ─── dblclick fired ───
[20:35:10.476] #3 [DBL] target=H2 class=m0-src-block
[20:35:10.476] #4 [DBL] found .m0-src-block bi=0 tag=H2 ce=inherit
[20:35:10.476] #5 [NED] isNonEditableBlock(0) type=heading → false
[20:35:10.476] #6 [DBL] isNonEditableBlock(0)=false
[20:35:10.476] #7 [DBL] editable block → return
[20:35:16.051] #8 [NED] isNonEditableBlock(7) type=heading → false
[20:35:16.544] #9 [NED] isNonEditableBlock(7) type=heading → false
[20:35:17.091] #10 [NED] isNonEditableBlock(7) type=heading → false
[20:35:17.420] #11 [NED] isNonEditableBlock(5) type=blank_line → false
[20:35:30.975] #12 [NED] isNonEditableBlock(1) type=heading → false
[21:10:37.355] #1 [NED] isNonEditableBlock(2) type=blank_line → false
[21:10:38.086] #2 [NED] isNonEditableBlock(5) type=blank_line → false
[21:10:38.730] #3 [NED] isNonEditableBlock(3) type=blank_line → false
[21:10:39.445] #4 [NED] isNonEditableBlock(4) type=blank_line → false
[21:34:35.101] #1 [NED] isNonEditableBlock(5) type=blank_line → false
[21:34:35.909] #2 [NED] isNonEditableBlock(6) type=blank_line → false
[21:34:36.438] #3 [NED] isNonEditableBlock(3) type=blank_line → false
[21:34:37.215] #4 [NED] isNonEditableBlock(5) type=blank_line → false
[21:34:37.603] #5 [NED] isNonEditableBlock(5) type=blank_line → false
[21:34:38.149] #6 [NED] isNonEditableBlock(4) type=blank_line → false
[21:34:38.572] #7 [NED] isNonEditableBlock(8) type=blank_line → false
[21:34:38.941] #8 [NED] isNonEditableBlock(11) type=paragraph → false
[21:34:39.302] #9 [NED] isNonEditableBlock(10) type=paragraph → false
[21:34:39.733] #10 [NED] isNonEditableBlock(8) type=blank_line → false
[21:34:40.025] #11 [NED] isNonEditableBlock(7) type=heading → false
[21:34:53.491] #12 [NED] isNonEditableBlock(7) type=heading → false
[21:34:54.207] #13 [NED] isNonEditableBlock(6) type=blank_line → false
[21:35:03.874] #14 [NED] isNonEditableBlock(12) type=paragraph → false
[21:35:04.375] #15 [NED] isNonEditableBlock(10) type=paragraph → false
[21:35:05.002] #16 [NED] isNonEditableBlock(8) type=blank_line → false
[21:35:09.710] #17 [NED] isNonEditableBlock(9) type=paragraph → false
[21:35:10.172] #18 [NED] isNonEditableBlock(7) type=heading → false
[21:35:11.774] #19 [NED] isNonEditableBlock(7) type=heading → false
[21:35:12.127] #20 [NED] isNonEditableBlock(7) type=heading → false
[21:35:12.658] #21 [NED] isNonEditableBlock(7) type=heading → false
[21:35:13.214] #22 [NED] isNonEditableBlock(11) type=paragraph → false
[21:35:13.878] #23 [NED] isNonEditableBlock(10) type=paragraph → false
[21:35:14.345] #24 [NED] isNonEditableBlock(11) type=paragraph → false
[21:35:14.882] #25 [NED] isNonEditableBlock(11) type=paragraph → false
[21:35:15.302] #26 [NED] isNonEditableBlock(11) type=paragraph → false
[21:35:15.741] #27 [NED] isNonEditableBlock(10) type=paragraph → false
[21:35:16.370] #28 [NED] isNonEditableBlock(11) type=paragraph → false
[21:35:17.150] #29 [NED] isNonEditableBlock(15) type=blank_line → false
[21:35:17.907] #30 [NED] isNonEditableBlock(13) type=blank_line → false
[21:35:18.550] #31 [NED] isNonEditableBlock(6) type=blank_line → false
[21:35:20.189] #32 [NED] isNonEditableBlock(16) type=blank_line → false
[21:35:20.655] #33 [NED] isNonEditableBlock(14) type=paragraph → false
[21:35:26.415] #34 [NED] isNonEditableBlock(9) type=paragraph → false
[21:35:26.830] #35 [NED] isNonEditableBlock(7) type=heading → false
[21:35:31.773] #36 [NED] isNonEditableBlock(13) type=blank_line → false
[21:35:32.061] #37 [NED] isNonEditableBlock(13) type=blank_line → false
[21:43:59.984] #1 [NED] isNonEditableBlock(0) type=heading → false
[23:48:21.777] #1 [NED] isNonEditableBlock(10) type=paragraph → false
[23:48:22.281] #2 [NED] isNonEditableBlock(11) type=paragraph → false
[23:48:22.977] #3 [NED] isNonEditableBlock(9) type=paragraph → false
[23:48:23.402] #4 [NED] isNonEditableBlock(10) type=paragraph → false
[23:48:24.848] #5 [NED] isNonEditableBlock(17) type=paragraph → false
[23:48:25.327] #6 [NED] isNonEditableBlock(15) type=blank_line → false
[23:48:26.615] #7 [NED] isNonEditableBlock(17) type=paragraph → false
[23:48:27.055] #8 [NED] isNonEditableBlock(15) type=blank_line → false
[23:48:28.175] #9 [NED] isNonEditableBlock(12) type=paragraph → false
[23:48:28.607] #10 [NED] isNonEditableBlock(12) type=paragraph → false
[23:48:30.109] #11 [NED] isNonEditableBlock(12) type=paragraph → false
[23:48:30.501] #12 [NED] isNonEditableBlock(12) type=paragraph → false
[23:48:35.452] #13 [NED] isNonEditableBlock(11) type=paragraph → false
[23:48:36.403] #14 [NED] isNonEditableBlock(9) type=paragraph → false
[23:48:36.707] #15 [NED] isNonEditableBlock(11) type=paragraph → false
[23:48:37.836] #16 [NED] isNonEditableBlock(9) type=paragraph → false
[23:48:38.203] #17 [NED] isNonEditableBlock(10) type=paragraph → false
[23:48:40.657] #18 [NED] isNonEditableBlock(17) type=paragraph → false
[23:48:40.961] #19 [NED] isNonEditableBlock(15) type=blank_line → false
[23:48:42.345] #20 [NED] isNonEditableBlock(17) type=paragraph → false
[23:48:42.649] #21 [NED] isNonEditableBlock(15) type=blank_line → false
[23:48:43.768] #22 [NED] isNonEditableBlock(18) type=paragraph → false
[23:48:44.152] #23 [NED] isNonEditableBlock(16) type=blank_line → false
[23:48:46.663] #24 [NED] isNonEditableBlock(16) type=paragraph → false
[23:48:47.055] #25 [NED] isNonEditableBlock(15) type=blank_line → false
[23:48:48.189] #26 [NED] isNonEditableBlock(15) type=blank_line → false
[23:48:49.317] #27 [NED] isNonEditableBlock(17) type=paragraph → false
[23:48:49.669] #28 [NED] isNonEditableBlock(15) type=blank_line → false
[23:48:50.707] #29 [NED] isNonEditableBlock(17) type=paragraph → false
[23:48:50.837] #30 [NED] isNonEditableBlock(13) type=blank_line → false
[23:48:52.492] #31 [NED] isNonEditableBlock(10) type=paragraph → false
[23:48:52.907] #32 [NED] isNonEditableBlock(11) type=paragraph → false
[23:48:54.675] #33 [NED] isNonEditableBlock(9) type=paragraph → false
[23:48:55.011] #34 [NED] isNonEditableBlock(11) type=paragraph → false
[23:48:56.123] #35 [NED] isNonEditableBlock(9) type=paragraph → false
[23:48:56.689] #36 [NED] isNonEditableBlock(10) type=paragraph → false
[23:48:59.209] #37 [NED] isNonEditableBlock(10) type=paragraph → false
[23:48:59.513] #38 [NED] isNonEditableBlock(10) type=paragraph → false
[23:49:00.537] #39 [NED] isNonEditableBlock(6) type=blank_line → false
[00:17:09.185] #1 [NED] isNonEditableBlock(9) type=paragraph → false
[00:17:09.689] #2 [NED] isNonEditableBlock(11) type=paragraph → false
[00:17:12.434] #3 [NED] isNonEditableBlock(9) type=paragraph → false
[00:17:12.872] #4 [NED] isNonEditableBlock(11) type=paragraph → false
[00:17:14.415] #5 [NED] isNonEditableBlock(12) type=paragraph → false
[00:17:14.863] #6 [NED] isNonEditableBlock(12) type=paragraph → false
[00:17:16.941] #7 [NED] isNonEditableBlock(10) type=paragraph → false
[00:17:17.589] #8 [NED] isNonEditableBlock(12) type=paragraph → false
[00:17:19.197] #9 [NED] isNonEditableBlock(10) type=paragraph → false
[00:17:20.204] #10 [NED] isNonEditableBlock(10) type=paragraph → false
[00:17:21.052] #11 [NED] isNonEditableBlock(10) type=paragraph → false
[00:17:21.467] #12 [NED] isNonEditableBlock(10) type=paragraph → false
[00:17:21.868] #13 [NED] isNonEditableBlock(10) type=paragraph → false
[00:17:22.651] #14 [NED] isNonEditableBlock(10) type=paragraph → false
[00:17:23.708] #15 [NED] isNonEditableBlock(8) type=blank_line → false
[00:17:26.921] #16 [NED] isNonEditableBlock(10) type=paragraph → false
[00:17:28.033] #17 [NED] isNonEditableBlock(9) type=paragraph → false
[00:17:28.615] #18 [NED] isNonEditableBlock(7) type=heading → false
[00:17:31.463] #19 [NED] isNonEditableBlock(9) type=paragraph → false
[00:17:32.063] #20 [NED] isNonEditableBlock(9) type=paragraph → false
[00:17:32.455] #21 [NED] isNonEditableBlock(9) type=paragraph → false
[00:17:32.879] #22 [NED] isNonEditableBlock(9) type=paragraph → false
[00:17:33.325] #23 [NED] isNonEditableBlock(9) type=paragraph → false
[00:17:34.133] #24 [NED] isNonEditableBlock(9) type=paragraph → false
[00:17:34.477] #25 [NED] isNonEditableBlock(9) type=paragraph → false
[00:17:35.557] #26 [NED] isNonEditableBlock(10) type=paragraph → false
[00:17:36.485] #27 [NED] isNonEditableBlock(9) type=paragraph → false
[00:17:36.981] #28 [NED] isNonEditableBlock(9) type=paragraph → false
[00:17:37.421] #29 [NED] isNonEditableBlock(9) type=paragraph → false
[00:17:37.771] #30 [NED] isNonEditableBlock(9) type=paragraph → false
[00:17:38.235] #31 [NED] isNonEditableBlock(9) type=paragraph → false
[00:17:38.579] #32 [NED] isNonEditableBlock(9) type=paragraph → false
[00:17:39.004] #33 [NED] isNonEditableBlock(9) type=paragraph → false
[00:17:39.467] #34 [NED] isNonEditableBlock(9) type=paragraph → false
[00:17:42.289] #35 [NED] isNonEditableBlock(7) type=heading → false
[00:17:43.889] #36 [NED] isNonEditableBlock(17) type=paragraph → false
[00:17:44.969] #37 [NED] isNonEditableBlock(18) type=paragraph → false
[00:17:46.017] #38 [NED] isNonEditableBlock(18) type=paragraph → false
[00:17:47.519] #39 [NED] isNonEditableBlock(18) type=paragraph → false
[00:17:49.983] #40 [NED] isNonEditableBlock(18) type=paragraph → false
[00:17:51.949] #41 [NED] isNonEditableBlock(17) type=paragraph → false
[00:17:52.533] #42 [NED] isNonEditableBlock(17) type=paragraph → false
[00:17:53.365] #43 [NED] isNonEditableBlock(17) type=paragraph → false
[00:17:54.262] #44 [NED] isNonEditableBlock(17) type=paragraph → false
[00:17:55.085] #45 [NED] isNonEditableBlock(17) type=paragraph → false
[00:17:55.477] #46 [NED] isNonEditableBlock(17) type=paragraph → false
[00:17:56.715] #47 [NED] isNonEditableBlock(15) type=blank_line → false
[00:17:58.443] #48 [NED] isNonEditableBlock(17) type=paragraph → false
[00:17:59.124] #49 [NED] isNonEditableBlock(18) type=paragraph → false
[00:18:00.163] #50 [NED] isNonEditableBlock(17) type=paragraph → false
[00:18:01.009] #51 [NED] isNonEditableBlock(17) type=paragraph → false
[00:18:01.577] #52 [NED] isNonEditableBlock(17) type=paragraph → false
[00:18:02.129] #53 [NED] isNonEditableBlock(17) type=paragraph → false
[00:18:02.657] #54 [NED] isNonEditableBlock(17) type=paragraph → false
[00:18:03.345] #55 [NED] isNonEditableBlock(17) type=paragraph → false
[00:18:03.921] #56 [NED] isNonEditableBlock(17) type=paragraph → false
[00:18:04.554] #57 [NED] isNonEditableBlock(17) type=paragraph → false
[00:18:04.898] #58 [NED] isNonEditableBlock(17) type=paragraph → false
[00:18:06.887] #59 [NED] isNonEditableBlock(9) type=paragraph → false
[00:18:07.351] #60 [NED] isNonEditableBlock(10) type=paragraph → false
[00:18:08.431] #61 [NED] isNonEditableBlock(17) type=paragraph → false
[00:18:09.136] #62 [NED] isNonEditableBlock(17) type=paragraph → false
[00:18:09.637] #63 [NED] isNonEditableBlock(17) type=paragraph → false
[00:18:10.157] #64 [NED] isNonEditableBlock(17) type=paragraph → false
[00:18:10.621] #65 [NED] isNonEditableBlock(17) type=paragraph → false
[00:18:11.053] #66 [NED] isNonEditableBlock(17) type=paragraph → false
[00:18:11.525] #67 [NED] isNonEditableBlock(17) type=paragraph → false
[00:18:12.478] #68 [NED] isNonEditableBlock(17) type=paragraph → false
[00:18:13.470] #69 [NED] isNonEditableBlock(17) type=paragraph → false
[00:18:14.811] #70 [NED] isNonEditableBlock(18) type=paragraph → false
[00:18:16.667] #71 [NED] isNonEditableBlock(17) type=paragraph → false
[00:18:17.332] #72 [NED] isNonEditableBlock(17) type=paragraph → false
[00:18:17.931] #73 [NED] isNonEditableBlock(17) type=paragraph → false
[00:18:18.539] #74 [NED] isNonEditableBlock(18) type=paragraph → false
[00:18:19.857] #75 [NED] isNonEditableBlock(17) type=paragraph → false
[00:18:20.233] #76 [NED] isNonEditableBlock(18) type=paragraph → false
[23:27:56.685] #1 [NED] isNonEditableBlock(13) type=blank_line → false
[23:27:57.229] #2 [NED] isNonEditableBlock(12) type=paragraph → false
[23:28:03.051] #3 [NED] isNonEditableBlock(12) type=paragraph → false
[23:28:04.483] #4 [NED] isNonEditableBlock(7) type=heading → false
[23:28:05.401] #5 [NED] isNonEditableBlock(11) type=paragraph → false
[23:28:05.793] #6 [NED] isNonEditableBlock(12) type=paragraph → false
[23:28:09.026] #7 [NED] isNonEditableBlock(17) type=paragraph → false
[23:28:09.297] #8 [NED] isNonEditableBlock(15) type=blank_line → false
[23:28:18.685] #9 [NED] isNonEditableBlock(9) type=paragraph → false
[23:28:19.123] #10 [NED] isNonEditableBlock(10) type=paragraph → false
[23:28:20.075] #11 [NED] isNonEditableBlock(9) type=paragraph → false
[23:28:20.531] #12 [NED] isNonEditableBlock(11) type=paragraph → false
[23:28:22.219] #13 [NED] isNonEditableBlock(17) type=paragraph → false
[23:28:23.649] #14 [NED] isNonEditableBlock(11) type=paragraph → false
[23:28:23.993] #15 [NED] isNonEditableBlock(11) type=paragraph → false
[10:22:26.633] #1 [NED] isNonEditableBlock(9) type=paragraph → false
[10:22:40.863] #2 [NED] isNonEditableBlock(10) type=paragraph → false
[10:22:42.323] #3 [NED] isNonEditableBlock(9) type=paragraph → false
[10:22:43.010] #4 [NED] isNonEditableBlock(10) type=paragraph → false
[10:22:45.063] #5 [NED] isNonEditableBlock(9) type=paragraph → false
[10:22:45.576] #6 [NED] isNonEditableBlock(10) type=paragraph → false
[10:22:47.106] #7 [NED] isNonEditableBlock(9) type=paragraph → false
[10:22:48.493] #8 [NED] isNonEditableBlock(9) type=paragraph → false
[10:22:49.587] #9 [NED] isNonEditableBlock(9) type=paragraph → false
[10:22:50.822] #10 [NED] isNonEditableBlock(9) type=paragraph → false
[10:22:53.178] #11 [NED] isNonEditableBlock(17) type=paragraph → false
[10:22:55.027] #12 [NED] isNonEditableBlock(16) type=blank_line → false
[10:26:27.833] #1 [NED] isNonEditableBlock(3) type=paragraph → false
[10:26:28.948] #2 [NED] isNonEditableBlock(2) type=heading → false
[10:26:31.671] #3 [NED] isNonEditableBlock(6) type=paragraph → false
[10:26:32.285] #4 [NED] isNonEditableBlock(5) type=heading → false
[10:26:40.371] #5 [NED] isNonEditableBlock(6) type=paragraph → false
[10:26:41.938] #6 [NED] isNonEditableBlock(6) type=paragraph → false
[12:53:47.814] #7 [NED] isNonEditableBlock(6) type=paragraph → false
[12:54:46.144] #1 [NED] isNonEditableBlock(6) type=paragraph → false
[12:54:46.738] #2 [NED] isNonEditableBlock(5) type=heading → false
[12:54:49.040] #3 [NED] isNonEditableBlock(9) type=paragraph → false
[12:54:49.424] #4 [NED] isNonEditableBlock(9) type=paragraph → false
[12:54:51.251] #5 [NED] isNonEditableBlock(8) type=heading → false
[12:54:51.767] #6 [NED] isNonEditableBlock(9) type=paragraph → false
[12:54:52.334] #7 [NED] isNonEditableBlock(9) type=paragraph → false
[12:54:52.693] #8 [NED] isNonEditableBlock(7) type=blank_line → false
[12:55:00.340] #9 [NED] isNonEditableBlock(9) type=paragraph → false
[12:55:00.694] #10 [NED] isNonEditableBlock(10) type=paragraph → false
[12:55:03.494] #11 [NED] isNonEditableBlock(27) type=image → false
[12:55:04.169] #12 [NED] isNonEditableBlock(25) type=blank_line → false
[12:55:13.064] #13 [NED] isNonEditableBlock(112) type=paragraph → false
[12:55:14.388] #14 [NED] isNonEditableBlock(112) type=paragraph → false
[12:55:14.906] #15 [NED] isNonEditableBlock(113) type=blank_line → false
[12:55:15.440] #16 [NED] isNonEditableBlock(110) type=paragraph → false
[12:55:21.706] #17 [NED] isNonEditableBlock(112) type=paragraph → false
[12:55:23.651] #18 [NED] isNonEditableBlock(113) type=blank_line → false
[12:55:28.348] #19 [NED] isNonEditableBlock(111) type=blank_line → false
[12:55:31.081] #20 [NED] isNonEditableBlock(111) type=blank_line → false
[12:55:37.658] #21 [NED] isNonEditableBlock(112) type=paragraph → false
[12:55:43.953] #22 [NED] isNonEditableBlock(112) type=paragraph → false
[12:55:45.815] #23 [NED] isNonEditableBlock(112) type=paragraph → false
[12:55:45.901] #24 [NED] isNonEditableBlock(112) type=paragraph → false
[12:55:48.906] #25 [NED] isNonEditableBlock(112) type=paragraph → false
[12:55:55.368] #26 [NED] isNonEditableBlock(112) type=paragraph → false
[12:55:57.580] #27 [NED] isNonEditableBlock(112) type=paragraph → false
[12:55:58.110] #28 [NED] isNonEditableBlock(112) type=paragraph → false
[12:55:58.411] #29 [NED] isNonEditableBlock(112) type=paragraph → false
[12:55:59.507] #30 [NED] isNonEditableBlock(108) type=paragraph → false
[12:55:59.971] #31 [NED] isNonEditableBlock(106) type=heading → false
[12:56:05.098] #32 [NED] isNonEditableBlock(112) type=paragraph → false
[12:56:06.766] #33 [NED] isNonEditableBlock(112) type=paragraph → false
[12:56:07.573] #34 [NED] isNonEditableBlock(112) type=paragraph → false
[12:56:19.704] #35 [NED] isNonEditableBlock(112) type=paragraph → false
[12:56:23.663] #36 [NED] isNonEditableBlock(113) type=blank_line → false
[12:56:36.452] #37 [NED] isNonEditableBlock(112) type=paragraph → false
[12:56:37.255] #38 [NED] isNonEditableBlock(112) type=paragraph → false
[12:56:39.248] #39 [NED] isNonEditableBlock(112) type=paragraph → false
[12:56:39.846] #40 [NED] isNonEditableBlock(112) type=paragraph → false
[12:56:41.071] #41 [NED] isNonEditableBlock(112) type=paragraph → false
[12:56:41.071] #42 [NED] isNonEditableBlock(112) type=paragraph → false
[12:56:41.103] #43 [NED] isNonEditableBlock(112) type=paragraph → false
[12:56:44.013] #44 [NED] isNonEditableBlock(104) type=heading → false
[12:56:46.958] #45 [NED] isNonEditableBlock(112) type=paragraph → false
[12:56:50.974] #46 [NED] isNonEditableBlock(104) type=heading → false
[12:56:52.016] #47 [NED] isNonEditableBlock(104) type=heading → false
[12:56:52.052] #48 [NED] isNonEditableBlock(104) type=heading → false
[12:56:53.214] #49 [NED] isNonEditableBlock(112) type=paragraph → false
[12:56:53.852] #50 [NED] isNonEditableBlock(112) type=paragraph → false
[12:56:53.888] #51 [NED] isNonEditableBlock(112) type=paragraph → false
[12:56:54.710] #52 [NED] isNonEditableBlock(112) type=paragraph → false
[12:56:55.531] #53 [NED] isNonEditableBlock(112) type=paragraph → false
[12:56:55.768] #54 [NED] isNonEditableBlock(112) type=paragraph → false
[12:56:56.440] #55 [NED] isNonEditableBlock(112) type=paragraph → false
[12:56:56.761] #56 [NED] isNonEditableBlock(112) type=paragraph → false
[12:56:56.925] #57 [NED] isNonEditableBlock(112) type=paragraph → false
[12:57:05.145] #58 [NED] isNonEditableBlock(112) type=paragraph → false
[13:19:57.395] #1 [NED] isNonEditableBlock(3) type=paragraph → false
[13:19:59.189] #2 [NED] isNonEditableBlock(8) type=heading → false
[13:19:59.692] #3 [NED] isNonEditableBlock(5) type=heading → false
[13:20:04.847] #4 [NED] isNonEditableBlock(11) type=heading → false
[13:20:05.362] #5 [NED] isNonEditableBlock(9) type=paragraph → false
[13:20:07.979] #6 [NED] isNonEditableBlock(11) type=heading → false
[13:20:08.399] #7 [NED] isNonEditableBlock(8) type=heading → false
[13:20:16.797] #8 [NED] isNonEditableBlock(11) type=heading → false
[13:20:17.142] #9 [NED] isNonEditableBlock(10) type=blank_line → false
[13:20:25.859] #10 [NED] isNonEditableBlock(122) type=paragraph → false
[13:20:26.266] #11 [NED] isNonEditableBlock(121) type=blank_line → false
[13:20:33.008] #12 [NED] isNonEditableBlock(112) type=paragraph → false
[13:20:33.445] #13 [NED] isNonEditableBlock(113) type=blank_line → false
[13:20:34.902] #14 [NED] isNonEditableBlock(112) type=paragraph → false
[13:20:37.358] #15 [NED] isNonEditableBlock(114) type=heading → false
[13:20:44.622] #16 [NED] isNonEditableBlock(112) type=paragraph → false
[13:20:49.109] #17 [NED] isNonEditableBlock(114) type=heading → false
[13:20:52.329] #18 [NED] isNonEditableBlock(112) type=paragraph → false
[13:20:53.537] #19 [NED] isNonEditableBlock(113) type=blank_line → false
[13:21:04.500] #20 [NED] isNonEditableBlock(112) type=paragraph → false
[13:21:06.391] #21 [NED] isNonEditableBlock(105) type=blank_line → false
[13:21:09.679] #22 [NED] isNonEditableBlock(112) type=paragraph → false
[13:21:13.994] #23 [NED] isNonEditableBlock(104) type=heading → false
[13:21:16.927] #24 [NED] isNonEditableBlock(112) type=paragraph → false
[13:21:17.493] #25 [NED] isNonEditableBlock(106) type=heading → false
[13:21:20.747] #26 [NED] isNonEditableBlock(122) type=paragraph → false
[13:21:21.543] #27 [NED] isNonEditableBlock(108) type=paragraph → false
[13:54:10.143] #1 [NED] isNonEditableBlock(12) type=paragraph → false
[13:54:11.423] #2 [NED] isNonEditableBlock(12) type=paragraph → false
[13:54:15.499] #3 [NED] isNonEditableBlock(10) type=paragraph → false
[13:54:17.497] #4 [NED] isNonEditableBlock(10) type=paragraph → false
[13:54:18.691] #5 [NED] isNonEditableBlock(8) type=heading → false
[13:54:19.092] #6 [NED] isNonEditableBlock(10) type=paragraph → false
[13:54:23.249] #7 [NED] isNonEditableBlock(8) type=heading → false
[13:54:23.836] #8 [NED] isNonEditableBlock(9) type=blank_line → false
[13:54:35.011] #9 [NED] isNonEditableBlock(8) type=heading → false
[13:54:35.624] #10 [NED] isNonEditableBlock(8) type=heading → false
[13:54:37.957] #11 [NED] isNonEditableBlock(2) type=heading → false
[13:54:39.355] #12 [NED] isNonEditableBlock(4) type=paragraph → false
[13:54:41.075] #13 [NED] isNonEditableBlock(4) type=paragraph → false
[13:54:42.091] #14 [NED] isNonEditableBlock(2) type=heading → false
[13:54:43.485] #15 [NED] isNonEditableBlock(6) type=paragraph → false
[13:54:43.964] #16 [NED] isNonEditableBlock(3) type=blank_line → false
[13:54:46.951] #17 [NED] isNonEditableBlock(12) type=paragraph → false
[13:54:47.220] #18 [NED] isNonEditableBlock(12) type=paragraph → false
[13:54:50.135] #19 [NED] isNonEditableBlock(28) type=paragraph → false
[13:54:56.256] #20 [NED] isNonEditableBlock(24) type=paragraph → false
[13:54:56.808] #21 [NED] isNonEditableBlock(23) type=blank_line → false
[13:55:01.201] #22 [NED] isNonEditableBlock(28) type=paragraph → false
[13:55:02.115] #23 [NED] isNonEditableBlock(26) type=heading → false
[13:55:03.556] #24 [NED] isNonEditableBlock(28) type=paragraph → false
[13:55:26.753] #25 [NED] isNonEditableBlock(22) type=heading → false
[13:55:29.424] #26 [NED] isNonEditableBlock(10) type=paragraph → false
[13:55:32.133] #27 [NED] isNonEditableBlock(6) type=paragraph → false
[13:55:33.804] #28 [NED] isNonEditableBlock(6) type=paragraph → false
[13:55:34.707] #29 [NED] isNonEditableBlock(7) type=blank_line → false
[13:55:35.474] #30 [NED] isNonEditableBlock(8) type=heading → false
[13:55:39.751] #31 [NED] isNonEditableBlock(12) type=paragraph → false
[13:55:42.902] #32 [NED] isNonEditableBlock(12) type=paragraph → false
[13:55:55.910] #33 [NED] isNonEditableBlock(7) type=blank_line → false
[13:56:05.348] #34 [NED] isNonEditableBlock(2) type=heading → false
[13:56:12.432] #35 [NED] isNonEditableBlock(4) type=paragraph → false
[13:56:14.770] #36 [NED] isNonEditableBlock(4) type=paragraph → false
[13:56:15.702] #37 [NED] isNonEditableBlock(26) type=heading → false
[13:56:16.786] #38 [NED] isNonEditableBlock(28) type=paragraph → false
[13:56:18.385] #39 [NED] isNonEditableBlock(28) type=paragraph → false
[13:56:20.505] #40 [NED] isNonEditableBlock(24) type=paragraph → false
[13:56:21.367] #41 [NED] isNonEditableBlock(24) type=paragraph → false
[13:56:22.136] #42 [NED] isNonEditableBlock(23) type=blank_line → false
[13:56:25.735] #43 [NED] isNonEditableBlock(16) type=paragraph → false
[13:56:27.101] #44 [NED] isNonEditableBlock(16) type=paragraph → false
[13:56:28.694] #45 [NED] isNonEditableBlock(16) type=paragraph → false
[13:56:31.642] #46 [NED] isNonEditableBlock(16) type=paragraph → false
[13:56:33.954] #47 [NED] isNonEditableBlock(16) type=paragraph → false
[13:56:34.527] #48 [NED] isNonEditableBlock(15) type=blank_line → false
[14:04:17.231] #49 [NED] isNonEditableBlock(12) type=paragraph → false
[14:04:21.480] #50 [DBL] ─── dblclick fired ───
[14:04:21.480] #51 [DBL] target=MJX-MROW class=
[14:04:21.480] #52 [DBL] editMode off → return
[14:04:22.117] #53 [DBL] ─── dblclick fired ───
[14:04:22.117] #54 [DBL] target=MJX-DTABLE class=
[14:04:22.117] #55 [DBL] editMode off → return
[14:04:23.188] #56 [DBL] ─── dblclick fired ───
[14:04:23.188] #57 [DBL] target=MJX-CONTAINER class=MathJax
[14:04:23.188] #58 [DBL] editMode off → return
[14:04:23.993] #59 [DBL] ─── dblclick fired ───
[14:04:23.993] #60 [DBL] target=DIV class=m0-src-block m0-blank-block
[14:04:23.993] #61 [DBL] editMode off → return
[14:04:24.976] #62 [DBL] ─── dblclick fired ───
[14:04:24.976] #63 [DBL] target=MJX-C class=mjx-c2B
[14:04:24.976] #64 [DBL] editMode off → return
[14:04:32.471] #65 [DBL] ─── dblclick fired ───
[14:04:32.471] #66 [DBL] target=svg class=[object SVGAnimatedString]
[14:04:32.471] #67 [DBL] editMode off → return
[14:04:33.066] #68 [DBL] ─── dblclick fired ───
[14:04:33.066] #69 [DBL] target=svg class=[object SVGAnimatedString]
[14:04:33.066] #70 [DBL] editMode off → return
[14:04:35.043] #71 [DBL] ─── dblclick fired ───
[14:04:35.043] #72 [DBL] target=rect class=[object SVGAnimatedString]
[14:04:35.043] #73 [DBL] editMode off → return
[14:04:37.281] #74 [DBL] ─── dblclick fired ───
[14:04:37.281] #75 [DBL] target=rect class=[object SVGAnimatedString]
[14:04:37.281] #76 [DBL] editMode off → return
[14:04:40.893] #77 [DBL] ─── dblclick fired ───
[14:04:40.893] #78 [DBL] target=MJX-MROW class=
[14:04:40.893] #79 [DBL] editMode off → return
[14:04:41.318] #80 [DBL] ─── dblclick fired ───
[14:04:41.318] #81 [DBL] target=MJX-MROW class=
[14:04:41.318] #82 [DBL] editMode off → return
[14:04:41.816] #83 [DBL] ─── dblclick fired ───
[14:04:41.816] #84 [DBL] target=MJX-MSUB class=
[14:04:41.816] #85 [DBL] editMode off → return
[14:04:42.658] #86 [DBL] ─── dblclick fired ───
[14:04:42.658] #87 [DBL] target=DIV class=m0-preview-content
[14:04:42.658] #88 [DBL] editMode off → return
[14:04:43.808] #89 [DBL] ─── dblclick fired ───
[14:04:43.808] #90 [DBL] target=DIV class=m0-src-block m0-blank-block
[14:04:43.808] #91 [DBL] editMode off → return
[14:21:11.474] #1 [MOUSE] mouseup on inline math → skip sync (keep formula selection)
[14:21:11.610] #2 [MOUSE] mouseup on inline math → skip sync (keep formula selection)
[14:21:11.611] #3 [DBL] ─── dblclick fired ───
[14:21:11.611] #4 [DBL] target=MJX-C class=mjx-c1D466 TEX-I
[14:21:11.611] #5 [DBL] → inline math edit mode (mjx-container)
[14:21:11.619] #6 [DBL] inline math edit mode: formula=x^2+y^2=z^2 mjx=true
[14:21:13.812] #7 [DBL] exit inline math: changed=false new=x^2+y^2=z^2 mjx=true
[14:21:13.882] #8 [MOUSE] mouseup on inline math → skip sync (keep formula selection)
[14:21:14.282] #9 [MOUSE] mouseup on inline math → skip sync (keep formula selection)
[14:21:14.483] #10 [MOUSE] mouseup on inline math → skip sync (keep formula selection)
[14:21:14.670] #11 [MOUSE] mouseup on inline math → skip sync (keep formula selection)
[14:21:14.834] #12 [MOUSE] mouseup on inline math → skip sync (keep formula selection)
[14:21:14.834] #13 [DBL] ─── dblclick fired ───
[14:21:14.834] #14 [DBL] target=MJX-MATH class=MJX-TEX
[14:21:14.834] #15 [DBL] → inline math edit mode (mjx-container)
[14:21:14.837] #16 [DBL] inline math edit mode: formula=E=mc^2 mjx=true
[14:21:15.891] #17 [DBL] exit inline math: changed=false new=E=mc^2 mjx=true
[14:21:15.989] #18 [MOUSE] mouseup on inline math → skip sync (keep formula selection)
[14:21:19.114] #19 [NED] isNonEditableBlock(27) type=image → false
[14:21:22.075] #20 [NED] isNonEditableBlock(44) type=code_block → true
[14:21:22.075] #21 [MOUSE] mouseup on non-editable block 44 → skip sync (allow dblclick)
[14:21:22.229] #22 [NED] isNonEditableBlock(44) type=code_block → true
[14:21:22.229] #23 [MOUSE] mouseup on non-editable block 44 → skip sync (allow dblclick)
[14:21:22.230] #24 [DBL] ─── dblclick fired ───
[14:21:22.230] #25 [DBL] target=svg class=[object SVGAnimatedString]
[14:21:22.230] #26 [DBL] found .m0-src-block bi=44 tag=DIV ce=false
[14:21:22.230] #27 [NED] isNonEditableBlock(44) type=code_block → true
[14:21:22.230] #28 [DBL] isNonEditableBlock(44)=true
[14:21:22.230] #29 [DBL] → enterBlockEditMode(44)
[14:21:24.491] #30 [NED] isNonEditableBlock(48) type=code_block → true
[14:21:24.491] #31 [MOUSE] mouseup on non-editable block 48 → skip sync (allow dblclick)
[14:21:24.624] #32 [NED] isNonEditableBlock(48) type=code_block → true
[14:21:24.624] #33 [MOUSE] mouseup on non-editable block 48 → skip sync (allow dblclick)
[14:21:24.624] #34 [DBL] ─── dblclick fired ───
[14:21:24.624] #35 [DBL] target=rect class=[object SVGAnimatedString]
[14:21:24.624] #36 [DBL] found .m0-src-block bi=48 tag=DIV ce=false
[14:21:24.624] #37 [NED] isNonEditableBlock(48) type=code_block → true
[14:21:24.624] #38 [DBL] isNonEditableBlock(48)=true
[14:21:24.624] #39 [DBL] → enterBlockEditMode(48)
[14:21:25.088] #40 [NED] isNonEditableBlock(52) type=code_block → true
[14:21:25.088] #41 [MOUSE] mouseup on non-editable block 52 → skip sync (allow dblclick)
[14:21:25.219] #42 [NED] isNonEditableBlock(52) type=code_block → true
[14:21:25.219] #43 [MOUSE] mouseup on non-editable block 52 → skip sync (allow dblclick)
[14:21:25.219] #44 [DBL] ─── dblclick fired ───
[14:21:25.219] #45 [DBL] target=svg class=[object SVGAnimatedString]
[14:21:25.219] #46 [DBL] found .m0-src-block bi=52 tag=DIV ce=false
[14:21:25.219] #47 [NED] isNonEditableBlock(52) type=code_block → true
[14:21:25.219] #48 [DBL] isNonEditableBlock(52)=true
[14:21:25.219] #49 [DBL] → enterBlockEditMode(52)
[14:21:29.822] #50 [NED] isNonEditableBlock(134) type=table → true
[14:21:29.822] #51 [MOUSE] mouseup on non-editable block 134 → skip sync (allow dblclick)
[14:21:30.150] #52 [NED] isNonEditableBlock(134) type=table → true
[14:21:30.150] #53 [MOUSE] mouseup on non-editable block 134 → skip sync (allow dblclick)
[14:21:30.301] #54 [NED] isNonEditableBlock(134) type=table → true
[14:21:30.301] #55 [MOUSE] mouseup on non-editable block 134 → skip sync (allow dblclick)
[14:21:30.301] #56 [DBL] ─── dblclick fired ───
[14:21:30.301] #57 [DBL] target=TH class=
[14:21:30.301] #58 [DBL] found .m0-src-block bi=134 tag=TABLE ce=false
[14:21:30.301] #59 [NED] isNonEditableBlock(134) type=table → true
[14:21:30.301] #60 [DBL] isNonEditableBlock(134)=true
[14:21:30.301] #61 [DBL] → enterBlockEditMode(134)
[14:21:30.944] #62 [NED] isNonEditableBlock(134) type=table → true
[14:21:30.944] #63 [MOUSE] mouseup on non-editable block 134 → skip sync (allow dblclick)
[14:21:31.430] #64 [NED] isNonEditableBlock(134) type=table → true
[14:21:31.430] #65 [MOUSE] mouseup on non-editable block 134 → skip sync (allow dblclick)
[14:21:31.916] #66 [NED] isNonEditableBlock(134) type=table → true
[14:21:31.916] #67 [MOUSE] mouseup on non-editable block 134 → skip sync (allow dblclick)
[14:21:40.088] #68 [NED] isNonEditableBlock(134) type=table → true
[14:21:40.088] #69 [MOUSE] mouseup on non-editable block 134 → skip sync (allow dblclick)
[14:21:41.727] #70 [NED] isNonEditableBlock(134) type=table → true
[14:21:41.727] #71 [MOUSE] mouseup on non-editable block 134 → skip sync (allow dblclick)
[14:21:51.868] #72 [NED] isNonEditableBlock(133) type=blank_line → false
[14:21:52.753] #73 [NED] isNonEditableBlock(134) type=table → true
[14:21:55.919] #74 [NED] isNonEditableBlock(132) type=heading → false
[14:21:57.532] #75 [NED] isNonEditableBlock(134) type=table → true
[14:22:00.808] #76 [NED] isNonEditableBlock(134) type=table → true
[14:22:01.042] #77 [NED] isNonEditableBlock(134) type=table → true
[14:22:01.050] #78 [NED] isNonEditableBlock(134) type=table → true
[14:22:01.545] #79 [NED] isNonEditableBlock(134) type=table → true
[14:22:02.412] #80 [NED] isNonEditableBlock(134) type=table → true
[14:22:02.581] #81 [NED] isNonEditableBlock(134) type=table → true
[14:22:02.710] #82 [NED] isNonEditableBlock(134) type=table → true
[14:22:02.879] #83 [NED] isNonEditableBlock(134) type=table → true
[14:22:03.784] #84 [NED] isNonEditableBlock(134) type=table → true
[14:22:03.785] #85 [NED] isNonEditableBlock(134) type=table → true
[14:22:04.010] #86 [NED] isNonEditableBlock(135) type=paragraph → false
[14:22:04.010] #87 [NED] isNonEditableBlock(135) type=paragraph → false
[14:22:04.988] #88 [NED] isNonEditableBlock(135) type=paragraph → false
[14:22:05.171] #89 [NED] isNonEditableBlock(135) type=paragraph → false
[14:22:05.392] #90 [NED] isNonEditableBlock(135) type=paragraph → false
[14:22:05.839] #91 [NED] isNonEditableBlock(135) type=paragraph → false
[14:22:05.840] #92 [NED] isNonEditableBlock(135) type=paragraph → false
[14:22:06.064] #93 [NED] isNonEditableBlock(135) type=paragraph → false
[14:22:06.064] #94 [NED] isNonEditableBlock(135) type=paragraph → false
[14:22:06.178] #95 [NED] isNonEditableBlock(135) type=paragraph → false
[14:22:06.598] #96 [NED] isNonEditableBlock(135) type=paragraph → false
[14:22:06.799] #97 [NED] isNonEditableBlock(135) type=paragraph → false
[14:22:06.964] #98 [NED] isNonEditableBlock(135) type=paragraph → false
[14:22:07.314] #99 [NED] isNonEditableBlock(135) type=paragraph → false
[14:22:07.701] #100 [NED] isNonEditableBlock(135) type=paragraph → false
[14:22:08.120] #101 [NED] isNonEditableBlock(134) type=table → true
[14:22:08.547] #102 [NED] isNonEditableBlock(134) type=table → true
[14:22:08.909] #103 [NED] isNonEditableBlock(134) type=table → true
[14:22:09.050] #104 [NED] isNonEditableBlock(135) type=paragraph → false
[14:22:09.552] #105 [NED] isNonEditableBlock(135) type=paragraph → false
[14:22:09.737] #106 [NED] isNonEditableBlock(135) type=paragraph → false
[14:22:09.966] #107 [NED] isNonEditableBlock(134) type=table → true
[14:22:10.787] #108 [NED] isNonEditableBlock(134) type=table → true
[14:22:10.948] #109 [NED] isNonEditableBlock(135) type=paragraph → false
[14:22:11.096] #110 [NED] isNonEditableBlock(135) type=paragraph → false
[14:22:11.314] #111 [NED] isNonEditableBlock(135) type=paragraph → false
[14:22:11.559] #112 [NED] isNonEditableBlock(134) type=table → true
[14:22:11.801] #113 [NED] isNonEditableBlock(134) type=table → true
[14:22:11.961] #114 [NED] isNonEditableBlock(134) type=table → true
[14:22:12.620] #115 [NED] isNonEditableBlock(134) type=table → true
[14:22:12.738] #116 [NED] isNonEditableBlock(134) type=table → true
[14:22:16.596] #117 [NED] isNonEditableBlock(134) type=table → true
[14:22:17.648] #118 [NED] isNonEditableBlock(134) type=table → true
[14:22:19.012] #119 [NED] isNonEditableBlock(134) type=table → true
[14:22:19.115] #120 [NED] isNonEditableBlock(134) type=table → true
[14:22:20.119] #121 [NED] isNonEditableBlock(134) type=table → true
[14:22:30.962] #122 [NED] isNonEditableBlock(118) type=math_block → true
[14:22:30.962] #123 [MOUSE] mouseup on non-editable block 118 → skip sync (allow dblclick)
[14:22:32.020] #124 [NED] isNonEditableBlock(118) type=math_block → true
[14:22:32.020] #125 [MOUSE] mouseup on non-editable block 118 → skip sync (allow dblclick)
[14:22:35.492] #126 [NED] isNonEditableBlock(118) type=math_block → true
[14:22:35.492] #127 [MOUSE] mouseup on non-editable block 118 → skip sync (allow dblclick)
[14:22:36.448] #128 [NED] isNonEditableBlock(120) type=heading → false
[14:22:38.829] #129 [NED] isNonEditableBlock(118) type=math_block → true
[14:22:38.829] #130 [MOUSE] mouseup on non-editable block 118 → skip sync (allow dblclick)
[14:22:50.272] #131 [NED] isNonEditableBlock(106) type=heading → false
[14:22:53.987] #132 [NED] isNonEditableBlock(113) type=blank_line → false
[14:23:00.093] #133 [NED] isNonEditableBlock(108) type=paragraph → false
[14:23:01.647] #134 [NED] isNonEditableBlock(106) type=heading → false
[14:23:07.614] #135 [NED] isNonEditableBlock(108) type=paragraph → false
[14:23:09.578] #136 [NED] isNonEditableBlock(106) type=heading → false
[14:23:17.089] #137 [NED] isNonEditableBlock(108) type=paragraph → false
[14:23:17.947] #138 [NED] isNonEditableBlock(106) type=heading → false
[14:23:28.056] #139 [NED] isNonEditableBlock(108) type=paragraph → false
[14:23:32.672] #140 [NED] isNonEditableBlock(104) type=heading → false
[14:23:34.209] #141 [NED] isNonEditableBlock(108) type=paragraph → false
[14:23:35.064] #142 [NED] isNonEditableBlock(106) type=heading → false
[14:23:44.459] #143 [NED] isNonEditableBlock(108) type=paragraph → false
[14:23:46.035] #144 [NED] isNonEditableBlock(105) type=blank_line → false
[14:24:03.189] #145 [MOUSE] mouseup on inline math → skip sync (keep formula selection)
[14:24:04.097] #146 [MOUSE] mouseup on inline math → skip sync (keep formula selection)
[14:24:05.055] #147 [NED] isNonEditableBlock(113) type=blank_line → false
[14:24:08.068] #148 [NED] isNonEditableBlock(124) type=math_block → true
[14:24:08.068] #149 [MOUSE] mouseup on non-editable block 124 → skip sync (allow dblclick)
[14:24:10.011] #150 [NED] isNonEditableBlock(124) type=math_block → true
[14:24:10.011] #151 [MOUSE] mouseup on non-editable block 124 → skip sync (allow dblclick)
[14:24:13.363] #152 [NED] isNonEditableBlock(126) type=heading → false
[14:24:14.082] #153 [NED] isNonEditableBlock(124) type=math_block → true
[14:24:14.082] #154 [MOUSE] mouseup on non-editable block 124 → skip sync (allow dblclick)
[14:24:20.138] #155 [NED] isNonEditableBlock(112) type=paragraph → false
[14:24:25.040] #156 [NED] isNonEditableBlock(112) type=paragraph → false
[14:24:27.798] #157 [NED] isNonEditableBlock(113) type=blank_line → false
[14:24:32.863] #158 [NED] isNonEditableBlock(110) type=paragraph → false
[14:24:38.426] #159 [NED] isNonEditableBlock(113) type=blank_line → false
[14:24:42.934] #160 [NED] isNonEditableBlock(102) type=list → false
[14:24:47.370] #161 [NED] isNonEditableBlock(104) type=heading → false
[14:24:52.817] #162 [NED] isNonEditableBlock(108) type=paragraph → false
[14:24:55.787] #163 [NED] isNonEditableBlock(103) type=blank_line → false
[14:27:20.983] #164 [NED] isNonEditableBlock(110) type=paragraph → false
[14:27:23.693] #165 [NED] isNonEditableBlock(110) type=paragraph → false
[14:27:24.782] #166 [NED] isNonEditableBlock(106) type=heading → false
[14:27:29.480] #167 [NED] isNonEditableBlock(110) type=paragraph → false
[14:27:30.144] #168 [NED] isNonEditableBlock(108) type=paragraph → false
[14:27:37.082] #169 [NED] isNonEditableBlock(110) type=paragraph → false
[14:27:37.586] #170 [MOUSE] mouseup on inline math → skip sync (keep formula selection)
[14:27:39.330] #171 [NED] isNonEditableBlock(110) type=paragraph → false
[14:27:45.217] #172 [NED] isNonEditableBlock(109) type=blank_line → false
[14:27:47.639] #173 [NED] isNonEditableBlock(110) type=paragraph → false
[14:27:50.695] #174 [NED] isNonEditableBlock(107) type=blank_line → false
[14:28:43.444] #175 [NED] isNonEditableBlock(114) type=heading → false
[14:28:46.722] #176 [NED] isNonEditableBlock(114) type=heading → false
[14:28:48.890] #177 [NED] isNonEditableBlock(114) type=heading → false
[14:28:52.194] #178 [NED] isNonEditableBlock(114) type=heading → false
[14:28:52.850] #179 [NED] isNonEditableBlock(114) type=heading → false
[14:28:54.989] #180 [MOUSE] mouseup on inline math → skip sync (keep formula selection)
[14:29:02.062] #181 [NED] isNonEditableBlock(114) type=heading → false
[14:29:03.132] #182 [NED] isNonEditableBlock(114) type=heading → false
[14:29:07.141] #183 [NED] isNonEditableBlock(113) type=blank_line → false
[14:29:07.682] #184 [NED] isNonEditableBlock(115) type=blank_line → false
[14:29:16.538] #185 [NED] isNonEditableBlock(124) type=math_block → true
[14:29:16.538] #186 [MOUSE] mouseup on non-editable block 124 → skip sync (allow dblclick)
[14:47:06.714] #1 [NED] isNonEditableBlock(4) type=image → true
[14:47:06.714] #2 [MOUSE] mouseup on non-editable block 4 → skip sync (allow dblclick)
[14:47:06.878] #3 [NED] isNonEditableBlock(4) type=image → true
[14:47:06.878] #4 [MOUSE] mouseup on non-editable block 4 → skip sync (allow dblclick)
[14:47:06.878] #5 [DBL] ─── dblclick fired ───
[14:47:06.878] #6 [DBL] target=IMG class=m0-preview-image
[14:47:06.878] #7 [DBL] found .m0-src-block bi=4 tag=P ce=inherit
[14:47:06.879] #8 [NED] isNonEditableBlock(4) type=image → true
[14:47:06.879] #9 [DBL] isNonEditableBlock(4)=true
[14:47:06.879] #10 [DBL] → enterBlockEditMode(4)
[14:47:08.207] #11 [NED] isNonEditableBlock(4) type=image → true
[14:47:08.207] #12 [MOUSE] mouseup on non-editable block 4 → skip sync (allow dblclick)
[14:47:13.185] #13 [NED] isNonEditableBlock(8) type=image → true
[14:47:13.185] #14 [MOUSE] mouseup on non-editable block 8 → skip sync (allow dblclick)
[14:47:13.339] #15 [NED] isNonEditableBlock(8) type=image → true
[14:47:13.339] #16 [MOUSE] mouseup on non-editable block 8 → skip sync (allow dblclick)
[14:47:13.339] #17 [DBL] ─── dblclick fired ───
[14:47:13.339] #18 [DBL] target=IMG class=m0-preview-image
[14:47:13.339] #19 [DBL] found .m0-src-block bi=8 tag=P ce=inherit
[14:47:13.339] #20 [NED] isNonEditableBlock(8) type=image → true
[14:47:13.339] #21 [DBL] isNonEditableBlock(8)=true
[14:47:13.339] #22 [DBL] → enterBlockEditMode(8)
[14:47:15.937] #23 [NED] isNonEditableBlock(8) type=image → true
[14:47:15.938] #24 [MOUSE] mouseup on non-editable block 8 → skip sync (allow dblclick)
[14:47:17.705] #25 [NED] isNonEditableBlock(6) type=heading → false
[14:47:18.592] #26 [NED] isNonEditableBlock(1) type=blank_line → false
[14:47:28.716] #27 [NED] isNonEditableBlock(27) type=image → true
[14:47:28.716] #28 [MOUSE] mouseup on non-editable block 27 → skip sync (allow dblclick)
[14:47:29.880] #29 [NED] isNonEditableBlock(27) type=image → true
[14:47:29.880] #30 [MOUSE] mouseup on non-editable block 27 → skip sync (allow dblclick)
[14:47:30.086] #31 [NED] isNonEditableBlock(27) type=image → true
[14:47:30.086] #32 [MOUSE] mouseup on non-editable block 27 → skip sync (allow dblclick)
[14:47:30.086] #33 [DBL] ─── dblclick fired ───
[14:47:30.086] #34 [DBL] target=IMG class=m0-preview-image
[14:47:30.086] #35 [DBL] found .m0-src-block bi=27 tag=P ce=inherit
[14:47:30.086] #36 [NED] isNonEditableBlock(27) type=image → true
[14:47:30.086] #37 [DBL] isNonEditableBlock(27)=true
[14:47:30.086] #38 [DBL] → enterBlockEditMode(27)
[14:47:44.954] #39 [NED] isNonEditableBlock(4) type=image → true
[14:47:44.954] #40 [MOUSE] mouseup on non-editable block 4 → skip sync (allow dblclick)
[14:47:45.328] #41 [NED] isNonEditableBlock(4) type=image → true
[14:47:45.328] #42 [MOUSE] mouseup on non-editable block 4 → skip sync (allow dblclick)
[14:47:45.483] #43 [NED] isNonEditableBlock(4) type=image → true
[14:47:45.483] #44 [MOUSE] mouseup on non-editable block 4 → skip sync (allow dblclick)
[14:47:45.483] #45 [DBL] ─── dblclick fired ───
[14:47:45.483] #46 [DBL] target=IMG class=m0-preview-image
[14:47:45.483] #47 [DBL] found .m0-src-block bi=4 tag=P ce=inherit
[14:47:45.483] #48 [NED] isNonEditableBlock(4) type=image → true
[14:47:45.483] #49 [DBL] isNonEditableBlock(4)=true
[14:47:45.483] #50 [DBL] → enterBlockEditMode(4)
[14:47:47.221] #51 [NED] isNonEditableBlock(6) type=heading → false
[14:47:48.516] #52 [NED] isNonEditableBlock(8) type=image → true
[14:47:48.516] #53 [MOUSE] mouseup on non-editable block 8 → skip sync (allow dblclick)
[14:47:48.677] #54 [NED] isNonEditableBlock(8) type=image → true
[14:47:48.677] #55 [MOUSE] mouseup on non-editable block 8 → skip sync (allow dblclick)
[14:47:48.677] #56 [DBL] ─── dblclick fired ───
[14:47:48.677] #57 [DBL] target=IMG class=m0-preview-image
[14:47:48.677] #58 [DBL] found .m0-src-block bi=8 tag=P ce=inherit
[14:47:48.677] #59 [NED] isNonEditableBlock(8) type=image → true
[14:47:48.677] #60 [DBL] isNonEditableBlock(8)=true
[14:47:48.677] #61 [DBL] → enterBlockEditMode(8)
[14:47:49.302] #62 [NED] isNonEditableBlock(11) type=blank_line → false
[14:47:51.086] #63 [NED] isNonEditableBlock(12) type=image → true
[14:47:51.086] #64 [MOUSE] mouseup on non-editable block 12 → skip sync (allow dblclick)
[14:47:51.687] #65 [NED] isNonEditableBlock(12) type=image → true
[14:47:51.687] #66 [MOUSE] mouseup on non-editable block 12 → skip sync (allow dblclick)
[14:47:51.687] #67 [DBL] ─── dblclick fired ───
[14:47:51.687] #68 [DBL] target=IMG class=m0-preview-image
[14:47:51.687] #69 [DBL] found .m0-src-block bi=12 tag=P ce=inherit
[14:47:51.687] #70 [NED] isNonEditableBlock(12) type=image → true
[14:47:51.687] #71 [DBL] isNonEditableBlock(12)=true
[14:47:51.687] #72 [DBL] → enterBlockEditMode(12)
[14:47:52.510] #73 [NED] isNonEditableBlock(8) type=image → true
[14:47:52.510] #74 [MOUSE] mouseup on non-editable block 8 → skip sync (allow dblclick)
[14:47:57.728] #75 [NED] isNonEditableBlock(38) type=image → true
[14:47:57.729] #76 [MOUSE] mouseup on non-editable block 38 → skip sync (allow dblclick)
[14:48:06.008] #77 [NED] isNonEditableBlock(38) type=image → true
[14:48:06.008] #78 [MOUSE] mouseup on non-editable block 38 → skip sync (allow dblclick)
[14:48:06.160] #79 [NED] isNonEditableBlock(38) type=image → true
[14:48:06.160] #80 [MOUSE] mouseup on non-editable block 38 → skip sync (allow dblclick)
[14:48:06.161] #81 [DBL] ─── dblclick fired ───
[14:48:06.161] #82 [DBL] target=IMG class=m0-preview-image
[14:48:06.161] #83 [DBL] found .m0-src-block bi=38 tag=P ce=inherit
[14:48:06.161] #84 [NED] isNonEditableBlock(38) type=image → true
[14:48:06.161] #85 [DBL] isNonEditableBlock(38)=true
[14:48:06.161] #86 [DBL] → enterBlockEditMode(38)
[14:48:12.472] #87 [NED] isNonEditableBlock(33) type=image → true
[14:48:12.472] #88 [MOUSE] mouseup on non-editable block 33 → skip sync (allow dblclick)
[14:48:21.863] #89 [NED] isNonEditableBlock(119) type=blank_line → false
[14:48:24.009] #90 [NED] isNonEditableBlock(112) type=paragraph → false
[14:48:24.561] #91 [MOUSE] mouseup on inline math → skip sync (keep formula selection)
[14:48:26.052] #92 [NED] isNonEditableBlock(112) type=paragraph → false
[14:48:30.028] #93 [NED] isNonEditableBlock(112) type=paragraph → false
[14:48:30.566] #94 [NED] isNonEditableBlock(112) type=paragraph → false
[14:48:36.615] #95 [NED] isNonEditableBlock(113) type=blank_line → false
[14:48:39.897] #96 [NED] isNonEditableBlock(113) type=blank_line → false
[14:48:40.557] #97 [NED] isNonEditableBlock(113) type=blank_line → false
[14:48:48.194] #98 [NED] isNonEditableBlock(112) type=paragraph → false
[14:48:57.949] #99 [NED] isNonEditableBlock(103) type=blank_line → false
[14:49:02.502] #100 [NED] isNonEditableBlock(102) type=list → false
[14:49:07.928] #101 [NED] isNonEditableBlock(114) type=heading → false
[14:49:11.742] #102 [NED] isNonEditableBlock(107) type=blank_line → false
[14:49:14.523] #103 [NED] isNonEditableBlock(113) type=blank_line → false
[14:49:17.938] #104 [NED] isNonEditableBlock(109) type=blank_line → false
[23:25:08.434] #1 [NED] isNonEditableBlock(12) type=paragraph → false
[23:25:09.201] #2 [NED] isNonEditableBlock(12) type=paragraph → false
[23:25:11.448] #3 [MOUSE] mouseup on inline math → skip sync (keep formula selection)
[23:25:11.799] #4 [NED] isNonEditableBlock(12) type=paragraph → false
[23:25:13.583] #5 [MOUSE] mouseup on inline math → skip sync (keep formula selection)
[23:25:15.469] #6 [MOUSE] mouseup on inline math → skip sync (keep formula selection)
[23:25:16.429] #7 [MOUSE] mouseup on inline math → skip sync (keep formula selection)
[23:25:18.189] #8 [MOUSE] mouseup on inline math → skip sync (keep formula selection)
[23:25:18.853] #9 [NED] isNonEditableBlock(18) type=heading → false
[23:25:19.141] #10 [NED] isNonEditableBlock(18) type=heading → false
[23:25:19.851] #11 [NED] isNonEditableBlock(17) type=blank_line → false
[23:25:21.675] #12 [NED] isNonEditableBlock(10) type=paragraph → false
[23:25:22.635] #13 [NED] isNonEditableBlock(10) type=paragraph → false
[23:25:22.932] #14 [NED] isNonEditableBlock(11) type=blank_line → false
[23:25:26.889] #15 [NED] isNonEditableBlock(10) type=paragraph → false
[23:25:27.313] #16 [NED] isNonEditableBlock(10) type=paragraph → false
[23:25:28.081] #17 [NED] isNonEditableBlock(10) type=paragraph → false
[23:25:28.575] #18 [NED] isNonEditableBlock(10) type=paragraph → false
[23:25:29.199] #19 [NED] isNonEditableBlock(10) type=paragraph → false
[23:25:29.575] #20 [NED] isNonEditableBlock(9) type=blank_line → false
[23:51:49.395] #1 [NED] isNonEditableBlock(12) type=paragraph → false
[23:51:57.494] #2 [NED] isNonEditableBlock(16) type=paragraph → false
[23:51:59.652] #3 [MOUSE] mouseup on inline math → skip sync (keep formula selection)
[23:52:01.124] #4 [NED] isNonEditableBlock(12) type=paragraph → false
[23:52:01.596] #5 [NED] isNonEditableBlock(12) type=paragraph → false
[23:52:07.170] #6 [NED] isNonEditableBlock(12) type=paragraph → false
[23:52:07.720] #7 [NED] isNonEditableBlock(11) type=blank_line → false
[23:52:09.416] #8 [NED] isNonEditableBlock(9) type=blank_line → false
[23:52:11.352] #9 [NED] isNonEditableBlock(12) type=paragraph → false
[23:52:14.327] #10 [NED] isNonEditableBlock(18) type=heading → false
[23:52:14.774] #11 [NED] isNonEditableBlock(17) type=blank_line → false
[23:52:16.556] #12 [NED] isNonEditableBlock(16) type=paragraph → false
[23:52:19.125] #13 [NED] isNonEditableBlock(18) type=heading → false
[23:52:19.828] #14 [NED] isNonEditableBlock(14) type=heading → false
[23:52:20.508] #15 [NED] isNonEditableBlock(10) type=paragraph → false
[23:52:22.610] #16 [NED] isNonEditableBlock(5) type=blank_line → false
[23:52:24.482] #17 [NED] isNonEditableBlock(8) type=heading → false
[23:52:32.278] #18 [NED] isNonEditableBlock(16) type=paragraph → false
[23:52:34.158] #19 [NED] isNonEditableBlock(16) type=paragraph → false
[23:52:39.434] #20 [NED] isNonEditableBlock(15) type=blank_line → false
[23:52:49.854] #21 [NED] isNonEditableBlock(13) type=blank_line → false
[23:53:20.256] #22 [NED] isNonEditableBlock(17) type=blank_line → false
[23:53:21.192] #23 [NED] isNonEditableBlock(18) type=heading → false
[23:53:21.488] #24 [NED] isNonEditableBlock(19) type=blank_line → false
[00:13:35.531] #1 [NED] isNonEditableBlock(10) type=paragraph → false
[00:13:38.002] #2 [NED] isNonEditableBlock(12) type=paragraph → false
[00:13:39.937] #3 [NED] isNonEditableBlock(12) type=paragraph → false
[00:13:40.489] #4 [NED] isNonEditableBlock(13) type=blank_line → false
[00:13:43.455] #5 [MOUSE] mouseup on inline math → skip sync (keep formula selection)
[00:14:06.189] #6 [NED] isNonEditableBlock(10) type=paragraph → false
[00:14:07.157] #7 [NED] isNonEditableBlock(12) type=paragraph → false
[00:14:09.245] #8 [NED] isNonEditableBlock(16) type=paragraph → false
[00:27:49.010] #1 [MOUSE] mouseup on inline math → skip sync (keep formula selection)
[00:27:58.022] #2 [NED] isNonEditableBlock(6) type=paragraph → false
[00:27:58.631] #3 [NED] isNonEditableBlock(8) type=heading → false
[00:28:01.740] #4 [NED] isNonEditableBlock(6) type=paragraph → false
[00:28:12.342] #5 [NED] isNonEditableBlock(6) type=paragraph → false
[00:28:13.870] #6 [NED] isNonEditableBlock(6) type=paragraph → false
[00:28:16.614] #7 [NED] isNonEditableBlock(6) type=paragraph → false
[00:28:20.668] #8 [NED] isNonEditableBlock(5) type=blank_line → false
[00:28:25.800] #9 [NED] isNonEditableBlock(4) type=paragraph → false
[00:28:30.990] #10 [NED] isNonEditableBlock(8) type=heading → false
[00:28:35.116] #11 [NED] isNonEditableBlock(0) type=heading → false
[00:28:39.642] #12 [NED] isNonEditableBlock(3) type=blank_line → false
[00:37:31.574] #1 [NED] isNonEditableBlock(12) type=paragraph → false
[00:37:32.381] #2 [NED] isNonEditableBlock(12) type=paragraph → false
[00:37:33.966] #3 [MOUSE] mouseup on inline math → skip sync (keep formula selection)
[00:37:34.446] #4 [MOUSE] mouseup on inline math → skip sync (keep formula selection)
[00:37:34.605] #5 [MOUSE] mouseup on inline math → skip sync (keep formula selection)
[00:37:34.606] #6 [DBL] ─── dblclick fired ───
[00:37:34.606] #7 [DBL] target=MJX-C class=mjx-c32
[00:37:34.606] #8 [DBL] → inline math edit mode (mjx-container)
[00:37:34.609] #9 [DBL] inline math edit mode: formula=a^2 + b^2 = c^2 mjx=true
[00:37:35.224] #10 [DBL] exit inline math: changed=false new=a^2 + b^2 = c^2 mjx=true
[00:37:35.292] #11 [NED] isNonEditableBlock(11) type=blank_line → false
[00:37:35.916] #12 [MOUSE] mouseup on inline math → skip sync (keep formula selection)
[00:37:36.571] #13 [MOUSE] mouseup on inline math → skip sync (keep formula selection)
[00:37:36.740] #14 [MOUSE] mouseup on inline math → skip sync (keep formula selection)
[00:37:36.740] #15 [DBL] ─── dblclick fired ───
[00:37:36.740] #16 [DBL] target=MJX-MATH class=MJX-TEX
[00:37:36.740] #17 [DBL] → inline math edit mode (mjx-container)
[00:37:36.741] #18 [DBL] inline math edit mode: formula=a^2 + b^2 = c^2 mjx=true
[00:37:37.558] #19 [DBL] exit inline math: changed=false new=a^2 + b^2 = c^2 mjx=true
[00:37:37.587] #20 [NED] isNonEditableBlock(11) type=blank_line → false
[00:37:38.100] #21 [MOUSE] mouseup on inline math → skip sync (keep formula selection)
[00:37:38.876] #22 [MOUSE] mouseup on inline math → skip sync (keep formula selection)
[00:37:40.569] #23 [MOUSE] mouseup on inline math → skip sync (keep formula selection)
[00:37:43.210] #24 [MOUSE] mouseup on inline math → skip sync (keep formula selection)
[00:37:43.514] #25 [MOUSE] mouseup on inline math → skip sync (keep formula selection)
[00:37:46.008] #26 [NED] isNonEditableBlock(10) type=paragraph → false
[00:37:49.317] #27 [NED] isNonEditableBlock(10) type=paragraph → false
[00:37:50.653] #28 [NED] isNonEditableBlock(12) type=paragraph → false
[00:37:51.966] #29 [MOUSE] mouseup on inline math → skip sync (keep formula selection)
[00:37:52.222] #30 [MOUSE] mouseup on inline math → skip sync (keep formula selection)
[00:37:56.819] #31 [MOUSE] mouseup on inline math → skip sync (keep formula selection)
[00:37:59.938] #32 [MOUSE] mouseup on inline math → skip sync (keep formula selection)
[00:38:02.152] #33 [MOUSE] mouseup on inline math → skip sync (keep formula selection)
[00:38:03.576] #34 [NED] isNonEditableBlock(8) type=heading → false
[00:38:05.616] #35 [NED] isNonEditableBlock(11) type=blank_line → false
[00:38:12.460] #36 [NED] isNonEditableBlock(6) type=paragraph → false
[00:38:18.482] #37 [NED] isNonEditableBlock(8) type=heading → false
[00:38:23.160] #38 [NED] isNonEditableBlock(8) type=heading → false
[00:38:25.254] #39 [MOUSE] mouseup on inline math → skip sync (keep formula selection)
