[15:33:07.272] [render] currentFileDir=Mathemetical_Modeling/  currentPath=Mathemetical_Modeling/FFT.md
[15:33:07.276] [STAMP] mapped 177 blocks from 188 source lines
[15:33:07.276] [F1] rendered 177 blocks in 3.1ms
[15:35:22.400] [MAP] selHighlight sel=none mathTotal=40 covered=0
[15:35:23.617] [MAP] selHighlight sel=none mathTotal=40 covered=0
[15:35:23.809] [MAP] selHighlight sel=none mathTotal=40 covered=0
[15:35:24.209] [MAP] selHighlight sel=none mathTotal=40 covered=0
[15:35:24.817] [MAP] selHighlight sel=none mathTotal=40 covered=0
[15:35:25.892] [MAP] selHighlight sel=none mathTotal=40 covered=0
[15:35:26.925] [MAP] selHighlight sel=none mathTotal=40 covered=0
[15:35:27.042] [MAP] selHighlight sel=none mathTotal=40 covered=0
[15:35:27.209] [MAP] selHighlight sel=none mathTotal=40 covered=0
[15:35:27.317] [MAP] selHighlight sel=none mathTotal=40 covered=0
[15:35:27.500] [MAP] selHighlight sel=none mathTotal=40 covered=0
[15:35:27.583] [MAP] selHighlight sel=none mathTotal=40 covered=0
[15:35:27.708] [MAP] selHighlight sel=none mathTotal=40 covered=0
[15:35:27.850] [MAP] selHighlight sel=none mathTotal=40 covered=0
[15:35:30.233] [render] currentFileDir=Mathemetical_Modeling/  currentPath=Mathemetical_Modeling/FFT-appendix.md
[15:35:30.240] [STAMP] mapped 0 blocks from 0 source lines
[15:35:30.240] [F1] rendered 1 blocks in 0.2ms
[15:35:30.240] [render] skip: already rendering → queue pending re-render
[15:35:30.241] [render] re-run queued render
[15:35:30.241] [render] currentFileDir=Mathemetical_Modeling/  currentPath=Mathemetical_Modeling/FFT-appendix.md
[15:35:30.241] [STAMP] mapped 0 blocks from 0 source lines
[15:35:30.241] [F1] rendered 1 blocks in 0.0ms
[15:35:31.096] [CTX] SRC L1 C0 [|·|]
[15:35:31.096] [CTX] PV  blk0 C0 [|·|]
[15:35:31.096] [EH] click: L1 C0 (block 0)
[15:35:37.018] [render] currentFileDir=Mathemetical_Modeling/  currentPath=Mathemetical_Modeling/FFT-appendix.md
[15:35:37.020] [STAMP] mapped 81 blocks from 103 source lines
[15:35:37.020] [F1] rendered 81 blocks in 1.1ms
[15:35:44.122] [render] currentFileDir=Mathemetical_Modeling/  currentPath=Mathemetical_Modeling/FFT-appendix.md
[15:35:44.125] [STAMP] mapped 81 blocks from 103 source lines
[15:35:44.125] [F1] rendered 81 blocks in 1.0ms
[15:35:53.575] [MAP] selHighlight sel=none mathTotal=53 covered=0
[15:35:54.510] [MAP] selHighlight sel=none mathTotal=53 covered=0
[15:35:54.580] [render] currentFileDir=Mathemetical_Modeling/  currentPath=Mathemetical_Modeling/FFT-appendix.md
[15:35:54.582] [STAMP] mapped 81 blocks from 103 source lines
[15:35:54.582] [F1] rendered 81 blocks in 0.7ms
[15:35:59.841] [MAP] selHighlight sel=none mathTotal=53 covered=0
[15:36:10.424] [MAP] selHighlight sel=none mathTotal=53 covered=0
[15:36:11.366] [MAP] selHighlight sel=none mathTotal=53 covered=0
[15:36:11.450] [render] currentFileDir=Mathemetical_Modeling/  currentPath=Mathemetical_Modeling/FFT-appendix.md
[15:36:11.453] [STAMP] mapped 64 blocks from 104 source lines
[15:36:11.453] [F1] rendered 64 blocks in 0.9ms
[15:36:12.749] [MAP] selHighlight sel=none mathTotal=47 covered=0
[15:36:13.217] [MAP] selHighlight sel=none mathTotal=47 covered=0
[15:36:13.297] [render] currentFileDir=Mathemetical_Modeling/  currentPath=Mathemetical_Modeling/FFT-appendix.md
[15:36:13.301] [STAMP] mapped 81 blocks from 105 source lines
[15:36:13.301] [F1] rendered 81 blocks in 0.8ms
[15:36:18.116] [MAP] selHighlight sel=none mathTotal=51 covered=0
[15:36:19.182] [MAP] selHighlight sel=none mathTotal=51 covered=0
[15:36:19.265] [render] currentFileDir=Mathemetical_Modeling/  currentPath=Mathemetical_Modeling/FFT-appendix.md
[15:36:19.267] [STAMP] mapped 81 blocks from 105 source lines
[15:36:19.267] [F1] rendered 81 blocks in 0.7ms
[15:36:21.599] [MAP] selHighlight sel=none mathTotal=51 covered=0
[15:36:22.024] [MAP] selHighlight sel=none mathTotal=51 covered=0
[15:36:22.102] [render] currentFileDir=Mathemetical_Modeling/  currentPath=Mathemetical_Modeling/FFT-appendix.md
[15:36:22.104] [STAMP] mapped 81 blocks from 105 source lines
[15:36:22.104] [F1] rendered 81 blocks in 0.8ms
[15:36:27.482] [MAP] selHighlight sel=none mathTotal=51 covered=0
[15:36:28.866] [MAP] selHighlight sel=none mathTotal=51 covered=0
[15:36:28.941] [render] currentFileDir=Mathemetical_Modeling/  currentPath=Mathemetical_Modeling/FFT-appendix.md
[15:36:28.943] [STAMP] mapped 68 blocks from 106 source lines
[15:36:28.943] [F1] rendered 68 blocks in 0.6ms
[15:36:30.441] [MAP] selHighlight sel=none mathTotal=49 covered=0
[15:36:30.974] [MAP] selHighlight sel=none mathTotal=49 covered=0
[15:36:31.048] [render] currentFileDir=Mathemetical_Modeling/  currentPath=Mathemetical_Modeling/FFT-appendix.md
[15:36:31.052] [STAMP] mapped 81 blocks from 107 source lines
[15:36:31.052] [F1] rendered 81 blocks in 0.8ms
[15:36:43.232] [MAP] selHighlight sel=none mathTotal=49 covered=0
[15:36:43.607] [MAP] selHighlight sel=none mathTotal=49 covered=0
[15:36:43.684] [render] currentFileDir=Mathemetical_Modeling/  currentPath=Mathemetical_Modeling/FFT-appendix.md
[15:36:43.687] [STAMP] mapped 70 blocks from 108 source lines
[15:36:43.687] [F1] rendered 70 blocks in 0.6ms
[15:36:44.874] [MAP] selHighlight sel=none mathTotal=51 covered=0
[15:36:45.482] [MAP] selHighlight sel=none mathTotal=51 covered=0
[15:36:45.558] [render] currentFileDir=Mathemetical_Modeling/  currentPath=Mathemetical_Modeling/FFT-appendix.md
[15:36:45.562] [STAMP] mapped 81 blocks from 109 source lines
[15:36:45.562] [F1] rendered 81 blocks in 0.6ms
[15:36:55.065] [MAP] selHighlight sel=none mathTotal=47 covered=0
[15:37:04.040] [MAP] selHighlight sel=none mathTotal=47 covered=0
[15:37:04.106] [render] currentFileDir=Mathemetical_Modeling/  currentPath=Mathemetical_Modeling/FFT-appendix.md
[15:37:04.109] [STAMP] mapped 79 blocks from 109 source lines
[15:37:04.109] [F1] rendered 79 blocks in 0.8ms
[15:37:04.957] [MAP] selHighlight sel=none mathTotal=53 covered=0
[15:37:05.223] [MAP] selHighlight sel=none mathTotal=53 covered=0
[15:37:05.314] [render] currentFileDir=Mathemetical_Modeling/  currentPath=Mathemetical_Modeling/FFT-appendix.md
[15:37:05.318] [STAMP] mapped 79 blocks from 109 source lines
[15:37:05.318] [F1] rendered 79 blocks in 1.0ms
[15:37:33.934] [EH] enterBlockEditMode: block 66 type=math_block lines 79-91
[15:37:33.942] [STYLE] _extract range=sel
[15:37:33.943] [STYLE] _extract start=bi=66 path=[] off=0 | L79:0 [|$|$]  end=bi=66 path=[] off=1 | L79:0 [|$|$]
[15:37:33.943] [STYLE] _extract FAIL splitEnd
[15:37:33.943] [MAP] selHighlight sel=[DIV.-src-block -math-block -block-editing@0 -> DIV.-src-block -math-block -block-editing@1] mathTotal=53 covered=0
[15:37:52.231] [EH] exitBlockEditMode: block 66 type=math_block
[15:37:52.319] [render] currentFileDir=Mathemetical_Modeling/  currentPath=Mathemetical_Modeling/FFT-appendix.md
[15:37:52.322] [STAMP] mapped 79 blocks from 99 source lines
[15:37:52.322] [F1] rendered 79 blocks in 0.6ms
[15:37:54.332] [MAP] selHighlight sel=none mathTotal=53 covered=0
[15:37:58.847] [MAP] selHighlight sel=none mathTotal=53 covered=0
[15:37:59.798] [render] currentFileDir=Mathemetical_Modeling/  currentPath=Mathemetical_Modeling/FFT-appendix.md
[15:37:59.801] [STAMP] mapped 81 blocks from 109 source lines
[15:37:59.801] [F1] rendered 81 blocks in 0.7ms
[15:37:59.852] [MAP] selHighlight sel=none mathTotal=47 covered=0
[15:38:01.481] [MAP] selHighlight sel=none mathTotal=47 covered=0
[15:38:05.380] [MAP] selHighlight sel=none mathTotal=47 covered=0
[15:38:06.397] [MAP] selHighlight sel=none mathTotal=47 covered=0
[15:38:07.114] [MAP] selHighlight sel=none mathTotal=47 covered=0
[15:38:07.203] [render] currentFileDir=Mathemetical_Modeling/  currentPath=Mathemetical_Modeling/FFT-appendix.md
[15:38:07.205] [STAMP] mapped 81 blocks from 109 source lines
[15:38:07.205] [F1] rendered 81 blocks in 0.6ms
[15:38:07.556] [MAP] selHighlight sel=none mathTotal=47 covered=0
[15:38:07.637] [render] currentFileDir=Mathemetical_Modeling/  currentPath=Mathemetical_Modeling/FFT-appendix.md
[15:38:07.640] [STAMP] mapped 79 blocks from 109 source lines
[15:38:07.640] [F1] rendered 79 blocks in 0.7ms
[15:38:08.839] [MAP] selHighlight sel=none mathTotal=53 covered=0
[15:38:10.323] [MAP] selHighlight sel=none mathTotal=53 covered=0
[15:38:11.889] [MAP] selHighlight sel=none mathTotal=53 covered=0
[15:38:11.964] [render] currentFileDir=Mathemetical_Modeling/  currentPath=Mathemetical_Modeling/FFT-appendix.md
[15:38:11.968] [STAMP] mapped 79 blocks from 109 source lines
[15:38:11.968] [F1] rendered 79 blocks in 0.6ms
[15:38:17.397] [MAP] selHighlight sel=none mathTotal=53 covered=0
[15:38:17.947] [MAP] selHighlight sel=none mathTotal=53 covered=0
[15:38:18.020] [render] currentFileDir=Mathemetical_Modeling/  currentPath=Mathemetical_Modeling/FFT-appendix.md
[15:38:18.024] [STAMP] mapped 79 blocks from 109 source lines
[15:38:18.024] [F1] rendered 79 blocks in 0.8ms
[15:38:21.997] [MAP] selHighlight sel=none mathTotal=53 covered=0
[15:38:22.747] [MAP] selHighlight sel=none mathTotal=53 covered=0
[15:38:22.827] [render] currentFileDir=Mathemetical_Modeling/  currentPath=Mathemetical_Modeling/FFT-appendix.md
[15:38:22.831] [STAMP] mapped 79 blocks from 109 source lines
[15:38:22.831] [F1] rendered 79 blocks in 0.6ms
[15:38:22.997] [MAP] selHighlight sel=none mathTotal=53 covered=0
[15:38:23.074] [render] currentFileDir=Mathemetical_Modeling/  currentPath=Mathemetical_Modeling/FFT-appendix.md
[15:38:23.077] [STAMP] mapped 79 blocks from 109 source lines
[15:38:23.077] [F1] rendered 79 blocks in 0.6ms
[15:38:23.264] [MAP] selHighlight sel=none mathTotal=53 covered=0
[15:38:23.353] [render] currentFileDir=Mathemetical_Modeling/  currentPath=Mathemetical_Modeling/FFT-appendix.md
[15:38:23.358] [STAMP] mapped 79 blocks from 109 source lines
[15:38:23.359] [F1] rendered 79 blocks in 1.2ms
[15:38:23.972] [MAP] selHighlight sel=none mathTotal=53 covered=0
[15:38:24.052] [render] currentFileDir=Mathemetical_Modeling/  currentPath=Mathemetical_Modeling/FFT-appendix.md
[15:38:24.056] [STAMP] mapped 79 blocks from 109 source lines
[15:38:24.056] [F1] rendered 79 blocks in 0.8ms
[15:38:24.705] [MAP] selHighlight sel=none mathTotal=53 covered=0
[15:38:24.783] [render] currentFileDir=Mathemetical_Modeling/  currentPath=Mathemetical_Modeling/FFT-appendix.md
[15:38:24.786] [STAMP] mapped 79 blocks from 109 source lines
[15:38:24.786] [F1] rendered 79 blocks in 0.7ms
[15:38:25.515] [MAP] selHighlight sel=none mathTotal=53 covered=0
[15:38:25.590] [render] currentFileDir=Mathemetical_Modeling/  currentPath=Mathemetical_Modeling/FFT-appendix.md
[15:38:25.594] [STAMP] mapped 79 blocks from 109 source lines
[15:38:25.594] [F1] rendered 79 blocks in 1.0ms
[15:38:25.730] [MAP] selHighlight sel=none mathTotal=53 covered=0
[15:38:25.808] [render] currentFileDir=Mathemetical_Modeling/  currentPath=Mathemetical_Modeling/FFT-appendix.md
[15:38:25.812] [STAMP] mapped 79 blocks from 109 source lines
[15:38:25.812] [F1] rendered 79 blocks in 0.7ms
[15:38:26.772] [MAP] selHighlight sel=none mathTotal=53 covered=0
[15:38:26.860] [render] currentFileDir=Mathemetical_Modeling/  currentPath=Mathemetical_Modeling/FFT-appendix.md
[15:38:26.864] [STAMP] mapped 79 blocks from 109 source lines
[15:38:26.864] [F1] rendered 79 blocks in 0.6ms
[15:38:48.588] [MAP] selHighlight sel=none mathTotal=53 covered=0
[15:38:49.496] [MAP] selHighlight sel=none mathTotal=53 covered=0
[15:38:49.577] [render] currentFileDir=Mathemetical_Modeling/  currentPath=Mathemetical_Modeling/FFT-appendix.md
[15:38:49.581] [STAMP] mapped 79 blocks from 109 source lines
[15:38:49.581] [F1] rendered 79 blocks in 0.7ms
[15:38:51.330] [MAP] selHighlight sel=none mathTotal=53 covered=0
[15:38:51.722] [MAP] selHighlight sel=none mathTotal=53 covered=0
[15:38:51.791] [render] currentFileDir=Mathemetical_Modeling/  currentPath=Mathemetical_Modeling/FFT-appendix.md
[15:38:51.796] [STAMP] mapped 79 blocks from 109 source lines
[15:38:51.796] [F1] rendered 79 blocks in 0.9ms
[15:38:52.180] [MAP] selHighlight sel=none mathTotal=53 covered=0
[15:38:52.463] [MAP] selHighlight sel=none mathTotal=53 covered=0
[15:38:52.547] [render] currentFileDir=Mathemetical_Modeling/  currentPath=Mathemetical_Modeling/FFT-appendix.md
[15:38:52.551] [STAMP] mapped 79 blocks from 109 source lines
[15:38:52.551] [F1] rendered 79 blocks in 0.6ms
[15:38:59.905] [MAP] selHighlight sel=none mathTotal=53 covered=0
[15:39:02.554] [MAP] selHighlight sel=none mathTotal=53 covered=0
[15:39:02.634] [render] currentFileDir=Mathemetical_Modeling/  currentPath=Mathemetical_Modeling/FFT-appendix.md
[15:39:02.637] [STAMP] mapped 79 blocks from 109 source lines
[15:39:02.637] [F1] rendered 79 blocks in 0.6ms
[15:39:02.839] [MAP] selHighlight sel=none mathTotal=53 covered=0
[15:39:02.911] [render] currentFileDir=Mathemetical_Modeling/  currentPath=Mathemetical_Modeling/FFT-appendix.md
[15:39:02.914] [STAMP] mapped 79 blocks from 109 source lines
[15:39:02.914] [F1] rendered 79 blocks in 0.6ms
[15:39:03.098] [MAP] selHighlight sel=none mathTotal=53 covered=0
[15:39:03.184] [render] currentFileDir=Mathemetical_Modeling/  currentPath=Mathemetical_Modeling/FFT-appendix.md
[15:39:03.187] [STAMP] mapped 79 blocks from 109 source lines
[15:39:03.187] [F1] rendered 79 blocks in 0.6ms
[15:39:04.471] [MAP] selHighlight sel=none mathTotal=53 covered=0
[15:39:04.551] [render] currentFileDir=Mathemetical_Modeling/  currentPath=Mathemetical_Modeling/FFT-appendix.md
[15:39:04.555] [STAMP] mapped 79 blocks from 109 source lines
[15:39:04.555] [F1] rendered 79 blocks in 0.7ms
[15:39:04.704] [MAP] selHighlight sel=none mathTotal=53 covered=0
[15:39:04.785] [render] currentFileDir=Mathemetical_Modeling/  currentPath=Mathemetical_Modeling/FFT-appendix.md
[15:39:04.788] [STAMP] mapped 79 blocks from 109 source lines
[15:39:04.789] [F1] rendered 79 blocks in 0.7ms
[15:39:04.879] [MAP] selHighlight sel=none mathTotal=53 covered=0
[15:39:04.956] [render] currentFileDir=Mathemetical_Modeling/  currentPath=Mathemetical_Modeling/FFT-appendix.md
[15:39:04.959] [STAMP] mapped 79 blocks from 109 source lines
[15:39:04.959] [F1] rendered 79 blocks in 0.6ms
[15:39:05.114] [MAP] selHighlight sel=none mathTotal=53 covered=0
[15:39:05.187] [render] currentFileDir=Mathemetical_Modeling/  currentPath=Mathemetical_Modeling/FFT-appendix.md
[15:39:05.190] [STAMP] mapped 79 blocks from 109 source lines
[15:39:05.191] [F1] rendered 79 blocks in 0.8ms
[15:39:06.829] [MAP] selHighlight sel=none mathTotal=53 covered=0
[15:39:06.912] [render] currentFileDir=Mathemetical_Modeling/  currentPath=Mathemetical_Modeling/FFT-appendix.md
[15:39:06.916] [STAMP] mapped 79 blocks from 109 source lines
[15:39:06.917] [F1] rendered 79 blocks in 0.7ms
[15:39:07.654] [MAP] selHighlight sel=none mathTotal=53 covered=0
[15:39:07.829] [MAP] selHighlight sel=none mathTotal=53 covered=0
[15:39:08.004] [MAP] selHighlight sel=none mathTotal=53 covered=0
[15:39:08.154] [MAP] selHighlight sel=none mathTotal=53 covered=0
[15:39:08.329] [MAP] selHighlight sel=none mathTotal=53 covered=0
[15:39:08.479] [MAP] selHighlight sel=none mathTotal=53 covered=0
[15:39:09.173] [MAP] selHighlight sel=none mathTotal=53 covered=0
[15:39:09.259] [render] currentFileDir=Mathemetical_Modeling/  currentPath=Mathemetical_Modeling/FFT-appendix.md
[15:39:09.265] [STAMP] mapped 79 blocks from 109 source lines
[15:39:09.265] [F1] rendered 79 blocks in 1.4ms
[15:39:13.329] [MAP] selHighlight sel=none mathTotal=53 covered=0
[15:39:14.121] [MAP] selHighlight sel=none mathTotal=53 covered=0
[15:39:14.207] [render] currentFileDir=Mathemetical_Modeling/  currentPath=Mathemetical_Modeling/FFT-appendix.md
[15:39:14.211] [STAMP] mapped 79 blocks from 109 source lines
[15:39:14.211] [F1] rendered 79 blocks in 0.6ms
[15:39:15.479] [MAP] selHighlight sel=none mathTotal=53 covered=0
[15:39:15.796] [MAP] selHighlight sel=none mathTotal=53 covered=0
[15:39:16.604] [MAP] selHighlight sel=none mathTotal=53 covered=0
[15:39:16.788] [MAP] selHighlight sel=none mathTotal=53 covered=0
[15:39:16.946] [MAP] selHighlight sel=none mathTotal=53 covered=0
[15:39:17.412] [MAP] selHighlight sel=none mathTotal=53 covered=0
[15:39:17.704] [MAP] selHighlight sel=none mathTotal=53 covered=0
[15:39:17.794] [render] currentFileDir=Mathemetical_Modeling/  currentPath=Mathemetical_Modeling/FFT-appendix.md
[15:39:17.797] [STAMP] mapped 79 blocks from 109 source lines
[15:39:17.797] [F1] rendered 79 blocks in 0.7ms
[15:39:18.821] [MAP] selHighlight sel=none mathTotal=53 covered=0
[15:39:19.054] [MAP] selHighlight sel=none mathTotal=53 covered=0
[15:39:41.946] [MAP] selHighlight sel=none mathTotal=53 covered=0
[15:39:43.145] [MAP] selHighlight sel=none mathTotal=53 covered=0
[15:39:43.231] [render] currentFileDir=Mathemetical_Modeling/  currentPath=Mathemetical_Modeling/FFT-appendix.md
[15:39:43.234] [STAMP] mapped 79 blocks from 109 source lines
[15:39:43.234] [F1] rendered 79 blocks in 0.6ms
[15:39:44.770] [MAP] selHighlight sel=none mathTotal=53 covered=0
[15:39:45.504] [MAP] selHighlight sel=none mathTotal=53 covered=0
[15:39:45.582] [render] currentFileDir=Mathemetical_Modeling/  currentPath=Mathemetical_Modeling/FFT-appendix.md
[15:39:45.585] [STAMP] mapped 79 blocks from 109 source lines
[15:39:45.585] [F1] rendered 79 blocks in 0.6ms
[15:39:45.912] [MAP] selHighlight sel=none mathTotal=53 covered=0
[15:39:45.987] [render] currentFileDir=Mathemetical_Modeling/  currentPath=Mathemetical_Modeling/FFT-appendix.md
[15:39:45.990] [STAMP] mapped 79 blocks from 109 source lines
[15:39:45.990] [F1] rendered 79 blocks in 0.6ms
[15:39:47.512] [MAP] selHighlight sel=none mathTotal=53 covered=0
[15:39:48.587] [MAP] selHighlight sel=none mathTotal=53 covered=0
[15:39:48.665] [render] currentFileDir=Mathemetical_Modeling/  currentPath=Mathemetical_Modeling/FFT-appendix.md
[15:39:48.668] [STAMP] mapped 79 blocks from 109 source lines
[15:39:48.668] [F1] rendered 79 blocks in 0.7ms
[15:39:48.862] [MAP] selHighlight sel=none mathTotal=53 covered=0
[15:39:48.929] [render] currentFileDir=Mathemetical_Modeling/  currentPath=Mathemetical_Modeling/FFT-appendix.md
[15:39:48.933] [STAMP] mapped 79 blocks from 109 source lines
[15:39:48.933] [F1] rendered 79 blocks in 0.7ms
[15:40:07.371] [MAP] selHighlight sel=none mathTotal=53 covered=0
[15:40:08.261] [MAP] selHighlight sel=none mathTotal=53 covered=0
[15:40:08.342] [render] currentFileDir=Mathemetical_Modeling/  currentPath=Mathemetical_Modeling/FFT-appendix.md
[15:40:08.346] [STAMP] mapped 34 blocks from 110 source lines
[15:40:08.346] [F1] rendered 34 blocks in 0.3ms
[15:40:09.728] [MAP] selHighlight sel=none mathTotal=8 covered=0
[15:40:10.303] [MAP] selHighlight sel=none mathTotal=8 covered=0
[15:40:10.374] [render] currentFileDir=Mathemetical_Modeling/  currentPath=Mathemetical_Modeling/FFT-appendix.md
[15:40:10.376] [STAMP] mapped 79 blocks from 111 source lines
[15:40:10.376] [F1] rendered 79 blocks in 0.6ms
[15:40:16.203] [MAP] selHighlight sel=none mathTotal=51 covered=0
[15:40:17.070] [MAP] selHighlight sel=none mathTotal=51 covered=0
[15:40:17.150] [render] currentFileDir=Mathemetical_Modeling/  currentPath=Mathemetical_Modeling/FFT-appendix.md
[15:40:17.153] [STAMP] mapped 78 blocks from 110 source lines
[15:40:17.153] [F1] rendered 78 blocks in 0.7ms
[15:40:18.563] [MAP] selHighlight sel=none mathTotal=51 covered=0
[15:40:18.636] [render] currentFileDir=Mathemetical_Modeling/  currentPath=Mathemetical_Modeling/FFT-appendix.md
[15:40:18.640] [STAMP] mapped 78 blocks from 110 source lines
[15:40:18.640] [F1] rendered 78 blocks in 0.6ms
[15:40:21.213] [MAP] selHighlight sel=none mathTotal=51 covered=0
[15:40:21.970] [MAP] selHighlight sel=none mathTotal=51 covered=0
[15:40:22.048] [render] currentFileDir=Mathemetical_Modeling/  currentPath=Mathemetical_Modeling/FFT-appendix.md
[15:40:22.052] [STAMP] mapped 37 blocks from 111 source lines
[15:40:22.052] [F1] rendered 37 blocks in 0.2ms
[15:40:23.045] [MAP] selHighlight sel=none mathTotal=10 covered=0
[15:40:23.361] [MAP] selHighlight sel=none mathTotal=10 covered=0
[15:40:23.435] [render] currentFileDir=Mathemetical_Modeling/  currentPath=Mathemetical_Modeling/FFT-appendix.md
[15:40:23.438] [STAMP] mapped 78 blocks from 112 source lines
[15:40:23.438] [F1] rendered 78 blocks in 0.6ms
[15:40:30.778] [MAP] selHighlight sel=none mathTotal=49 covered=0
[15:40:31.694] [MAP] selHighlight sel=none mathTotal=49 covered=0
[15:40:31.781] [render] currentFileDir=Mathemetical_Modeling/  currentPath=Mathemetical_Modeling/FFT-appendix.md
[15:40:31.785] [STAMP] mapped 78 blocks from 112 source lines
[15:40:31.785] [F1] rendered 78 blocks in 0.7ms
[15:40:32.786] [MAP] selHighlight sel=none mathTotal=49 covered=0
[15:40:32.872] [render] currentFileDir=Mathemetical_Modeling/  currentPath=Mathemetical_Modeling/FFT-appendix.md
[15:40:32.877] [STAMP] mapped 78 blocks from 112 source lines
[15:40:32.877] [F1] rendered 78 blocks in 2.1ms
[15:40:34.286] [MAP] selHighlight sel=none mathTotal=49 covered=0
[15:40:34.365] [render] currentFileDir=Mathemetical_Modeling/  currentPath=Mathemetical_Modeling/FFT-appendix.md
[15:40:34.368] [STAMP] mapped 78 blocks from 112 source lines
[15:40:34.368] [F1] rendered 78 blocks in 0.6ms
[15:40:35.187] [MAP] selHighlight sel=none mathTotal=49 covered=0
[15:40:35.265] [render] currentFileDir=Mathemetical_Modeling/  currentPath=Mathemetical_Modeling/FFT-appendix.md
[15:40:35.270] [STAMP] mapped 78 blocks from 112 source lines
[15:40:35.270] [F1] rendered 78 blocks in 0.8ms
[15:40:37.503] [MAP] selHighlight sel=none mathTotal=49 covered=0
[15:40:38.853] [MAP] selHighlight sel=none mathTotal=49 covered=0
[15:40:39.828] [MAP] selHighlight sel=none mathTotal=49 covered=0
[15:40:44.961] [MAP] selHighlight sel=none mathTotal=49 covered=0
[15:40:46.436] [MAP] selHighlight sel=none mathTotal=49 covered=0
[15:40:46.511] [render] currentFileDir=Mathemetical_Modeling/  currentPath=Mathemetical_Modeling/FFT-appendix.md
[15:40:46.515] [STAMP] mapped 40 blocks from 113 source lines
[15:40:46.515] [F1] rendered 40 blocks in 0.4ms
[15:40:50.819] [MAP] selHighlight sel=none mathTotal=11 covered=0
[15:40:51.627] [MAP] selHighlight sel=none mathTotal=11 covered=0
[15:40:53.361] [MAP] selHighlight sel=none mathTotal=11 covered=0
[15:40:54.212] [MAP] selHighlight sel=none mathTotal=11 covered=0
[15:40:54.297] [render] currentFileDir=Mathemetical_Modeling/  currentPath=Mathemetical_Modeling/FFT-appendix.md
[15:40:54.300] [STAMP] mapped 78 blocks from 112 source lines
[15:40:54.300] [F1] rendered 78 blocks in 0.5ms
[15:42:53.366] [render] currentFileDir=Mathemetical_Modeling/  currentPath=Mathemetical_Modeling/FFT.md
[15:42:53.370] [STAMP] mapped 177 blocks from 188 source lines
[15:42:53.371] [F1] rendered 177 blocks in 1.1ms
[15:42:53.371] [render] skip: already rendering → queue pending re-render
[15:42:53.459] [render] re-run queued render
[15:42:53.459] [render] currentFileDir=Mathemetical_Modeling/  currentPath=Mathemetical_Modeling/FFT.md
[15:42:53.462] [STAMP] mapped 177 blocks from 188 source lines
[15:42:53.462] [F1] rendered 177 blocks in 1.1ms
[15:42:55.945] [render] currentFileDir=Mathemetical_Modeling/  currentPath=Mathemetical_Modeling/FFT.md
[15:42:55.954] [STAMP] mapped 176 blocks from 187 source lines
[15:42:55.955] [F1] rendered 176 blocks in 1.1ms
[15:43:20.116] [MAP] selHighlight sel=none mathTotal=40 covered=0
[15:43:20.214] [CTX] SRC L6 C0 [|·|]
[15:43:20.214] [CTX] PV  blk5 C0 [|·|]
[15:43:20.214] [EH] click: L6 C0 (block 5)
[15:43:29.293] [MAP] selHighlight sel=none mathTotal=40 covered=0
[15:43:29.358] [CTX] SRC L24 C0 [|·|]
[15:43:29.358] [CTX] PV  blk23 C0 [|·|]
[15:43:29.358] [EH] click: L24 C0 (block 23)
[15:43:34.168] [MAP] selHighlight sel=none mathTotal=40 covered=0
[15:43:34.292] [STYLE] _extract range=sel
[15:43:34.293] [MAP] domToAst block=22 dom=text# 唯一确定。@5 seg=[-src-block#则多项式可由点值对 :10,math:47,hit:5] renderedOffset=62 -> "text"
[15:43:34.293] [MAP] domToAst block=22 dom=text# 唯一确定。@6 seg=[-src-block#则多项式可由点值对 :10,math:47,hit:6] renderedOffset=63 -> "text"
[15:43:34.293] [STYLE] _extract start=bi=22 path=[2] off=5 | L23:62 [})\}$ 唯一|确|定。]  end=bi=22 path=[2] off=6 | L23:63 [)\}$ 唯一确|定|。]
[15:43:34.293] [STYLE] _extract before=[text["则多项式可由点值对 "],math_inline,text[" 唯一确定"]]
[15:43:34.293] [STYLE] _extract middle=[text["。"]]
[15:43:34.293] [STYLE] _extract after=[]
[15:43:34.294] [MAP] selHighlight sel=[text# 唯一确定。@5 -> text# 唯一确定。@6] mathTotal=40 covered=0
[15:43:34.308] [STYLE] _extract range=sel
[15:43:34.308] [MAP] domToAst block=22 dom=text# 唯一确定。@4 seg=[-src-block#则多项式可由点值对 :10,math:47,hit:4] renderedOffset=61 -> "text"
[15:43:34.309] [MAP] domToAst block=22 dom=text# 唯一确定。@6 seg=[-src-block#则多项式可由点值对 :10,math:47,hit:6] renderedOffset=63 -> "text"
[15:43:34.309] [STYLE] _extract start=bi=22 path=[2] off=4 | L23:61 [1})\}$ 唯|一|确定。]  end=bi=22 path=[2] off=6 | L23:63 [)\}$ 唯一确|定|。]
[15:43:34.309] [STYLE] _extract before=[text["则多项式可由点值对 "],math_inline,text[" 唯一确"]]
[15:43:34.309] [STYLE] _extract middle=[text["定。"]]
[15:43:34.309] [STYLE] _extract after=[]
[15:43:34.309] [MAP] selHighlight sel=[text# 唯一确定。@4 -> text# 唯一确定。@6] mathTotal=40 covered=0
[15:43:34.433] [STYLE] _extract range=sel
[15:43:34.433] [MAP] domToAst block=22 dom=text#则多项式可由点值对 @10 seg=[hit:10] renderedOffset=10 -> "text"
[15:43:34.433] [MAP] domToAst block=22 dom=text# 唯一确定。@6 seg=[-src-block#则多项式可由点值对 :10,math:47,hit:6] renderedOffset=63 -> "text"
[15:43:34.433] [STYLE] _extract start=bi=22 path=[0] off=10 | L23:10 [项式可由点值对 |$|\{(x_0,y]  end=bi=22 path=[2] off=6 | L23:63 [)\}$ 唯一确|定|。]
[15:43:34.433] [STYLE] _extract before=[text["则多项式可由点值对 "]]
[15:43:34.433] [STYLE] _extract middle=[math_inline,text[" 唯一确定。"]]
[15:43:34.433] [STYLE] _extract after=[]
[15:43:34.434] [MAP] selHighlight sel=[text#则多项式可由点值对 @10 -> text# 唯一确定。@6] mathTotal=40 covered=0
[15:43:34.608] [STYLE] _extract range=sel
[15:43:34.609] [MAP] domToAst block=22 dom=text#则多项式可由点值对 @8 seg=[hit:8] renderedOffset=8 -> "text"
[15:43:34.609] [MAP] domToAst block=22 dom=text# 唯一确定。@6 seg=[-src-block#则多项式可由点值对 :10,math:47,hit:6] renderedOffset=63 -> "text"
[15:43:34.609] [STYLE] _extract start=bi=22 path=[0] off=8 | L23:8 [则多项式可由点值|对| $\{(x_0]  end=bi=22 path=[2] off=6 | L23:63 [)\}$ 唯一确|定|。]
[15:43:34.609] [STYLE] _extract before=[text["则多项式可由点值"]]
[15:43:34.609] [STYLE] _extract middle=[text["对 "],math_inline,text[" 唯一确定。"]]
[15:43:34.609] [STYLE] _extract after=[]
[15:43:34.609] [MAP] selHighlight sel=[text#则多项式可由点值对 @8 -> text# 唯一确定。@6] mathTotal=40 covered=0
[15:43:34.616] [STYLE] _extract range=sel
[15:43:34.616] [MAP] domToAst block=22 dom=text#则多项式可由点值对 @8 seg=[hit:8] renderedOffset=8 -> "text"
[15:43:34.617] [MAP] domToAst block=22 dom=text# 唯一确定。@6 seg=[-src-block#则多项式可由点值对 :10,math:47,hit:6] renderedOffset=63 -> "text"
[15:43:34.617] [STYLE] _extract start=bi=22 path=[0] off=8 | L23:8 [则多项式可由点值|对| $\{(x_0]  end=bi=22 path=[2] off=6 | L23:63 [)\}$ 唯一确|定|。]
[15:43:34.617] [STYLE] _extract before=[text["则多项式可由点值"]]
[15:43:34.617] [STYLE] _extract middle=[text["对 "],math_inline,text[" 唯一确定。"]]
[15:43:34.617] [STYLE] _extract after=[]
[15:43:34.617] [MAP] selHighlight sel=[text#则多项式可由点值对 @8 -> text# 唯一确定。@6] mathTotal=40 covered=0
[15:43:34.649] [STYLE] _extract range=sel
[15:43:34.650] [MAP] domToAst block=22 dom=text#则多项式可由点值对 @6 seg=[hit:6] renderedOffset=6 -> "text"
[15:43:34.650] [MAP] domToAst block=22 dom=text# 唯一确定。@6 seg=[-src-block#则多项式可由点值对 :10,math:47,hit:6] renderedOffset=63 -> "text"
[15:43:34.650] [STYLE] _extract start=bi=22 path=[0] off=6 | L23:6 [则多项式可由|点|值对 $\{(x]  end=bi=22 path=[2] off=6 | L23:63 [)\}$ 唯一确|定|。]
[15:43:34.650] [STYLE] _extract before=[text["则多项式可由"]]
[15:43:34.650] [STYLE] _extract middle=[text["点值对 "],math_inline,text[" 唯一确定。"]]
[15:43:34.650] [STYLE] _extract after=[]
[15:43:34.650] [MAP] selHighlight sel=[text#则多项式可由点值对 @6 -> text# 唯一确定。@6] mathTotal=40 covered=0
[15:43:34.683] [STYLE] _extract range=sel
[15:43:34.683] [MAP] domToAst block=22 dom=text#则多项式可由点值对 @4 seg=[hit:4] renderedOffset=4 -> "text"
[15:43:34.684] [MAP] domToAst block=22 dom=text# 唯一确定。@6 seg=[-src-block#则多项式可由点值对 :10,math:47,hit:6] renderedOffset=63 -> "text"
[15:43:34.684] [STYLE] _extract start=bi=22 path=[0] off=4 | L23:4 [则多项式|可|由点值对 $\{]  end=bi=22 path=[2] off=6 | L23:63 [)\}$ 唯一确|定|。]
[15:43:34.684] [STYLE] _extract before=[text["则多项式"]]
[15:43:34.684] [STYLE] _extract middle=[text["可由点值对 "],math_inline,text[" 唯一确定。"]]
[15:43:34.684] [STYLE] _extract after=[]
[15:43:34.684] [MAP] selHighlight sel=[text#则多项式可由点值对 @4 -> text# 唯一确定。@6] mathTotal=40 covered=0
[15:43:34.691] [STYLE] _extract range=sel
[15:43:34.692] [MAP] domToAst block=22 dom=text#则多项式可由点值对 @4 seg=[hit:4] renderedOffset=4 -> "text"
[15:43:34.692] [MAP] domToAst block=22 dom=text# 唯一确定。@6 seg=[-src-block#则多项式可由点值对 :10,math:47,hit:6] renderedOffset=63 -> "text"
[15:43:34.692] [STYLE] _extract start=bi=22 path=[0] off=4 | L23:4 [则多项式|可|由点值对 $\{]  end=bi=22 path=[2] off=6 | L23:63 [)\}$ 唯一确|定|。]
[15:43:34.692] [STYLE] _extract before=[text["则多项式"]]
[15:43:34.692] [STYLE] _extract middle=[text["可由点值对 "],math_inline,text[" 唯一确定。"]]
[15:43:34.692] [STYLE] _extract after=[]
[15:43:34.692] [MAP] selHighlight sel=[text#则多项式可由点值对 @4 -> text# 唯一确定。@6] mathTotal=40 covered=0
[15:43:34.733] [STYLE] _extract range=sel
[15:43:34.734] [MAP] domToAst block=22 dom=text#则多项式可由点值对 @3 seg=[hit:3] renderedOffset=3 -> "text"
[15:43:34.734] [MAP] domToAst block=22 dom=text# 唯一确定。@6 seg=[-src-block#则多项式可由点值对 :10,math:47,hit:6] renderedOffset=63 -> "text"
[15:43:34.734] [STYLE] _extract start=bi=22 path=[0] off=3 | L23:3 [则多项|式|可由点值对 $$$  end=bi=22 path=[2] off=6 | L23:63 [)\}$ 唯一确|定|。]
[15:43:34.734] [STYLE] _extract before=[text["则多项"]]
[15:43:34.734] [STYLE] _extract middle=[text["式可由点值对 "],math_inline,text[" 唯一确定。"]]
[15:43:34.734] [STYLE] _extract after=[]
[15:43:34.734] [MAP] selHighlight sel=[text#则多项式可由点值对 @3 -> text# 唯一确定。@6] mathTotal=40 covered=0
[15:43:34.792] [STYLE] _extract range=sel
[15:43:34.792] [MAP] domToAst block=22 dom=text#则多项式可由点值对 @2 seg=[hit:2] renderedOffset=2 -> "text"
[15:43:34.792] [MAP] domToAst block=22 dom=text# 唯一确定。@6 seg=[-src-block#则多项式可由点值对 :10,math:47,hit:6] renderedOffset=63 -> "text"
[15:43:34.793] [STYLE] _extract start=bi=22 path=[0] off=2 | L23:2 [则多|项|式可由点值对 $]  end=bi=22 path=[2] off=6 | L23:63 [)\}$ 唯一确|定|。]
[15:43:34.793] [STYLE] _extract before=[text["则多"]]
[15:43:34.793] [STYLE] _extract middle=[text["项式可由点值对 "],math_inline,text[" 唯一确定。"]]
[15:43:34.793] [STYLE] _extract after=[]
[15:43:34.793] [MAP] selHighlight sel=[text#则多项式可由点值对 @2 -> text# 唯一确定。@6] mathTotal=40 covered=0
[15:43:34.825] [STYLE] _extract range=sel
[15:43:34.825] [MAP] domToAst block=22 dom=text#则多项式可由点值对 @1 seg=[hit:1] renderedOffset=1 -> "text"
[15:43:34.825] [MAP] domToAst block=22 dom=text# 唯一确定。@6 seg=[-src-block#则多项式可由点值对 :10,math:47,hit:6] renderedOffset=63 -> "text"
[15:43:34.825] [STYLE] _extract start=bi=22 path=[0] off=1 | L23:1 [则|多|项式可由点值对 ]  end=bi=22 path=[2] off=6 | L23:63 [)\}$ 唯一确|定|。]
[15:43:34.825] [STYLE] _extract before=[text["则"]]
[15:43:34.825] [STYLE] _extract middle=[text["多项式可由点值对 "],math_inline,text[" 唯一确定。"]]
[15:43:34.825] [STYLE] _extract after=[]
[15:43:34.825] [MAP] selHighlight sel=[text#则多项式可由点值对 @1 -> text# 唯一确定。@6] mathTotal=40 covered=0
[15:43:34.874] [STYLE] _extract range=sel
[15:43:34.875] [MAP] domToAst block=22 dom=text#则多项式可由点值对 @0 seg=[hit:0] renderedOffset=0 -> "text"
[15:43:34.875] [MAP] domToAst block=22 dom=text# 唯一确定。@6 seg=[-src-block#则多项式可由点值对 :10,math:47,hit:6] renderedOffset=63 -> "text"
[15:43:34.875] [STYLE] _extract start=bi=22 path=[0] off=0 | L23:0 [|则|多项式可由点值对]  end=bi=22 path=[2] off=6 | L23:63 [)\}$ 唯一确|定|。]
[15:43:34.875] [STYLE] _extract before=[]
[15:43:34.875] [STYLE] _extract middle=[text["则多项式可由点值对 "],math_inline,text[" 唯一确定。"]]
[15:43:34.875] [STYLE] _extract after=[]
[15:43:34.875] [MAP] selHighlight sel=[text#则多项式可由点值对 @0 -> text# 唯一确定。@6] mathTotal=40 covered=0
[15:43:35.683] [MAP] domToAst block=22 dom=text# 唯一确定。@6 seg=[-src-block#则多项式可由点值对 :10,math:47,hit:6] renderedOffset=63 -> "text"
[15:43:35.683] [CTX] SRC L23 C63 [)\}$ 唯一确|定|。]
[15:43:35.683] [CTX] PV  blk22 C47 [)} 唯一确定。|·|]
[15:43:35.683] [EH] click: L23 C63 (block 22)
[15:43:40.588] [MAP] domToAst block=22 dom=text# 唯一确定。@5 seg=[-src-block#则多项式可由点值对 :10,math:47,hit:5] renderedOffset=62 -> "text"
[15:43:40.588] [CTX] SRC L23 C62 [})\}$ 唯一|确|定。]
[15:43:40.588] [CTX] PV  blk22 C46 [1)} 唯一确定|。|]
[15:43:40.588] [EH] click: L23 C62 (block 22)
[15:43:40.591] [MAP] selHighlight sel=none mathTotal=40 covered=0
[15:43:41.942] [MAP] domToAst block=22 dom=text# 唯一确定。@5 seg=[-src-block#则多项式可由点值对 :10,math:47,hit:5] renderedOffset=62 -> "text"
[15:43:41.942] [CTX] SRC L23 C62 [})\}$ 唯一|确|定。]
[15:43:41.942] [CTX] PV  blk22 C46 [1)} 唯一确定|。|]
[15:43:41.942] [EH] beforeinput: L23 C62 (block 22)
[15:43:41.945] [STAMP] mapped 176 blocks from 187 source lines
[15:43:41.955] [MAP] rangeAt offset=63 -> text# 唯一确定(。@6
[15:43:41.955] [MAP] astToDom block=22 path=[2] off=6 atomSide=null rendered=63 -> text# 唯一确定(。@6
[15:43:41.966] [MAP] selHighlight sel=none mathTotal=40 covered=0
[15:43:43.692] [MAP] domToAst block=22 dom=text# 唯一确定(。@6 seg=[-src-block#则多项式可由点值对 :10,math:47,hit:6] renderedOffset=63 -> "text"
[15:43:43.692] [CTX] SRC L23 C63 [)\}$ 唯一确|定|(。]
[15:43:43.692] [CTX] PV  blk22 C47 [)} 唯一确定(|。|]
[15:43:43.692] [EH] compositionstart: L23 C63 (block 22)
[15:43:43.700] [MAP] selHighlight sel=none mathTotal=40 covered=0
[15:43:43.766] [MAP] selHighlight sel=none mathTotal=40 covered=0
[15:43:43.883] [MAP] selHighlight sel=none mathTotal=40 covered=0
[15:43:43.916] [MAP] selHighlight sel=none mathTotal=40 covered=0
[15:43:44.642] [STAMP] mapped 176 blocks from 187 source lines
[15:43:44.650] [MAP] rangeAt offset=64 -> text# 唯一确定(见。@7
[15:43:44.650] [MAP] astToDom block=22 path=[2] off=7 atomSide=null rendered=64 -> text# 唯一确定(见。@7
[15:43:44.658] [MAP] selHighlight sel=none mathTotal=40 covered=0
[15:43:47.078] [MAP] domToAst block=22 dom=text# 唯一确定(见。@7 seg=[-src-block#则多项式可由点值对 :10,math:47,hit:7] renderedOffset=64 -> "text"
[15:43:47.078] [CTX] SRC L23 C64 [\}$ 唯一确定|(|见。]
[15:43:47.078] [CTX] PV  blk22 C48 [} 唯一确定(见|。|]
[15:43:47.078] [EH] compositionstart: L23 C64 (block 22)
[15:43:47.083] [MAP] selHighlight sel=none mathTotal=40 covered=0
[15:43:47.225] [MAP] selHighlight sel=none mathTotal=40 covered=0
[15:43:47.567] [MAP] selHighlight sel=none mathTotal=40 covered=0
[15:43:48.107] [STAMP] mapped 176 blocks from 187 source lines
[15:43:48.115] [MAP] rangeAt offset=67 -> text# 唯一确定(见FFT。@10
[15:43:48.115] [MAP] astToDom block=22 path=[2] off=10 atomSide=null rendered=67 -> text# 唯一确定(见FFT。@10
[15:43:48.125] [MAP] selHighlight sel=none mathTotal=40 covered=0
[15:43:48.309] [MAP] domToAst block=22 dom=text# 唯一确定(见FFT。@10 seg=[-src-block#则多项式可由点值对 :10,math:47,hit:10] renderedOffset=67 -> "text"
[15:43:48.309] [CTX] SRC L23 C67 [ 唯一确定(见F|F|T。]
[15:43:48.309] [CTX] PV  blk22 C51 [一确定(见FFT|。|]
[15:43:48.309] [EH] beforeinput: L23 C67 (block 22)
[15:43:48.315] [STAMP] mapped 176 blocks from 187 source lines
[15:43:48.330] [MAP] rangeAt offset=68 -> text# 唯一确定(见FFT-。@11
[15:43:48.330] [MAP] astToDom block=22 path=[2] off=11 atomSide=null rendered=68 -> text# 唯一确定(见FFT-。@11
[15:43:48.341] [MAP] selHighlight sel=none mathTotal=40 covered=0
[15:43:49.071] [MAP] domToAst block=22 dom=text# 唯一确定(见FFT-。@11 seg=[-src-block#则多项式可由点值对 :10,math:47,hit:11] renderedOffset=68 -> "text"
[15:43:49.071] [CTX] SRC L23 C68 [唯一确定(见FF|T|-。]
[15:43:49.071] [CTX] PV  blk22 C52 [确定(见FFT-|。|]
[15:43:49.071] [EH] beforeinput: L23 C68 (block 22)
[15:43:49.073] [STAMP] mapped 176 blocks from 187 source lines
[15:43:49.082] [MAP] rangeAt offset=69 -> text# 唯一确定(见FFT-a@12
[15:43:49.082] [MAP] astToDom block=22 path=[2] off=12 atomSide=null rendered=69 -> text# 唯一确定(见FFT-a。@12
[15:43:49.091] [MAP] selHighlight sel=none mathTotal=40 covered=0
[15:43:49.287] [MAP] domToAst block=22 dom=text# 唯一确定(见FFT-a。@12 seg=[-src-block#则多项式可由点值对 :10,math:47,hit:12] renderedOffset=69 -> "text"
[15:43:49.287] [CTX] SRC L23 C69 [一确定(见FFT|-|a。]
[15:43:49.287] [CTX] PV  blk22 C53 [定(见FFT-a|。|]
[15:43:49.287] [EH] beforeinput: L23 C69 (block 22)
[15:43:49.289] [STAMP] mapped 176 blocks from 187 source lines
[15:43:49.297] [MAP] rangeAt offset=70 -> text# 唯一确定(见FFT-a@13
[15:43:49.297] [MAP] astToDom block=22 path=[2] off=13 atomSide=null rendered=70 -> text# 唯一确定(见FFT-ap。@13
[15:43:49.308] [MAP] selHighlight sel=none mathTotal=40 covered=0
[15:43:49.419] [MAP] domToAst block=22 dom=text# 唯一确定(见FFT-ap。@13 seg=[-src-block#则多项式可由点值对 :10,math:47,hit:13] renderedOffset=70 -> "text"
[15:43:49.419] [CTX] SRC L23 C70 [确定(见FFT-|a|p。]
[15:43:49.419] [CTX] PV  blk22 C54 [(见FFT-ap|。|]
[15:43:49.419] [EH] beforeinput: L23 C70 (block 22)
[15:43:49.421] [STAMP] mapped 176 blocks from 187 source lines
[15:43:49.430] [MAP] rangeAt offset=71 -> text# 唯一确定(见FFT-a@14
[15:43:49.430] [MAP] astToDom block=22 path=[2] off=14 atomSide=null rendered=71 -> text# 唯一确定(见FFT-app。@14
[15:43:49.441] [MAP] selHighlight sel=none mathTotal=40 covered=0
[15:43:49.612] [MAP] domToAst block=22 dom=text# 唯一确定(见FFT-app。@14 seg=[-src-block#则多项式可由点值对 :10,math:47,hit:14] renderedOffset=71 -> "text"
[15:43:49.612] [CTX] SRC L23 C71 [定(见FFT-a|p|p。]
[15:43:49.612] [CTX] PV  blk22 C55 [见FFT-app|。|]
[15:43:49.612] [EH] beforeinput: L23 C71 (block 22)
[15:43:49.615] [STAMP] mapped 176 blocks from 187 source lines
[15:43:49.622] [MAP] rangeAt offset=72 -> text# 唯一确定(见FFT-a@15
[15:43:49.622] [MAP] astToDom block=22 path=[2] off=15 atomSide=null rendered=72 -> text# 唯一确定(见FFT-appe。@15
[15:43:49.637] [MAP] selHighlight sel=none mathTotal=40 covered=0
[15:43:49.810] [MAP] domToAst block=22 dom=text# 唯一确定(见FFT-appe。@15 seg=[-src-block#则多项式可由点值对 :10,math:47,hit:15] renderedOffset=72 -> "text"
[15:43:49.810] [CTX] SRC L23 C72 [(见FFT-ap|p|e。]
[15:43:49.810] [CTX] PV  blk22 C56 [FFT-appe|。|]
[15:43:49.810] [EH] beforeinput: L23 C72 (block 22)
[15:43:49.813] [STAMP] mapped 176 blocks from 187 source lines
[15:43:49.821] [MAP] rangeAt offset=73 -> text# 唯一确定(见FFT-a@16
[15:43:49.821] [MAP] astToDom block=22 path=[2] off=16 atomSide=null rendered=73 -> text# 唯一确定(见FFT-appen@16
[15:43:49.833] [MAP] selHighlight sel=none mathTotal=40 covered=0
[15:43:49.998] [MAP] domToAst block=22 dom=text# 唯一确定(见FFT-appen@16 seg=[-src-block#则多项式可由点值对 :10,math:47,hit:16] renderedOffset=73 -> "text"
[15:43:49.998] [CTX] SRC L23 C73 [见FFT-app|e|n。]
[15:43:49.998] [CTX] PV  blk22 C57 [FT-appen|。|]
[15:43:49.998] [EH] beforeinput: L23 C73 (block 22)
[15:43:50.000] [STAMP] mapped 176 blocks from 187 source lines
[15:43:50.008] [MAP] rangeAt offset=74 -> text# 唯一确定(见FFT-a@17
[15:43:50.008] [MAP] astToDom block=22 path=[2] off=17 atomSide=null rendered=74 -> text# 唯一确定(见FFT-appen@17
[15:43:50.016] [MAP] selHighlight sel=none mathTotal=40 covered=0
[15:43:50.246] [MAP] domToAst block=22 dom=text# 唯一确定(见FFT-appen@17 seg=[-src-block#则多项式可由点值对 :10,math:47,hit:17] renderedOffset=74 -> "text"
[15:43:50.246] [CTX] SRC L23 C74 [FFT-appe|n|d。]
[15:43:50.246] [CTX] PV  blk22 C58 [T-append|。|]
[15:43:50.246] [EH] beforeinput: L23 C74 (block 22)
[15:43:50.250] [STAMP] mapped 176 blocks from 187 source lines
[15:43:50.259] [MAP] rangeAt offset=75 -> text# 唯一确定(见FFT-a@18
[15:43:50.260] [MAP] astToDom block=22 path=[2] off=18 atomSide=null rendered=75 -> text# 唯一确定(见FFT-appen@18
[15:43:50.266] [MAP] selHighlight sel=none mathTotal=40 covered=0
[15:43:50.452] [MAP] domToAst block=22 dom=text# 唯一确定(见FFT-appen@18 seg=[-src-block#则多项式可由点值对 :10,math:47,hit:18] renderedOffset=75 -> "text"
[15:43:50.452] [CTX] SRC L23 C75 [FT-appen|d|i。]
[15:43:50.452] [CTX] PV  blk22 C59 [-appendi|。|]
[15:43:50.452] [EH] beforeinput: L23 C75 (block 22)
[15:43:50.454] [STAMP] mapped 176 blocks from 187 source lines
[15:43:50.461] [MAP] rangeAt offset=76 -> text# 唯一确定(见FFT-a@19
[15:43:50.461] [MAP] astToDom block=22 path=[2] off=19 atomSide=null rendered=76 -> text# 唯一确定(见FFT-appen@19
[15:43:50.474] [MAP] selHighlight sel=none mathTotal=40 covered=0
[15:43:51.518] [MAP] domToAst block=22 dom=text# 唯一确定(见FFT-appen@19 seg=[-src-block#则多项式可由点值对 :10,math:47,hit:19] renderedOffset=76 -> "text"
[15:43:51.518] [CTX] SRC L23 C76 [T-append|i|x。]
[15:43:51.518] [CTX] PV  blk22 C60 [appendix|。|]
[15:43:51.518] [EH] beforeinput: L23 C76 (block 22)
[15:43:51.521] [STAMP] mapped 176 blocks from 187 source lines
[15:43:51.530] [MAP] rangeAt offset=77 -> text# 唯一确定(见FFT-a@20
[15:43:51.530] [MAP] astToDom block=22 path=[2] off=20 atomSide=null rendered=77 -> text# 唯一确定(见FFT-appen@20
[15:43:51.541] [MAP] selHighlight sel=none mathTotal=40 covered=0
[15:43:54.449] [MAP] selHighlight sel=none mathTotal=40 covered=0
[15:43:54.625] [STYLE] _extract range=sel
[15:43:54.625] [MAP] domToAst block=22 dom=text# 唯一确定(见FFT-appen@7 seg=[-src-block#则多项式可由点值对 :10,math:47,hit:7] renderedOffset=64 -> "text"
[15:43:54.625] [MAP] domToAst block=22 dom=text# 唯一确定(见FFT-appen@8 seg=[-src-block#则多项式可由点值对 :10,math:47,hit:8] renderedOffset=65 -> "text"
[15:43:54.625] [STYLE] _extract start=bi=22 path=[2] off=7 | L23:64 [\}$ 唯一确定|(|见FFT-app]  end=bi=22 path=[2] off=8 | L23:65 [}$ 唯一确定(|见|FFT-appe]
[15:43:54.625] [STYLE] _extract before=[text["则多项式可由点值对 "],math_inline,text[" 唯一确定(见"]]
[15:43:54.625] [STYLE] _extract middle=[text["F"]]
[15:43:54.625] [STYLE] _extract after=[text["FT-appendix)。"]]
[15:43:54.626] [MAP] selHighlight sel=[text# 唯一确定(见FFT-a@7 -> text# 唯一确定(见FFT-a@8] mathTotal=40 covered=0
[15:43:54.682] [STYLE] _extract range=sel
[15:43:54.682] [MAP] domToAst block=22 dom=text# 唯一确定(见FFT-appen@7 seg=[-src-block#则多项式可由点值对 :10,math:47,hit:7] renderedOffset=64 -> "text"
[15:43:54.682] [MAP] domToAst block=22 dom=text# 唯一确定(见FFT-appen@9 seg=[-src-block#则多项式可由点值对 :10,math:47,hit:9] renderedOffset=66 -> "text"
[15:43:54.682] [STYLE] _extract start=bi=22 path=[2] off=7 | L23:64 [\}$ 唯一确定|(|见FFT-app]  end=bi=22 path=[2] off=9 | L23:66 [$ 唯一确定(见|F|FT-appen]
[15:43:54.682] [STYLE] _extract before=[text["则多项式可由点值对 "],math_inline,text[" 唯一确定(见"]]
[15:43:54.683] [STYLE] _extract middle=[text["FF"]]
[15:43:54.683] [STYLE] _extract after=[text["T-appendix)。"]]
[15:43:54.683] [MAP] selHighlight sel=[text# 唯一确定(见FFT-a@7 -> text# 唯一确定(见FFT-a@9] mathTotal=40 covered=0
[15:43:54.850] [STYLE] _extract range=sel
[15:43:54.850] [MAP] domToAst block=22 dom=text# 唯一确定(见FFT-appen@7 seg=[-src-block#则多项式可由点值对 :10,math:47,hit:7] renderedOffset=64 -> "text"
[15:43:54.850] [MAP] domToAst block=22 dom=text# 唯一确定(见FFT-appen@8 seg=[-src-block#则多项式可由点值对 :10,math:47,hit:8] renderedOffset=65 -> "text"
[15:43:54.850] [STYLE] _extract start=bi=22 path=[2] off=7 | L23:64 [\}$ 唯一确定|(|见FFT-app]  end=bi=22 path=[2] off=8 | L23:65 [}$ 唯一确定(|见|FFT-appe]
[15:43:54.850] [STYLE] _extract before=[text["则多项式可由点值对 "],math_inline,text[" 唯一确定(见"]]
[15:43:54.850] [STYLE] _extract middle=[text["F"]]
[15:43:54.850] [STYLE] _extract after=[text["FT-appendix)。"]]
[15:43:54.850] [MAP] selHighlight sel=[text# 唯一确定(见FFT-a@7 -> text# 唯一确定(见FFT-a@8] mathTotal=40 covered=0
[15:43:54.866] [STYLE] _extract range=sel
[15:43:54.866] [MAP] domToAst block=22 dom=text# 唯一确定(见FFT-appen@6 seg=[-src-block#则多项式可由点值对 :10,math:47,hit:6] renderedOffset=63 -> "text"
[15:43:54.866] [MAP] domToAst block=22 dom=text# 唯一确定(见FFT-appen@7 seg=[-src-block#则多项式可由点值对 :10,math:47,hit:7] renderedOffset=64 -> "text"
[15:43:54.866] [STYLE] _extract start=bi=22 path=[2] off=6 | L23:63 [)\}$ 唯一确|定|(见FFT-ap]  end=bi=22 path=[2] off=7 | L23:64 [\}$ 唯一确定|(|见FFT-app]
[15:43:54.866] [STYLE] _extract before=[text["则多项式可由点值对 "],math_inline,text[" 唯一确定("]]
[15:43:54.866] [STYLE] _extract middle=[text["见"]]
[15:43:54.866] [STYLE] _extract after=[text["FFT-appendix)。"]]
[15:43:54.866] [MAP] selHighlight sel=[text# 唯一确定(见FFT-a@6 -> text# 唯一确定(见FFT-a@7] mathTotal=40 covered=0
[15:43:54.883] [STYLE] _extract range=sel
[15:43:54.883] [MAP] domToAst block=22 dom=text# 唯一确定(见FFT-appen@3 seg=[-src-block#则多项式可由点值对 :10,math:47,hit:3] renderedOffset=60 -> "text"
[15:43:54.883] [MAP] domToAst block=22 dom=text# 唯一确定(见FFT-appen@7 seg=[-src-block#则多项式可由点值对 :10,math:47,hit:7] renderedOffset=64 -> "text"
[15:43:54.883] [STYLE] _extract start=bi=22 path=[2] off=3 | L23:60 [-1})\}$ |唯|一确定(见FFT]  end=bi=22 path=[2] off=7 | L23:64 [\}$ 唯一确定|(|见FFT-app]
[15:43:54.883] [STYLE] _extract before=[text["则多项式可由点值对 "],math_inline,text[" 唯一"]]
[15:43:54.883] [STYLE] _extract middle=[text["确定(见"]]
[15:43:54.883] [STYLE] _extract after=[text["FFT-appendix)。"]]
[15:43:54.884] [MAP] selHighlight sel=[text# 唯一确定(见FFT-a@3 -> text# 唯一确定(见FFT-a@7] mathTotal=40 covered=0
[15:43:54.891] [STYLE] _extract range=sel
[15:43:54.892] [MAP] domToAst block=22 dom=text# 唯一确定(见FFT-appen@3 seg=[-src-block#则多项式可由点值对 :10,math:47,hit:3] renderedOffset=60 -> "text"
[15:43:54.892] [MAP] domToAst block=22 dom=text# 唯一确定(见FFT-appen@7 seg=[-src-block#则多项式可由点值对 :10,math:47,hit:7] renderedOffset=64 -> "text"
[15:43:54.892] [STYLE] _extract start=bi=22 path=[2] off=3 | L23:60 [-1})\}$ |唯|一确定(见FFT]  end=bi=22 path=[2] off=7 | L23:64 [\}$ 唯一确定|(|见FFT-app]
[15:43:54.892] [STYLE] _extract before=[text["则多项式可由点值对 "],math_inline,text[" 唯一"]]
[15:43:54.892] [STYLE] _extract middle=[text["确定(见"]]
[15:43:54.892] [STYLE] _extract after=[text["FFT-appendix)。"]]
[15:43:54.892] [MAP] selHighlight sel=[text# 唯一确定(见FFT-a@3 -> text# 唯一确定(见FFT-a@7] mathTotal=40 covered=0
[15:43:54.908] [STYLE] _extract range=sel
[15:43:54.908] [MAP] domToAst block=22 dom=text#则多项式可由点值对 @10 seg=[hit:10] renderedOffset=10 -> "text"
[15:43:54.908] [MAP] domToAst block=22 dom=text# 唯一确定(见FFT-appen@7 seg=[-src-block#则多项式可由点值对 :10,math:47,hit:7] renderedOffset=64 -> "text"
[15:43:54.908] [STYLE] _extract start=bi=22 path=[0] off=10 | L23:10 [项式可由点值对 |$|\{(x_0,y]  end=bi=22 path=[2] off=7 | L23:64 [\}$ 唯一确定|(|见FFT-app]
[15:43:54.908] [STYLE] _extract before=[text["则多项式可由点值对 "]]
[15:43:54.908] [STYLE] _extract middle=[math_inline,text[" 唯一确定(见"]]
[15:43:54.908] [STYLE] _extract after=[text["FFT-appendix)。"]]
[15:43:54.908] [MAP] selHighlight sel=[text#则多项式可由点值对 @10 -> text# 唯一确定(见FFT-a@7] mathTotal=40 covered=0
[15:43:55.024] [STYLE] _extract range=sel
[15:43:55.025] [MAP] domToAst block=22 dom=text# 唯一确定(见FFT-appen@7 seg=[-src-block#则多项式可由点值对 :10,math:47,hit:7] renderedOffset=64 -> "text"
[15:43:55.025] [STYLE] _extract start=bi=21 path=[] off=0 | L22:0 [|·|]  end=bi=22 path=[2] off=7 | L23:64 [\}$ 唯一确定|(|见FFT-app]
[15:43:55.025] [STYLE] _extract FAIL: invalid/cross-block start=21 end=22
[15:43:55.025] [MAP] selHighlight sel=[DIV.-src-block -blank-block@0 -> text# 唯一确定(见FFT-a@7] mathTotal=40 covered=0
[15:43:55.216] [STYLE] _extract range=sel
[15:43:55.216] [MAP] domToAst block=22 dom=text#则多项式可由点值对 @6 seg=[hit:6] renderedOffset=6 -> "text"
[15:43:55.216] [MAP] domToAst block=22 dom=text# 唯一确定(见FFT-appen@7 seg=[-src-block#则多项式可由点值对 :10,math:47,hit:7] renderedOffset=64 -> "text"
[15:43:55.216] [STYLE] _extract start=bi=22 path=[0] off=6 | L23:6 [则多项式可由|点|值对 $\{(x]  end=bi=22 path=[2] off=7 | L23:64 [\}$ 唯一确定|(|见FFT-app]
[15:43:55.216] [STYLE] _extract before=[text["则多项式可由"]]
[15:43:55.216] [STYLE] _extract middle=[text["点值对 "],math_inline,text[" 唯一确定(见"]]
[15:43:55.216] [STYLE] _extract after=[text["FFT-appendix)。"]]
[15:43:55.216] [MAP] selHighlight sel=[text#则多项式可由点值对 @6 -> text# 唯一确定(见FFT-a@7] mathTotal=40 covered=0
[15:43:55.249] [STYLE] _extract range=sel
[15:43:55.249] [MAP] domToAst block=22 dom=text#则多项式可由点值对 @5 seg=[hit:5] renderedOffset=5 -> "text"
[15:43:55.249] [MAP] domToAst block=22 dom=text# 唯一确定(见FFT-appen@7 seg=[-src-block#则多项式可由点值对 :10,math:47,hit:7] renderedOffset=64 -> "text"
[15:43:55.249] [STYLE] _extract start=bi=22 path=[0] off=5 | L23:5 [则多项式可|由|点值对 $\{(]  end=bi=22 path=[2] off=7 | L23:64 [\}$ 唯一确定|(|见FFT-app]
[15:43:55.249] [STYLE] _extract before=[text["则多项式可"]]
[15:43:55.249] [STYLE] _extract middle=[text["由点值对 "],math_inline,text[" 唯一确定(见"]]
[15:43:55.249] [STYLE] _extract after=[text["FFT-appendix)。"]]
[15:43:55.249] [MAP] selHighlight sel=[text#则多项式可由点值对 @5 -> text# 唯一确定(见FFT-a@7] mathTotal=40 covered=0
[15:43:55.425] [STYLE] _extract range=sel
[15:43:55.425] [MAP] domToAst block=22 dom=text#则多项式可由点值对 @4 seg=[hit:4] renderedOffset=4 -> "text"
[15:43:55.425] [MAP] domToAst block=22 dom=text# 唯一确定(见FFT-appen@7 seg=[-src-block#则多项式可由点值对 :10,math:47,hit:7] renderedOffset=64 -> "text"
[15:43:55.425] [STYLE] _extract start=bi=22 path=[0] off=4 | L23:4 [则多项式|可|由点值对 $\{]  end=bi=22 path=[2] off=7 | L23:64 [\}$ 唯一确定|(|见FFT-app]
[15:43:55.425] [STYLE] _extract before=[text["则多项式"]]
[15:43:55.425] [STYLE] _extract middle=[text["可由点值对 "],math_inline,text[" 唯一确定(见"]]
[15:43:55.425] [STYLE] _extract after=[text["FFT-appendix)。"]]
[15:43:55.425] [MAP] selHighlight sel=[text#则多项式可由点值对 @4 -> text# 唯一确定(见FFT-a@7] mathTotal=40 covered=0
[15:43:55.482] [STYLE] _extract range=sel
[15:43:55.482] [MAP] domToAst block=22 dom=text# 唯一确定(见FFT-appen@7 seg=[-src-block#则多项式可由点值对 :10,math:47,hit:7] renderedOffset=64 -> "text"
[15:43:55.482] [MAP] domToAst block=22 dom=text# 唯一确定(见FFT-appen@19 seg=[-src-block#则多项式可由点值对 :10,math:47,hit:19] renderedOffset=76 -> "text"
[15:43:55.483] [STYLE] _extract start=bi=22 path=[2] off=7 | L23:64 [\}$ 唯一确定|(|见FFT-app]  end=bi=22 path=[2] off=19 | L23:76 [T-append|i|x)。]
[15:43:55.483] [STYLE] _extract before=[text["则多项式可由点值对 "],math_inline,text[" 唯一确定(见"]]
[15:43:55.483] [STYLE] _extract middle=[text["FFT-appendix"]]
[15:43:55.483] [STYLE] _extract after=[text[")。"]]
[15:43:55.483] [MAP] selHighlight sel=[text# 唯一确定(见FFT-a@7 -> text# 唯一确定(见FFT-a@19] mathTotal=40 covered=0
[15:43:55.608] [STYLE] _extract range=sel
[15:43:55.608] [MAP] domToAst block=22 dom=text# 唯一确定(见FFT-appen@7 seg=[-src-block#则多项式可由点值对 :10,math:47,hit:7] renderedOffset=64 -> "text"
[15:43:55.608] [MAP] domToAst block=22 dom=text# 唯一确定(见FFT-appen@20 seg=[-src-block#则多项式可由点值对 :10,math:47,hit:20] renderedOffset=77 -> "text"
[15:43:55.608] [STYLE] _extract start=bi=22 path=[2] off=7 | L23:64 [\}$ 唯一确定|(|见FFT-app]  end=bi=22 path=[2] off=20 | L23:77 [-appendi|x|)。]
[15:43:55.608] [STYLE] _extract before=[text["则多项式可由点值对 "],math_inline,text[" 唯一确定(见"]]
[15:43:55.608] [STYLE] _extract middle=[text["FFT-appendix)"]]
[15:43:55.608] [STYLE] _extract after=[text["。"]]
[15:43:55.608] [MAP] selHighlight sel=[text# 唯一确定(见FFT-a@7 -> text# 唯一确定(见FFT-a@20] mathTotal=40 covered=0
[15:43:56.191] [STYLE] _extract range=sel
[15:43:56.191] [MAP] domToAst block=22 dom=text# 唯一确定(见FFT-appen@7 seg=[-src-block#则多项式可由点值对 :10,math:47,hit:7] renderedOffset=64 -> "text"
[15:43:56.191] [MAP] domToAst block=22 dom=text# 唯一确定(见FFT-appen@19 seg=[-src-block#则多项式可由点值对 :10,math:47,hit:19] renderedOffset=76 -> "text"
[15:43:56.191] [STYLE] _extract start=bi=22 path=[2] off=7 | L23:64 [\}$ 唯一确定|(|见FFT-app]  end=bi=22 path=[2] off=19 | L23:76 [T-append|i|x)。]
[15:43:56.191] [STYLE] _extract before=[text["则多项式可由点值对 "],math_inline,text[" 唯一确定(见"]]
[15:43:56.191] [STYLE] _extract middle=[text["FFT-appendix"]]
[15:43:56.191] [STYLE] _extract after=[text[")。"]]
[15:43:56.191] [MAP] selHighlight sel=[text# 唯一确定(见FFT-a@7 -> text# 唯一确定(见FFT-a@19] mathTotal=40 covered=0
[15:43:56.683] [MAP] domToAst block=22 dom=text# 唯一确定(见FFT-appen@7 seg=[-src-block#则多项式可由点值对 :10,math:47,hit:7] renderedOffset=64 -> "text"
[15:43:56.683] [CTX] SRC L23 C64 [\}$ 唯一确定|(|见FFT-app]
[15:43:56.683] [CTX] PV  blk22 C48 [} 唯一确定(见|F|FT-appen]
[15:43:56.683] [EH] click: L23 C64 (block 22)
[15:43:57.036] [MAP] domToAst block=22 dom=text# 唯一确定(见FFT-appen@7 seg=[-src-block#则多项式可由点值对 :10,math:47,hit:7] renderedOffset=64 -> "text"
[15:43:57.036] [CTX] SRC L23 C64 [\}$ 唯一确定|(|见FFT-app]
[15:43:57.036] [CTX] PV  blk22 C48 [} 唯一确定(见|F|FT-appen]
[15:43:57.036] [EH] click: L23 C64 (block 22)
[15:44:05.990] [render] currentFileDir=Mathemetical_Modeling/  currentPath=Mathemetical_Modeling/FFT.md
[15:44:05.999] [STAMP] mapped 176 blocks from 187 source lines
[15:44:05.999] [F1] rendered 176 blocks in 2.0ms
[15:44:09.380] [render] currentFileDir=Mathemetical_Modeling/  currentPath=Mathemetical_Modeling/FFT-appendix.md
[15:44:09.388] [STAMP] mapped 78 blocks from 112 source lines
[15:44:09.388] [F1] rendered 78 blocks in 0.8ms
[15:44:09.388] [render] skip: already rendering → queue pending re-render
[15:44:09.419] [render] re-run queued render
[15:44:09.419] [render] currentFileDir=Mathemetical_Modeling/  currentPath=Mathemetical_Modeling/FFT-appendix.md
[15:44:09.421] [STAMP] mapped 78 blocks from 112 source lines
[15:44:09.421] [F1] rendered 78 blocks in 1.1ms
[15:44:12.941] [STYLE] _extract range=sel
[15:44:12.941] [MAP] domToAst block=0 dom=text#定理@0 seg=[hit:0] renderedOffset=0 -> "text"
[15:44:12.941] [MAP] domToAst block=0 dom=text#定理@1 seg=[hit:1] renderedOffset=1 -> "text"
[15:44:12.941] [STYLE] _extract start=bi=0 path=[0] off=0 | L1:2 [# |定|理]  end=bi=0 path=[0] off=1 | L1:3 [# 定|理|]
[15:44:12.941] [STYLE] _extract before=[]
[15:44:12.941] [STYLE] _extract middle=[text["定"]]
[15:44:12.941] [STYLE] _extract after=[text["理"]]
[15:44:12.941] [MAP] selHighlight sel=[text#定理@0 -> text#定理@1] mathTotal=49 covered=0
[15:44:12.957] [STYLE] _extract range=sel
[15:44:12.957] [MAP] domToAst block=0 dom=text#定理@0 seg=[hit:0] renderedOffset=0 -> "text"
[15:44:12.957] [STYLE] _extract start=bi=0 path=[0] off=0 | L1:2 [# |定|理]  end=bi=1 path=[] off=0 | L2:0 [|·|]
[15:44:12.957] [STYLE] _extract FAIL: invalid/cross-block start=0 end=1
[15:44:12.957] [MAP] selHighlight sel=[text#定理@0 -> DIV.-src-block -blank-block@0] mathTotal=49 covered=0
[15:44:12.974] [STYLE] _extract range=sel
[15:44:12.974] [MAP] domToAst block=0 dom=text#定理@0 seg=[hit:0] renderedOffset=0 -> "text"
[15:44:12.974] [MAP] domToAst block=2 dom=text#设 @2 seg=[hit:2] renderedOffset=2 -> "text"
[15:44:12.974] [STYLE] _extract start=bi=0 path=[0] off=0 | L1:2 [# |定|理]  end=bi=2 path=[0] off=2 | L3:2 [设 |$|(P(x),Q(]
[15:44:12.974] [STYLE] _extract FAIL: invalid/cross-block start=0 end=2
[15:44:12.974] [MAP] selHighlight sel=[text#定理@0 -> text#设 @2] mathTotal=49 covered=0
[15:44:12.999] [STYLE] _extract range=sel
[15:44:12.999] [MAP] domToAst block=0 dom=text#定理@0 seg=[hit:0] renderedOffset=0 -> "text"
[15:44:12.999] [MAP] domToAst block=3 dom=text#设 @2 seg=[hit:2] renderedOffset=2 -> "text"
[15:44:12.999] [STYLE] _extract start=bi=0 path=[0] off=0 | L1:2 [# |定|理]  end=bi=3 path=[0] off=2 | L4:2 [设 |$|z_0,z_1,]
[15:44:12.999] [STYLE] _extract FAIL: invalid/cross-block start=0 end=3
[15:44:12.999] [MAP] selHighlight sel=[text#定理@0 -> text#设 @2] mathTotal=49 covered=0
[15:44:13.024] [STYLE] _extract range=sel
[15:44:13.024] [MAP] domToAst block=0 dom=text#定理@0 seg=[hit:0] renderedOffset=0 -> "text"
[15:44:13.024] [MAP] domToAst block=4 dom=text#若@1 seg=[hit:1] renderedOffset=1 -> "text"
[15:44:13.024] [STYLE] _extract start=bi=0 path=[0] off=0 | L1:2 [# |定|理]  end=bi=4 path=[0] off=1 | L5:1 [若|·|]
[15:44:13.024] [STYLE] _extract FAIL: invalid/cross-block start=0 end=4
[15:44:13.024] [MAP] selHighlight sel=[text#定理@0 -> text#若@1] mathTotal=49 covered=0
[15:44:13.049] [STYLE] _extract range=sel
[15:44:13.049] [MAP] domToAst block=0 dom=text#定理@0 seg=[hit:0] renderedOffset=0 -> "text"
[15:44:13.049] [MAP] domToAst block=5 dom=text#k)=Q(z@6 seg=[math:0,-src-block#P(z:3,hit:6] renderedOffset=9 -> "text"
[15:44:13.049] [STYLE] _extract start=bi=0 path=[0] off=0 | L1:2 [# |定|理]  end=bi=5 path=[2,0] off=6 | L6:10 [P(z_k)=Q|(|z_k),\qu]
[15:44:13.049] [STYLE] _extract FAIL: invalid/cross-block start=0 end=5
[15:44:13.050] [MAP] selHighlight sel=[text#定理@0 -> text#k)=Q(z@6] mathTotal=49 covered=0
[15:44:13.074] [STYLE] _extract range=sel
[15:44:13.074] [MAP] domToAst block=0 dom=text#定理@0 seg=[hit:0] renderedOffset=0 -> "text"
[15:44:13.074] [MAP] domToAst block=5 dom=text#k),@1 seg=[math:0,-src-block#P(z:3,-src-block#k)=Q(z:6,hit:1] renderedOffset=10 -> "text"
[15:44:13.074] [STYLE] _extract start=bi=0 path=[0] off=0 | L1:2 [# |定|理]  end=bi=5 path=[3] off=1 | L6:12 [z_k)=Q(z|_|k),\quad]
[15:44:13.074] [STYLE] _extract FAIL: invalid/cross-block start=0 end=5
[15:44:13.074] [MAP] selHighlight sel=[text#定理@0 -> text#k),@1] mathTotal=49 covered=0
[15:44:13.107] [STYLE] _extract range=sel
[15:44:13.107] [MAP] domToAst block=0 dom=text#定理@0 seg=[hit:0] renderedOffset=0 -> "text"
[15:44:13.107] [MAP] domToAst block=5 dom=text#k),@2 seg=[math:0,-src-block#P(z:3,-src-block#k)=Q(z:6,hit:2] renderedOffset=11 -> "text"
[15:44:13.107] [STYLE] _extract start=bi=0 path=[0] off=0 | L1:2 [# |定|理]  end=bi=5 path=[3] off=2 | L6:13 [_k)=Q(z_|k|),\quad ]
[15:44:13.107] [STYLE] _extract FAIL: invalid/cross-block start=0 end=5
[15:44:13.108] [MAP] selHighlight sel=[text#定理@0 -> text#k),@2] mathTotal=49 covered=0
[15:44:13.283] [STYLE] _extract range=sel
[15:44:13.283] [MAP] domToAst block=0 dom=text#定理@0 seg=[hit:0] renderedOffset=0 -> "text"
[15:44:13.283] [MAP] domToAst block=10 dom=text#证明@2 seg=[hit:2] renderedOffset=2 -> "text"
[15:44:13.283] [STYLE] _extract start=bi=0 path=[0] off=0 | L1:2 [# |定|理]  end=bi=10 path=[0] off=2 | L11:5 [## 证明|·|]
[15:44:13.283] [STYLE] _extract FAIL: invalid/cross-block start=0 end=10
[15:44:13.283] [MAP] selHighlight sel=[text#定理@0 -> text#证明@2] mathTotal=49 covered=0
[15:44:13.290] [STYLE] _extract range=sel
[15:44:13.290] [MAP] domToAst block=0 dom=text#定理@0 seg=[hit:0] renderedOffset=0 -> "text"
[15:44:13.290] [MAP] domToAst block=10 dom=text#证明@2 seg=[hit:2] renderedOffset=2 -> "text"
[15:44:13.291] [STYLE] _extract start=bi=0 path=[0] off=0 | L1:2 [# |定|理]  end=bi=10 path=[0] off=2 | L11:5 [## 证明|·|]
[15:44:13.291] [STYLE] _extract FAIL: invalid/cross-block start=0 end=10
[15:44:13.291] [MAP] selHighlight sel=[text#定理@0 -> text#证明@2] mathTotal=49 covered=0
[15:44:13.307] [STYLE] _extract range=sel
[15:44:13.307] [MAP] domToAst block=0 dom=text#定理@0 seg=[hit:0] renderedOffset=0 -> "text"
[15:44:13.308] [STYLE] _extract start=bi=0 path=[0] off=0 | L1:2 [# |定|理]  end=bi=11 path=[] off=0 | L12:0 [|·|]
[15:44:13.308] [STYLE] _extract FAIL: invalid/cross-block start=0 end=11
[15:44:13.308] [MAP] selHighlight sel=[text#定理@0 -> DIV.-src-block -blank-block@0] mathTotal=49 covered=0
[15:44:13.324] [STYLE] _extract range=sel
[15:44:13.324] [MAP] domToAst block=0 dom=text#定理@0 seg=[hit:0] renderedOffset=0 -> "text"
[15:44:13.324] [MAP] domToAst block=12 dom=text#构造差多项式@6 seg=[hit:6] renderedOffset=6 -> "text"
[15:44:13.324] [STYLE] _extract start=bi=0 path=[0] off=0 | L1:2 [# |定|理]  end=bi=12 path=[0] off=6 | L13:6 [构造差多项式|·|]
[15:44:13.324] [STYLE] _extract FAIL: invalid/cross-block start=0 end=12
[15:44:13.324] [MAP] selHighlight sel=[text#定理@0 -> text#构造差多项式@6] mathTotal=49 covered=0
[15:44:13.358] [STYLE] _extract range=sel
[15:44:13.358] [MAP] domToAst block=0 dom=text#定理@0 seg=[hit:0] renderedOffset=0 -> "text"
[15:44:13.358] [STYLE] _extract start=bi=0 path=[0] off=0 | L1:2 [# |定|理]  end=bi=14 path=[] off=0 | L17:0 [|·|]
[15:44:13.358] [STYLE] _extract FAIL: invalid/cross-block start=0 end=14
[15:44:13.358] [MAP] selHighlight sel=[text#定理@0 -> DIV.-src-block -blank-block@0] mathTotal=49 covered=0
[15:44:13.467] [STYLE] _extract range=sel
[15:44:13.467] [MAP] domToAst block=0 dom=text#定理@0 seg=[hit:0] renderedOffset=0 -> "text"
[15:44:13.467] [MAP] domToAst block=17 item=0 dom=li.@0 seg=[] renderedOffset=0 -> "text"
[15:44:13.467] [STYLE] _extract start=bi=0 path=[0] off=0 | L1:2 [# |定|理]  end=bi=17 path=[0,0] off=0 | L22:2 [2.| |代入条件]
[15:44:13.467] [STYLE] _extract FAIL: invalid/cross-block start=0 end=17
[15:44:13.467] [MAP] selHighlight sel=[text#定理@0 -> LI.@0] mathTotal=49 covered=0
[15:44:13.508] [STYLE] _extract range=sel
[15:44:13.508] [MAP] domToAst block=0 dom=text#定理@0 seg=[hit:0] renderedOffset=0 -> "text"
[15:44:13.508] [MAP] domToAst block=18 dom=text#：@1 seg=[-src-block#对每一个 :5,math:1,hit:1] renderedOffset=7 -> "text"
[15:44:13.508] [STYLE] _extract start=bi=0 path=[0] off=0 | L1:2 [# |定|理]  end=bi=18 path=[2] off=1 | L23:7 [对每一个 $k|$|：]
[15:44:13.508] [STYLE] _extract FAIL: invalid/cross-block start=0 end=18
[15:44:13.508] [MAP] selHighlight sel=[text#定理@0 -> text#：@1] mathTotal=49 covered=0
[15:44:13.517] [STYLE] _extract range=sel
[15:44:13.517] [MAP] domToAst block=0 dom=text#定理@0 seg=[hit:0] renderedOffset=0 -> "text"
[15:44:13.517] [MAP] domToAst block=19 dom=p.-src-block@7 seg=[] renderedOffset=20 -> "text"
[15:44:13.517] [STYLE] _extract start=bi=0 path=[0] off=0 | L1:2 [# |定|理]  end=bi=19 path=[5] off=4 | L24:22 [)-Q(z_k)|=|0$$]
[15:44:13.517] [STYLE] _extract FAIL: invalid/cross-block start=0 end=19
[15:44:13.517] [MAP] selHighlight sel=[text#定理@0 -> P.-src-block@7] mathTotal=49 covered=0
[15:44:13.526] [STYLE] _extract range=sel
[15:44:13.526] [MAP] domToAst block=0 dom=text#定理@0 seg=[hit:0] renderedOffset=0 -> "text"
[15:44:13.526] [STYLE] _extract start=bi=0 path=[0] off=0 | L1:2 [# |定|理]  end=bi=21 path=[] off=0 | L26:0 [|·|]
[15:44:13.526] [STYLE] _extract FAIL: invalid/cross-block start=0 end=21
[15:44:13.526] [MAP] selHighlight sel=[text#定理@0 -> DIV.-src-block -blank-block@0] mathTotal=49 covered=0
[15:44:13.533] [STYLE] _extract range=sel
[15:44:13.533] [MAP] domToAst block=0 dom=text#定理@0 seg=[hit:0] renderedOffset=0 -> "text"
[15:44:13.533] [MAP] domToAst block=22 dom=p.@0 seg=[-src-block#代数基本定理推论（多项式根的上界:17,-src-block#：:1,-src-block#非零 :3,math:1,-src-block# 次多项式，至多有 :10,math:1,-src-block# 个互不相同的根。:9] renderedOffset=42 -> undefined
[15:44:13.533] [STYLE] _extract start=bi=0 path=[0] off=0 | L1:2 [# |定|理]  end=bi=22 path=[0] off=0 | L27:2 [> |·|]
[15:44:13.533] [STYLE] _extract FAIL: invalid/cross-block start=0 end=22
[15:44:13.534] [MAP] selHighlight sel=[text#定理@0 -> P.@0] mathTotal=49 covered=0
[15:44:13.542] [STYLE] _extract range=sel
[15:44:13.542] [MAP] domToAst block=0 dom=text#定理@0 seg=[hit:0] renderedOffset=0 -> "text"
[15:44:13.542] [MAP] domToAst block=22 dom=text# 个互不相同的根。@4 seg=[-src-block#代数基本定理推论（多项式根的上界:17,-src-block#：:1,-src-block#非零 :3,math:1,-src-block# 次多项式，至多有 :10,math:1,hit:4] renderedOffset=37 -> "text"
[15:44:13.542] [STYLE] _extract start=bi=0 path=[0] off=0 | L1:2 [# |定|理]  end=bi=22 path=[2,4] off=4 | L29:21 [，至多有 $d$| |个互不相同的根。]
[15:44:13.542] [STYLE] _extract FAIL: invalid/cross-block start=0 end=22
[15:44:13.542] [MAP] selHighlight sel=[text#定理@0 -> text# 个互不相同的根。@4] mathTotal=49 covered=0
[15:44:13.549] [STYLE] _extract range=sel
[15:44:13.549] [MAP] domToAst block=0 dom=text#定理@0 seg=[hit:0] renderedOffset=0 -> "text"
[15:44:13.549] [STYLE] _extract start=bi=0 path=[0] off=0 | L1:2 [# |定|理]  end=bi=23 path=[] off=0 | L30:0 [|·|]
[15:44:13.549] [STYLE] _extract FAIL: invalid/cross-block start=0 end=23
[15:44:13.550] [MAP] selHighlight sel=[text#定理@0 -> DIV.-src-block -blank-block@0] mathTotal=49 covered=0
[15:44:13.557] [STYLE] _extract range=sel
[15:44:13.558] [MAP] domToAst block=0 dom=text#定理@0 seg=[hit:0] renderedOffset=0 -> "text"
[15:44:13.558] [STYLE] _extract start=bi=0 path=[0] off=0 | L1:2 [# |定|理]  end=bi=23 path=[] off=0 | L30:0 [|·|]
[15:44:13.558] [STYLE] _extract FAIL: invalid/cross-block start=0 end=23
[15:44:13.558] [MAP] selHighlight sel=[text#定理@0 -> DIV.-src-block -blank-block@0] mathTotal=49 covered=0
[15:44:13.583] [STYLE] _extract range=sel
[15:44:13.583] [MAP] domToAst block=0 dom=text#定理@0 seg=[hit:0] renderedOffset=0 -> "text"
[15:44:13.583] [MAP] domToAst block=31 dom=text#也就是@3 seg=[hit:3] renderedOffset=3 -> "text"
[15:44:13.583] [STYLE] _extract start=bi=0 path=[0] off=0 | L1:2 [# |定|理]  end=bi=31 path=[0] off=3 | L39:3 [也就是|·|]
[15:44:13.583] [STYLE] _extract FAIL: invalid/cross-block start=0 end=31
[15:44:13.583] [MAP] selHighlight sel=[text#定理@0 -> text#也就是@3] mathTotal=49 covered=0
[15:44:13.591] [STYLE] _extract range=sel
[15:44:13.591] [MAP] domToAst block=0 dom=text#定理@0 seg=[hit:0] renderedOffset=0 -> "text"
[15:44:13.591] [MAP] domToAst block=34 dom=p.@0 seg=[-src-block#即：在 :4,math:1,-src-block# 个互异点取值全部相等，则多项式:26,-src-block#若多项式不同，则至少在其中一个采:22,-src-block#。:1,-src-block#这就证明：:5,-src-block#不同多项式 ⇒ 采样点值向量不同:16,-src-block#，映射是单射。:7] renderedOffset=82 -> undefined
[15:44:13.591] [STYLE] _extract start=bi=0 path=[0] off=0 | L1:2 [# |定|理]  end=bi=34 path=[0] off=0 | L42:2 [> |·|]
[15:44:13.591] [STYLE] _extract FAIL: invalid/cross-block start=0 end=34
[15:44:13.591] [MAP] selHighlight sel=[text#定理@0 -> P.@0] mathTotal=49 covered=0
[15:44:13.600] [STYLE] _extract range=sel
[15:44:13.600] [MAP] domToAst block=0 dom=text#定理@0 seg=[hit:0] renderedOffset=0 -> "text"
[15:44:13.600] [MAP] domToAst block=34 dom=text#若多项式不同，则至少在其中一个采@22 seg=[-src-block#即：在 :4,math:1,-src-block# 个互异点取值全部相等，则多项式:26,hit:22] renderedOffset=53 -> "text"
[15:44:13.600] [STYLE] _extract start=bi=0 path=[0] off=0 | L1:2 [# |定|理]  end=bi=34 path=[1,3,0] off=22 | L43:57 [中一个采样点取值|不|同**。]
[15:44:13.600] [STYLE] _extract FAIL: invalid/cross-block start=0 end=34
[15:44:13.600] [MAP] selHighlight sel=[text#定理@0 -> text#若多项式不同，则至少在其@22] mathTotal=49 covered=0
[15:44:13.608] [STYLE] _extract range=sel
[15:44:13.608] [MAP] domToAst block=0 dom=text#定理@0 seg=[hit:0] renderedOffset=0 -> "text"
[15:44:13.608] [STYLE] _extract start=bi=0 path=[0] off=0 | L1:2 [# |定|理]  end=bi=35 path=[] off=0 | L45:0 [|·|]
[15:44:13.608] [STYLE] _extract FAIL: invalid/cross-block start=0 end=35
[15:44:13.608] [MAP] selHighlight sel=[text#定理@0 -> DIV.-src-block -blank-block@0] mathTotal=49 covered=0
[15:44:13.616] [STYLE] _extract range=sel
[15:44:13.616] [MAP] domToAst block=0 dom=text#定理@0 seg=[hit:0] renderedOffset=0 -> "text"
[15:44:13.616] [STYLE] _extract start=bi=0 path=[0] off=0 | L1:2 [# |定|理]  end=bi=39 path=[] off=0 | L49:0 [|·|]
[15:44:13.616] [STYLE] _extract FAIL: invalid/cross-block start=0 end=39
[15:44:13.616] [MAP] selHighlight sel=[text#定理@0 -> DIV.-src-block -blank-block@0] mathTotal=49 covered=0
[15:44:13.625] [STYLE] _extract range=sel
[15:44:13.625] [MAP] domToAst block=0 dom=text#定理@0 seg=[hit:0] renderedOffset=0 -> "text"
[15:44:13.625] [MAP] domToAst block=41 dom=text#：@1 seg=[-src-block#若 :2,math:5,-src-block# 次数 :4,math:7,hit:1] renderedOffset=19 -> "text"
[15:44:13.625] [STYLE] _extract start=bi=0 path=[0] off=0 | L1:2 [# |定|理]  end=bi=41 path=[4] off=1 | L51:19 [数 $\le N|-|1$：]
[15:44:13.625] [STYLE] _extract FAIL: invalid/cross-block start=0 end=41
[15:44:13.625] [MAP] selHighlight sel=[text#定理@0 -> text#：@1] mathTotal=49 covered=0
[15:44:13.633] [STYLE] _extract range=sel
[15:44:13.633] [MAP] domToAst block=0 dom=text#定理@0 seg=[hit:0] renderedOffset=0 -> "text"
[15:44:13.633] [STYLE] _extract start=bi=0 path=[0] off=0 | L1:2 [# |定|理]  end=bi=44 path=[] off=0 | L54:0 [|·|]
[15:44:13.633] [STYLE] _extract FAIL: invalid/cross-block start=0 end=44
[15:44:13.633] [MAP] selHighlight sel=[text#定理@0 -> DIV.-src-block -blank-block@0] mathTotal=49 covered=0
[15:44:13.641] [STYLE] _extract range=sel
[15:44:13.641] [MAP] domToAst block=0 dom=text#定理@0 seg=[hit:0] renderedOffset=0 -> "text"
[15:44:13.641] [STYLE] _extract start=bi=0 path=[0] off=0 | L1:2 [# |定|理]  end=bi=48 path=[] off=0 | L58:0 [|·|]
[15:44:13.641] [STYLE] _extract FAIL: invalid/cross-block start=0 end=48
[15:44:13.641] [MAP] selHighlight sel=[text#定理@0 -> DIV.-src-block -blank-block@0] mathTotal=49 covered=0
[15:44:13.650] [STYLE] _extract range=sel
[15:44:13.650] [MAP] domToAst block=0 dom=text#定理@0 seg=[hit:0] renderedOffset=0 -> "text"
[15:44:13.650] [MAP] domToAst block=51 dom=p.-src-block@0 seg=[] renderedOffset=0 -> "math_inline"
[15:44:13.650] [STYLE] _extract start=bi=0 path=[0] off=0 | L1:2 [# |定|理]  end=bi=51 path=[0] off=0 | L63:1 [$|(|\deg(D)=]
[15:44:13.650] [STYLE] _extract FAIL: invalid/cross-block start=0 end=51
[15:44:13.650] [MAP] selHighlight sel=[text#定理@0 -> P.-src-block@0] mathTotal=49 covered=0
[15:44:13.660] [STYLE] _extract range=sel
[15:44:13.661] [MAP] domToAst block=0 dom=text#定理@0 seg=[hit:0] renderedOffset=0 -> "text"
[15:44:13.661] [MAP] domToAst block=51 dom=text#，它的根恰好全部N次单位根：@12 seg=[math:11,hit:12] renderedOffset=23 -> "text"
[15:44:13.661] [STYLE] _extract start=bi=0 path=[0] off=0 | L1:2 [# |定|理]  end=bi=51 path=[1] off=12 | L63:23 [的根恰好全部N次|单|位根：$D(W_]
[15:44:13.661] [STYLE] _extract FAIL: invalid/cross-block start=0 end=51
[15:44:13.661] [MAP] selHighlight sel=[text#定理@0 -> text#，它的根恰好全部N次单位@12] mathTotal=49 covered=0
[15:44:13.667] [STYLE] _extract range=sel
[15:44:13.667] [MAP] domToAst block=0 dom=text#定理@0 seg=[hit:0] renderedOffset=0 -> "text"
[15:44:13.667] [MAP] domToAst block=55 dom=p.-src-block@0 seg=[] renderedOffset=0 -> "math_inline"
[15:44:13.667] [STYLE] _extract start=bi=0 path=[0] off=0 | L1:2 [# |定|理]  end=bi=55 path=[0] off=0 | L69:1 [$|P|\neq Q$，]
[15:44:13.667] [STYLE] _extract FAIL: invalid/cross-block start=0 end=55
[15:44:13.667] [MAP] selHighlight sel=[text#定理@0 -> P.-src-block@0] mathTotal=49 covered=0
[15:44:13.676] [STYLE] _extract range=sel
[15:44:13.676] [MAP] domToAst block=0 dom=text#定理@0 seg=[hit:0] renderedOffset=0 -> "text"
[15:44:13.677] [MAP] domToAst block=55 dom=text#：@1 seg=[math:7,-src-block#，但是对全部 :7,math:1,hit:1] renderedOffset=16 -> "text"
[15:44:13.677] [STYLE] _extract start=bi=0 path=[0] off=0 | L1:2 [# |定|理]  end=bi=55 path=[3] off=1 | L69:16 [$，但是对全部 |$|k$：]
[15:44:13.677] [STYLE] _extract FAIL: invalid/cross-block start=0 end=55
[15:44:13.677] [MAP] selHighlight sel=[text#定理@0 -> text#：@1] mathTotal=49 covered=0
[15:44:13.683] [STYLE] _extract range=sel
[15:44:13.683] [MAP] domToAst block=0 dom=text#定理@0 seg=[hit:0] renderedOffset=0 -> "text"
[15:44:13.683] [MAP] domToAst block=57 dom=text#两个不同多项式，N个采样点完全一@17 seg=[-src-block#👉 :3,hit:17] renderedOffset=20 -> "text"
[15:44:13.683] [STYLE] _extract start=bi=0 path=[0] off=0 | L1:2 [# |定|理]  end=bi=57 path=[1,0] off=17 | L73:22 [个采样点完全一样|，|信息丢失。**]
[15:44:13.683] [STYLE] _extract FAIL: invalid/cross-block start=0 end=57
[15:44:13.683] [MAP] selHighlight sel=[text#定理@0 -> text#两个不同多项式，N个采样@17] mathTotal=49 covered=0
[15:44:13.691] [STYLE] _extract range=sel
[15:44:13.691] [MAP] domToAst block=0 dom=text#定理@0 seg=[hit:0] renderedOffset=0 -> "text"
[15:44:13.692] [MAP] domToAst block=59 dom=p.@0 seg=[-src-block#所以多项式FFT乘法必须补零，使:17,math:22,-src-block#，保证乘积次数 :8,math:7,-src-block#，让上面的定理生效。:10] renderedOffset=64 -> undefined
[15:44:13.692] [STYLE] _extract start=bi=0 path=[0] off=0 | L1:2 [# |定|理]  end=bi=59 path=[0] off=0 | L75:2 [> |·|]
[15:44:13.692] [STYLE] _extract FAIL: invalid/cross-block start=0 end=59
[15:44:13.692] [MAP] selHighlight sel=[text#定理@0 -> P.@0] mathTotal=49 covered=0
[15:44:13.700] [STYLE] _extract range=sel
[15:44:13.701] [MAP] domToAst block=0 dom=text#定理@0 seg=[hit:0] renderedOffset=0 -> "text"
[15:44:13.701] [MAP] domToAst block=59 dom=text#，让上面的定理生效。@10 seg=[-src-block#所以多项式FFT乘法必须补零，使:17,math:22,-src-block#，保证乘积次数 :8,math:7,hit:10] renderedOffset=64 -> "text"
[15:44:13.701] [STYLE] _extract start=bi=0 path=[0] off=0 | L1:2 [# |定|理]  end=bi=59 path=[1,4] off=10 | L76:66 [1$，让上面的定|理|生效。]
[15:44:13.701] [STYLE] _extract FAIL: invalid/cross-block start=0 end=59
[15:44:13.701] [MAP] selHighlight sel=[text#定理@0 -> text#，让上面的定理生效。@10] mathTotal=49 covered=0
[15:44:13.708] [STYLE] _extract range=sel
[15:44:13.708] [MAP] domToAst block=0 dom=text#定理@0 seg=[hit:0] renderedOffset=0 -> "text"
[15:44:13.708] [MAP] domToAst block=63 dom=text#等价矩阵角度（范德蒙德）@12 seg=[hit:12] renderedOffset=12 -> "text"
[15:44:13.708] [STYLE] _extract start=bi=0 path=[0] off=0 | L1:2 [# |定|理]  end=bi=63 path=[0] off=12 | L80:15 [角度（范德蒙德）|·|]
[15:44:13.708] [STYLE] _extract FAIL: invalid/cross-block start=0 end=63
[15:44:13.708] [MAP] selHighlight sel=[text#定理@0 -> text#等价矩阵角度（范德蒙德）@12] mathTotal=49 covered=0
[15:44:13.717] [STYLE] _extract range=sel
[15:44:13.718] [MAP] domToAst block=0 dom=text#定理@0 seg=[hit:0] renderedOffset=0 -> "text"
[15:44:13.718] [STYLE] _extract start=bi=0 path=[0] off=0 | L1:2 [# |定|理]  end=bi=66 path=[] off=0 | L95:0 [|·|]
[15:44:13.718] [STYLE] _extract FAIL: invalid/cross-block start=0 end=66
[15:44:13.718] [MAP] selHighlight sel=[text#定理@0 -> DIV.-src-block -blank-block@0] mathTotal=49 covered=0
[15:44:13.724] [STYLE] _extract range=sel
[15:44:13.725] [MAP] domToAst block=0 dom=text#定理@0 seg=[hit:0] renderedOffset=0 -> "text"
[15:44:13.725] [STYLE] _extract start=bi=0 path=[0] off=0 | L1:2 [# |定|理]  end=bi=66 path=[] off=0 | L95:0 [|·|]
[15:44:13.725] [STYLE] _extract FAIL: invalid/cross-block start=0 end=66
[15:44:13.725] [MAP] selHighlight sel=[text#定理@0 -> DIV.-src-block -blank-block@0] mathTotal=49 covered=0
[15:44:13.750] [STYLE] _extract range=sel
[15:44:13.750] [MAP] domToAst block=0 dom=text#定理@0 seg=[hit:0] renderedOffset=0 -> "text"
[15:44:13.750] [MAP] domToAst block=69 dom=text#，矩阵可逆。@5 seg=[-src-block#当全部 :4,math:3,-src-block# 互不相等，:6,math:12,hit:5] renderedOffset=30 -> "text"
[15:44:13.750] [STYLE] _extract start=bi=0 path=[0] off=0 | L1:2 [# |定|理]  end=bi=69 path=[4] off=5 | L100:30 [\neq 0$，|矩|阵可逆。]
[15:44:13.750] [STYLE] _extract FAIL: invalid/cross-block start=0 end=69
[15:44:13.750] [MAP] selHighlight sel=[text#定理@0 -> text#，矩阵可逆。@5] mathTotal=49 covered=0
[15:44:13.759] [STYLE] _extract range=sel
[15:44:13.759] [MAP] domToAst block=0 dom=text#定理@0 seg=[hit:0] renderedOffset=0 -> "text"
[15:44:13.759] [STYLE] _extract start=bi=0 path=[0] off=0 | L1:2 [# |定|理]  end=bi=71 path=[] off=0 | L102:0 [|·|]
[15:44:13.759] [STYLE] _extract FAIL: invalid/cross-block start=0 end=71
[15:44:13.759] [MAP] selHighlight sel=[text#定理@0 -> DIV.-src-block -blank-block@0] mathTotal=49 covered=0
[15:44:13.766] [STYLE] _extract range=sel
[15:44:13.766] [MAP] domToAst block=0 dom=text#定理@0 seg=[hit:0] renderedOffset=0 -> "text"
[15:44:13.766] [MAP] domToAst block=72 item=1 dom=text#不同点值可以唯一还原系数。@13 seg=[hit:13] renderedOffset=13 -> "text"
[15:44:13.766] [STYLE] _extract start=bi=0 path=[0] off=0 | L1:2 [# |定|理]  end=bi=72 path=[1,0] off=13 | L104:15 [以唯一还原系数。|·|]
[15:44:13.766] [STYLE] _extract FAIL: invalid/cross-block start=0 end=72
[15:44:13.767] [MAP] selHighlight sel=[text#定理@0 -> text#不同点值可以唯一还原系数@13] mathTotal=49 covered=0
[15:44:13.775] [STYLE] _extract range=sel
[15:44:13.775] [MAP] domToAst block=0 dom=text#定理@0 seg=[hit:0] renderedOffset=0 -> "text"
[15:44:13.775] [MAP] domToAst block=73 dom=text#这是同一套定理的线性代数版本。@15 seg=[hit:15] renderedOffset=15 -> "text"
[15:44:13.775] [STYLE] _extract start=bi=0 path=[0] off=0 | L1:2 [# |定|理]  end=bi=73 path=[1,0] off=15 | L106:17 [|·|]
[15:44:13.775] [STYLE] _extract FAIL: invalid/cross-block start=0 end=73
[15:44:13.775] [MAP] selHighlight sel=[text#定理@0 -> text#这是同一套定理的线性代数@15] mathTotal=49 covered=0
[15:44:13.783] [STYLE] _extract range=sel
[15:44:13.783] [MAP] domToAst block=0 dom=text#定理@0 seg=[hit:0] renderedOffset=0 -> "text"
[15:44:13.783] [STYLE] _extract start=bi=0 path=[0] off=0 | L1:2 [# |定|理]  end=bi=76 path=[] off=0 | L109:0 [|#|## 一句话记忆]
[15:44:13.783] [STYLE] _extract FAIL: invalid/cross-block start=0 end=76
[15:44:13.783] [MAP] selHighlight sel=[text#定理@0 -> DIV.-src-block -blank-block@0] mathTotal=49 covered=0
[15:44:13.791] [STYLE] _extract range=sel
[15:44:13.791] [MAP] domToAst block=0 dom=text#定理@0 seg=[hit:0] renderedOffset=0 -> "text"
[15:44:13.791] [STYLE] _extract start=bi=0 path=[0] off=0 | L1:2 [# |定|理]  end=bi=76 path=[] off=0 | L109:0 [|#|## 一句话记忆]
[15:44:13.791] [STYLE] _extract FAIL: invalid/cross-block start=0 end=76
[15:44:13.791] [MAP] selHighlight sel=[text#定理@0 -> DIV.-src-block -blank-block@0] mathTotal=49 covered=0
[15:44:13.808] [STYLE] _extract range=sel
[15:44:13.808] [MAP] domToAst block=0 dom=text#定理@0 seg=[hit:0] renderedOffset=0 -> "text"
[15:44:13.808] [MAP] domToAst block=77 dom=text# 个根；n个互异点全部相等，差多@34 seg=[math:11,-src-block# 的多项式，最多拥有 :11,math:3,hit:34] renderedOffset=59 -> "text"
[15:44:13.808] [STYLE] _extract start=bi=0 path=[0] off=0 | L1:2 [# |定|理]  end=bi=77 path=[1,3] off=34 | L111:61 [|·|]
[15:44:13.808] [STYLE] _extract FAIL: invalid/cross-block start=0 end=77
[15:44:13.808] [MAP] selHighlight sel=[text#定理@0 -> text# 个根；n个互异点全部相@34] mathTotal=49 covered=0
[15:44:15.263] [MAP] domToAst block=0 dom=text#定理@0 seg=[hit:0] renderedOffset=0 -> "text"
[15:44:15.263] [CTX] SRC L1 C2 [# |定|理]
[15:44:15.263] [CTX] PV  blk0 C0 [|定|理]
[15:44:15.263] [EH] click: L1 C2 (block 0)
[15:44:20.788] [MAP] domToAst block=59 dom=text#，让上面的定理生效。@10 seg=[-src-block#所以多项式FFT乘法必须补零，使:17,math:22,-src-block#，保证乘积次数 :8,math:7,hit:10] renderedOffset=64 -> "text"
[15:44:20.788] [CTX] SRC L75 C66 [|·|]
[15:44:20.788] [CTX] PV  blk59 C58 [上面的定理生效。|·|]
[15:44:20.788] [EH] click: L75 C66 (block 59)
[15:44:20.790] [MAP] selHighlight sel=none mathTotal=49 covered=0
[15:44:23.416] [MAP] domToAst block=59 dom=text#，让上面的定理生效。@10 seg=[-src-block#所以多项式FFT乘法必须补零，使:17,math:22,-src-block#，保证乘积次数 :8,math:7,hit:10] renderedOffset=64 -> "text"
[15:44:23.417] [CTX] SRC L75 C66 [|·|]
[15:44:23.417] [CTX] PV  blk59 C58 [上面的定理生效。|·|]
[15:44:23.417] [EH] click: L75 C66 (block 59)
[15:44:23.880] [MAP] domToAst block=59 dom=text#，让上面的定理生效。@10 seg=[-src-block#所以多项式FFT乘法必须补零，使:17,math:22,-src-block#，保证乘积次数 :8,math:7,hit:10] renderedOffset=64 -> "text"
[15:44:23.880] [CTX] SRC L75 C66 [|·|]
[15:44:23.880] [CTX] PV  blk59 C58 [上面的定理生效。|·|]
[15:44:23.880] [EH] click: L75 C66 (block 59)
[15:44:28.765] [MAP] selHighlight sel=none mathTotal=49 covered=0
[15:44:29.557] [MAP] selHighlight sel=none mathTotal=49 covered=0
[15:44:29.707] [MAP] selHighlight sel=none mathTotal=49 covered=0
[15:44:33.882] [MAP] selHighlight sel=none mathTotal=49 covered=0
[15:44:34.048] [MAP] selHighlight sel=none mathTotal=49 covered=0
[15:44:34.607] [MAP] selHighlight sel=none mathTotal=49 covered=0
[15:44:35.590] [MAP] selHighlight sel=none mathTotal=49 covered=0
[15:44:36.132] [MAP] selHighlight sel=none mathTotal=49 covered=0
[15:44:36.473] [MAP] selHighlight sel=none mathTotal=49 covered=0
[15:44:36.907] [MAP] selHighlight sel=none mathTotal=49 covered=0
[15:44:37.090] [MAP] selHighlight sel=none mathTotal=49 covered=0
[15:44:37.783] [MAP] selHighlight sel=none mathTotal=49 covered=0
[15:44:37.915] [MAP] selHighlight sel=none mathTotal=49 covered=0
[15:44:38.040] [MAP] selHighlight sel=none mathTotal=49 covered=0
[15:44:38.190] [MAP] selHighlight sel=none mathTotal=49 covered=0
[15:44:38.307] [MAP] selHighlight sel=none mathTotal=49 covered=0
[15:44:38.407] [MAP] selHighlight sel=none mathTotal=49 covered=0
[15:44:38.540] [MAP] selHighlight sel=none mathTotal=49 covered=0
[15:44:38.957] [MAP] selHighlight sel=none mathTotal=49 covered=0
[15:44:40.423] [MAP] selHighlight sel=none mathTotal=49 covered=0
[15:44:40.540] [MAP] selHighlight sel=none mathTotal=49 covered=0
[15:44:40.548] [MAP] selHighlight sel=none mathTotal=49 covered=0
[15:44:41.198] [MAP] selHighlight sel=none mathTotal=49 covered=0
[15:44:41.965] [MAP] selHighlight sel=none mathTotal=49 covered=0
[15:44:42.157] [MAP] selHighlight sel=none mathTotal=49 covered=0
[15:44:42.456] [MAP] selHighlight sel=none mathTotal=49 covered=0
[15:44:42.806] [MAP] selHighlight sel=none mathTotal=49 covered=0
[15:44:43.431] [MAP] selHighlight sel=none mathTotal=49 covered=0
[15:44:43.590] [MAP] selHighlight sel=none mathTotal=49 covered=0
[15:44:43.716] [MAP] selHighlight sel=none mathTotal=49 covered=0
[15:44:43.823] [MAP] selHighlight sel=none mathTotal=49 covered=0
[15:44:43.940] [MAP] selHighlight sel=none mathTotal=49 covered=0
[15:44:44.007] [MAP] selHighlight sel=none mathTotal=49 covered=0
[15:44:44.115] [MAP] selHighlight sel=none mathTotal=49 covered=0
[15:44:44.290] [MAP] selHighlight sel=none mathTotal=49 covered=0
[15:44:45.957] [MAP] selHighlight sel=none mathTotal=49 covered=0
[15:44:46.123] [MAP] selHighlight sel=none mathTotal=49 covered=0
[15:44:46.206] [MAP] selHighlight sel=none mathTotal=49 covered=0
[15:44:46.348] [MAP] selHighlight sel=none mathTotal=49 covered=0
[15:44:46.482] [MAP] selHighlight sel=none mathTotal=49 covered=0
[15:44:46.615] [MAP] selHighlight sel=none mathTotal=49 covered=0
[15:44:46.748] [MAP] selHighlight sel=none mathTotal=49 covered=0
[15:44:46.915] [MAP] selHighlight sel=none mathTotal=49 covered=0
[15:44:47.540] [MAP] selHighlight sel=none mathTotal=49 covered=0
[15:44:47.682] [MAP] selHighlight sel=none mathTotal=49 covered=0
[15:44:50.843] [render] currentFileDir=Mathemetical_Modeling/  currentPath=Mathemetical_Modeling/FFT-appendix.md
[15:44:50.847] [STAMP] mapped 78 blocks from 112 source lines
[15:44:50.847] [F1] rendered 78 blocks in 0.7ms
[15:44:50.888] [render] currentFileDir=Mathemetical_Modeling/  currentPath=Mathemetical_Modeling/FFT-appendix.md
[15:44:50.889] [STAMP] mapped 78 blocks from 112 source lines
[15:44:50.889] [F1] rendered 78 blocks in 0.6ms
[15:45:33.156] [MAP] selHighlight sel=none mathTotal=49 covered=0
[15:45:33.281] [MAP] selHighlight sel=none mathTotal=49 covered=0
[15:45:33.306] [MAP] selHighlight sel=none mathTotal=49 covered=0
[15:45:33.314] [MAP] selHighlight sel=none mathTotal=49 covered=0
[15:45:33.331] [MAP] selHighlight sel=none mathTotal=49 covered=0
[15:45:33.364] [MAP] selHighlight sel=none mathTotal=49 covered=0
[15:45:33.372] [MAP] selHighlight sel=none mathTotal=49 covered=0
[15:45:33.381] [MAP] selHighlight sel=none mathTotal=49 covered=0
[15:45:33.414] [MAP] selHighlight sel=none mathTotal=49 covered=0
[15:45:33.489] [MAP] selHighlight sel=none mathTotal=49 covered=0
[15:45:33.522] [MAP] selHighlight sel=none mathTotal=49 covered=0
[15:45:33.556] [MAP] selHighlight sel=none mathTotal=49 covered=0
[15:45:33.581] [MAP] selHighlight sel=none mathTotal=49 covered=0
[15:45:33.614] [MAP] selHighlight sel=none mathTotal=49 covered=0
[15:45:33.647] [MAP] selHighlight sel=none mathTotal=49 covered=0
[15:45:33.672] [MAP] selHighlight sel=none mathTotal=49 covered=0
[15:45:33.697] [MAP] selHighlight sel=none mathTotal=49 covered=0
[15:45:33.723] [MAP] selHighlight sel=none mathTotal=49 covered=0
[15:45:34.656] [MAP] selHighlight sel=none mathTotal=49 covered=0
[15:45:35.689] [MAP] selHighlight sel=none mathTotal=49 covered=0
[15:45:36.432] [MAP] selHighlight sel=none mathTotal=49 covered=0
[15:45:36.581] [MAP] selHighlight sel=none mathTotal=49 covered=0
[15:45:36.714] [MAP] selHighlight sel=none mathTotal=49 covered=0
[15:45:39.523] [MAP] selHighlight sel=none mathTotal=49 covered=0
[15:45:44.131] [MAP] selHighlight sel=none mathTotal=49 covered=0
[15:45:44.205] [MAP] selHighlight sel=none mathTotal=49 covered=0
[15:45:44.332] [MAP] selHighlight sel=none mathTotal=49 covered=0
[15:46:23.246] [MAP] selHighlight sel=none mathTotal=49 covered=0
[15:46:24.580] [MAP] selHighlight sel=none mathTotal=49 covered=0
[15:46:24.763] [MAP] selHighlight sel=none mathTotal=49 covered=0
[15:46:24.880] [MAP] selHighlight sel=none mathTotal=49 covered=0
[15:46:25.104] [MAP] selHighlight sel=none mathTotal=49 covered=0
[15:46:27.929] [MAP] selHighlight sel=none mathTotal=49 covered=0
[15:46:28.421] [MAP] selHighlight sel=none mathTotal=49 covered=0
[15:46:28.604] [MAP] selHighlight sel=none mathTotal=49 covered=0
[15:46:28.738] [MAP] selHighlight sel=none mathTotal=49 covered=0
[15:46:29.972] [MAP] selHighlight sel=none mathTotal=49 covered=0
[15:46:30.121] [MAP] selHighlight sel=none mathTotal=49 covered=0
[15:46:35.871] [MAP] selHighlight sel=none mathTotal=49 covered=0
[15:46:36.021] [MAP] selHighlight sel=none mathTotal=49 covered=0
[15:46:36.238] [MAP] selHighlight sel=none mathTotal=49 covered=0
[15:46:36.338] [MAP] selHighlight sel=none mathTotal=49 covered=0
[15:46:36.696] [MAP] selHighlight sel=none mathTotal=49 covered=0
[15:46:37.646] [MAP] selHighlight sel=none mathTotal=49 covered=0
[15:46:38.004] [MAP] selHighlight sel=none mathTotal=49 covered=0
[15:46:38.171] [MAP] selHighlight sel=none mathTotal=49 covered=0
[15:46:38.263] [MAP] selHighlight sel=none mathTotal=49 covered=0
[15:46:38.404] [MAP] selHighlight sel=none mathTotal=49 covered=0
[15:46:38.588] [MAP] selHighlight sel=none mathTotal=49 covered=0
[15:46:41.254] [MAP] selHighlight sel=none mathTotal=49 covered=0
[15:46:42.053] [MAP] selHighlight sel=none mathTotal=49 covered=0
[15:46:44.371] [MAP] selHighlight sel=none mathTotal=49 covered=0
[15:46:44.488] [MAP] selHighlight sel=none mathTotal=49 covered=0
[15:46:44.530] [MAP] selHighlight sel=none mathTotal=49 covered=0
[15:46:44.563] [MAP] selHighlight sel=none mathTotal=49 covered=0
[15:46:45.521] [MAP] selHighlight sel=none mathTotal=49 covered=0
[15:46:46.929] [MAP] selHighlight sel=none mathTotal=49 covered=0
[15:46:47.071] [MAP] selHighlight sel=none mathTotal=49 covered=0
[15:46:47.088] [MAP] selHighlight sel=none mathTotal=49 covered=0
[15:46:47.096] [MAP] selHighlight sel=none mathTotal=49 covered=0
[15:46:47.113] [MAP] selHighlight sel=none mathTotal=49 covered=0
[15:46:47.121] [MAP] selHighlight sel=none mathTotal=49 covered=0
[15:46:47.129] [MAP] selHighlight sel=none mathTotal=49 covered=0
[15:46:47.138] [MAP] selHighlight sel=none mathTotal=49 covered=0
[15:46:47.146] [MAP] selHighlight sel=none mathTotal=49 covered=0
[15:46:47.155] [MAP] selHighlight sel=none mathTotal=49 covered=0
[15:46:47.163] [MAP] selHighlight sel=none mathTotal=49 covered=0
[15:46:47.179] [MAP] selHighlight sel=none mathTotal=49 covered=0
[15:46:47.213] [MAP] selHighlight sel=none mathTotal=49 covered=0
[15:46:47.238] [MAP] selHighlight sel=none mathTotal=49 covered=0
[15:46:47.246] [MAP] selHighlight sel=none mathTotal=49 covered=0
[15:46:47.271] [MAP] selHighlight sel=none mathTotal=49 covered=0
[15:46:47.296] [MAP] selHighlight sel=none mathTotal=49 covered=0
[15:46:47.304] [MAP] selHighlight sel=none mathTotal=49 covered=0
[15:46:47.321] [MAP] selHighlight sel=none mathTotal=49 covered=0
[15:46:47.338] [MAP] selHighlight sel=none mathTotal=49 covered=0
[15:46:47.354] [MAP] selHighlight sel=none mathTotal=49 covered=0
[15:46:47.371] [MAP] selHighlight sel=none mathTotal=49 covered=0
[15:46:47.413] [MAP] selHighlight sel=none mathTotal=49 covered=0
[15:46:47.429] [MAP] selHighlight sel=none mathTotal=49 covered=0
[15:46:47.454] [MAP] selHighlight sel=none mathTotal=49 covered=0
[15:46:47.513] [MAP] selHighlight sel=none mathTotal=49 covered=0
[15:46:47.529] [MAP] selHighlight sel=none mathTotal=49 covered=0
[15:46:47.546] [MAP] selHighlight sel=none mathTotal=49 covered=0
[15:46:47.655] [MAP] selHighlight sel=none mathTotal=49 covered=0
[15:46:47.929] [MAP] selHighlight sel=none mathTotal=49 covered=0
[15:46:48.629] [MAP] selHighlight sel=none mathTotal=49 covered=0
[15:46:48.679] [MAP] selHighlight sel=none mathTotal=49 covered=0
[15:46:48.704] [MAP] selHighlight sel=none mathTotal=49 covered=0
[15:46:48.746] [MAP] selHighlight sel=none mathTotal=49 covered=0
[15:46:49.254] [MAP] selHighlight sel=none mathTotal=49 covered=0
[15:46:49.737] [MAP] selHighlight sel=none mathTotal=49 covered=0
[15:46:49.763] [MAP] selHighlight sel=none mathTotal=49 covered=0
[15:46:49.929] [MAP] selHighlight sel=none mathTotal=49 covered=0
[15:46:50.137] [MAP] selHighlight sel=none mathTotal=49 covered=0
[15:46:50.279] [MAP] selHighlight sel=none mathTotal=49 covered=0
[15:46:53.604] [MAP] selHighlight sel=none mathTotal=49 covered=0
[15:47:09.079] [MAP] selHighlight sel=none mathTotal=49 covered=0
[15:47:09.270] [MAP] selHighlight sel=none mathTotal=49 covered=0
[15:47:09.345] [MAP] selHighlight sel=none mathTotal=49 covered=0
[15:47:12.414] [MAP] selHighlight sel=none mathTotal=49 covered=0
[15:47:12.587] [MAP] selHighlight sel=none mathTotal=49 covered=0
[15:47:12.604] [MAP] selHighlight sel=none mathTotal=49 covered=0
[15:47:12.629] [MAP] selHighlight sel=none mathTotal=49 covered=0
[15:47:12.646] [MAP] selHighlight sel=none mathTotal=49 covered=0
[15:47:12.663] [MAP] selHighlight sel=none mathTotal=49 covered=0
[15:47:12.671] [MAP] selHighlight sel=none mathTotal=49 covered=0
[15:47:12.696] [MAP] selHighlight sel=none mathTotal=49 covered=0
[15:47:12.704] [MAP] selHighlight sel=none mathTotal=49 covered=0
[15:47:13.921] [MAP] selHighlight sel=none mathTotal=49 covered=0
[15:47:13.929] [MAP] selHighlight sel=none mathTotal=49 covered=0
[15:47:13.937] [MAP] selHighlight sel=none mathTotal=49 covered=0
[15:47:13.946] [MAP] selHighlight sel=none mathTotal=49 covered=0
[15:47:13.954] [MAP] selHighlight sel=none mathTotal=49 covered=0
[15:47:13.962] [MAP] selHighlight sel=none mathTotal=49 covered=0
[15:47:13.970] [MAP] selHighlight sel=none mathTotal=49 covered=0
[15:47:13.987] [MAP] selHighlight sel=none mathTotal=49 covered=0
[15:47:14.004] [MAP] selHighlight sel=none mathTotal=49 covered=0
[15:47:14.012] [MAP] selHighlight sel=none mathTotal=49 covered=0
[15:47:14.020] [MAP] selHighlight sel=none mathTotal=49 covered=0
[15:47:14.654] [MAP] selHighlight sel=none mathTotal=49 covered=0
[15:47:14.971] [MAP] selHighlight sel=none mathTotal=49 covered=0
[15:47:16.604] [MAP] selHighlight sel=none mathTotal=49 covered=0
[15:47:25.446] [render] currentFileDir=Mathemetical_Modeling/  currentPath=Mathemetical_Modeling/Vandermonde.md
[15:47:25.448] [STAMP] mapped 58 blocks from 129 source lines
[15:47:25.448] [F1] rendered 58 blocks in 0.7ms
[15:47:30.503] [MAP] selHighlight sel=none mathTotal=22 covered=0
[15:47:30.638] [STYLE] _extract range=sel
[15:47:30.638] [MAP] domToAst block=47 dom=text#套回FFT的单位根场景@0 seg=[hit:0] renderedOffset=0 -> "text"
[15:47:30.638] [MAP] domToAst block=47 dom=text#套回FFT的单位根场景@1 seg=[hit:1] renderedOffset=1 -> "text"
[15:47:30.638] [STYLE] _extract start=bi=47 path=[0] off=0 | L117:2 [# |套|回FFT的单位根]  end=bi=47 path=[0] off=1 | L117:3 [# 套|回|FFT的单位根场]
[15:47:30.638] [STYLE] _extract before=[]
[15:47:30.638] [STYLE] _extract middle=[text["套"]]
[15:47:30.638] [STYLE] _extract after=[text["回FFT的单位根场景"]]
[15:47:30.638] [MAP] selHighlight sel=[text#套回FFT的单位根场景@0 -> text#套回FFT的单位根场景@1] mathTotal=22 covered=0
[15:47:30.662] [STYLE] _extract range=sel
[15:47:30.662] [MAP] domToAst block=47 dom=text#套回FFT的单位根场景@0 seg=[hit:0] renderedOffset=0 -> "text"
[15:47:30.662] [STYLE] _extract start=bi=47 path=[0] off=0 | L117:2 [# |套|回FFT的单位根]  end=bi=48 path=[] off=0 | L118:0 [|·|]
[15:47:30.662] [STYLE] _extract FAIL: invalid/cross-block start=47 end=48
[15:47:30.662] [MAP] selHighlight sel=[text#套回FFT的单位根场景@0 -> DIV.-src-block -blank-block@0] mathTotal=22 covered=0
[15:47:30.687] [STYLE] _extract range=sel
[15:47:30.687] [MAP] domToAst block=47 dom=text#套回FFT的单位根场景@0 seg=[hit:0] renderedOffset=0 -> "text"
[15:47:30.687] [MAP] domToAst block=49 dom=text#，全部两两不等，任意 @2 seg=[math:9,hit:2] renderedOffset=11 -> "text"
[15:47:30.687] [STYLE] _extract start=bi=47 path=[0] off=0 | L117:2 [# |套|回FFT的单位根]  end=bi=49 path=[1] off=2 | L119:11 [k=W_N^k$|，|全部两两不等，任]
[15:47:30.687] [STYLE] _extract FAIL: invalid/cross-block start=47 end=49
[15:47:30.687] [MAP] selHighlight sel=[text#套回FFT的单位根场景@0 -> text#，全部两两不等，任意 @2] mathTotal=22 covered=0
[15:47:30.695] [STYLE] _extract range=sel
[15:47:30.695] [MAP] domToAst block=47 dom=text#套回FFT的单位根场景@0 seg=[hit:0] renderedOffset=0 -> "text"
[15:47:30.695] [MAP] domToAst block=49 dom=text#，全部两两不等，任意 @2 seg=[math:9,hit:2] renderedOffset=11 -> "text"
[15:47:30.695] [STYLE] _extract start=bi=47 path=[0] off=0 | L117:2 [# |套|回FFT的单位根]  end=bi=49 path=[1] off=2 | L119:11 [k=W_N^k$|，|全部两两不等，任]
[15:47:30.695] [STYLE] _extract FAIL: invalid/cross-block start=47 end=49
[15:47:30.695] [MAP] selHighlight sel=[text#套回FFT的单位根场景@0 -> text#，全部两两不等，任意 @2] mathTotal=22 covered=0
[15:47:30.712] [STYLE] _extract range=sel
[15:47:30.712] [MAP] domToAst block=47 dom=text#套回FFT的单位根场景@0 seg=[hit:0] renderedOffset=0 -> "text"
[15:47:30.712] [MAP] domToAst block=51 dom=text# 只有零解。@2 seg=[-src-block#矩阵可逆，:5,math:28,hit:2] renderedOffset=35 -> "text"
[15:47:30.712] [STYLE] _extract start=bi=47 path=[0] off=0 | L117:2 [# |套|回FFT的单位根]  end=bi=51 path=[2] off=2 | L121:35 [ymbol 0$| |只有零解。]
[15:47:30.712] [STYLE] _extract FAIL: invalid/cross-block start=47 end=51
[15:47:30.712] [MAP] selHighlight sel=[text#套回FFT的单位根场景@0 -> text# 只有零解。@2] mathTotal=22 covered=0
[15:47:30.720] [STYLE] _extract range=sel
[15:47:30.720] [MAP] domToAst block=47 dom=text#套回FFT的单位根场景@0 seg=[hit:0] renderedOffset=0 -> "text"
[15:47:30.720] [MAP] domToAst block=51 dom=text# 只有零解。@3 seg=[-src-block#矩阵可逆，:5,math:28,hit:3] renderedOffset=36 -> "text"
[15:47:30.720] [STYLE] _extract start=bi=47 path=[0] off=0 | L117:2 [# |套|回FFT的单位根]  end=bi=51 path=[2] off=3 | L121:36 [mbol 0$ |只|有零解。]
[15:47:30.720] [STYLE] _extract FAIL: invalid/cross-block start=47 end=51
[15:47:30.721] [MAP] selHighlight sel=[text#套回FFT的单位根场景@0 -> text# 只有零解。@3] mathTotal=22 covered=0
[15:47:30.729] [STYLE] _extract range=sel
[15:47:30.729] [MAP] domToAst block=47 dom=text#套回FFT的单位根场景@0 seg=[hit:0] renderedOffset=0 -> "text"
[15:47:30.729] [STYLE] _extract start=bi=47 path=[0] off=0 | L117:2 [# |套|回FFT的单位根]  end=bi=52 path=[] off=0 | L122:0 [|·|]
[15:47:30.729] [STYLE] _extract FAIL: invalid/cross-block start=47 end=52
[15:47:30.729] [MAP] selHighlight sel=[text#套回FFT的单位根场景@0 -> DIV.-src-block -blank-block@0] mathTotal=22 covered=0
[15:47:30.737] [STYLE] _extract range=sel
[15:47:30.737] [MAP] domToAst block=47 dom=text#套回FFT的单位根场景@0 seg=[hit:0] renderedOffset=0 -> "text"
[15:47:30.737] [STYLE] _extract start=bi=47 path=[0] off=0 | L117:2 [# |套|回FFT的单位根]  end=bi=52 path=[] off=0 | L122:0 [|·|]
[15:47:30.737] [STYLE] _extract FAIL: invalid/cross-block start=47 end=52
[15:47:30.737] [MAP] selHighlight sel=[text#套回FFT的单位根场景@0 -> DIV.-src-block -blank-block@0] mathTotal=22 covered=0
[15:47:30.770] [STYLE] _extract range=sel
[15:47:30.770] [MAP] domToAst block=47 dom=text#套回FFT的单位根场景@0 seg=[hit:0] renderedOffset=0 -> "text"
[15:47:30.770] [MAP] domToAst block=53 dom=p.@0 seg=[-src-block#这就闭环了：不同系数向量→不同点:20] renderedOffset=20 -> undefined
[15:47:30.770] [STYLE] _extract start=bi=47 path=[0] off=0 | L117:2 [# |套|回FFT的单位根]  end=bi=53 path=[0] off=0 | L123:2 [> |·|]
[15:47:30.770] [STYLE] _extract FAIL: invalid/cross-block start=47 end=53
[15:47:30.770] [MAP] selHighlight sel=[text#套回FFT的单位根场景@0 -> P.@0] mathTotal=22 covered=0
[15:47:30.787] [STYLE] _extract range=sel
[15:47:30.787] [MAP] domToAst block=47 dom=text#套回FFT的单位根场景@0 seg=[hit:0] renderedOffset=0 -> "text"
[15:47:30.787] [MAP] domToAst block=53 dom=text#这就闭环了：不同系数向量→不同点@17 seg=[hit:17] renderedOffset=17 -> "text"
[15:47:30.787] [STYLE] _extract start=bi=47 path=[0] off=0 | L117:2 [# |套|回FFT的单位根]  end=bi=53 path=[1,0] off=17 | L124:19 [数向量→不同点值|向|量。]
[15:47:30.787] [STYLE] _extract FAIL: invalid/cross-block start=47 end=53
[15:47:30.787] [MAP] selHighlight sel=[text#套回FFT的单位根场景@0 -> text#这就闭环了：不同系数向量@17] mathTotal=22 covered=0
[15:47:30.803] [STYLE] _extract range=sel
[15:47:30.803] [MAP] domToAst block=47 dom=text#套回FFT的单位根场景@0 seg=[hit:0] renderedOffset=0 -> "text"
[15:47:30.803] [MAP] domToAst block=53 dom=text#这就闭环了：不同系数向量→不同点@18 seg=[hit:18] renderedOffset=18 -> "text"
[15:47:30.804] [STYLE] _extract start=bi=47 path=[0] off=0 | L117:2 [# |套|回FFT的单位根]  end=bi=53 path=[1,0] off=18 | L124:20 [向量→不同点值向|量|。]
[15:47:30.804] [STYLE] _extract FAIL: invalid/cross-block start=47 end=53
[15:47:30.804] [MAP] selHighlight sel=[text#套回FFT的单位根场景@0 -> text#这就闭环了：不同系数向量@18] mathTotal=22 covered=0
[15:47:30.837] [STYLE] _extract range=sel
[15:47:30.837] [MAP] domToAst block=47 dom=text#套回FFT的单位根场景@0 seg=[hit:0] renderedOffset=0 -> "text"
[15:47:30.837] [STYLE] _extract start=bi=47 path=[0] off=0 | L117:2 [# |套|回FFT的单位根]  end=bi=54 path=[] off=0 | L125:0 [|·|]
[15:47:30.837] [STYLE] _extract FAIL: invalid/cross-block start=47 end=54
[15:47:30.837] [MAP] selHighlight sel=[text#套回FFT的单位根场景@0 -> DIV.-src-block -blank-block@0] mathTotal=22 covered=0
[15:47:30.862] [STYLE] _extract range=sel
[15:47:30.862] [MAP] domToAst block=47 dom=text#套回FFT的单位根场景@0 seg=[hit:0] renderedOffset=0 -> "text"
[15:47:30.862] [MAP] domToAst block=55 dom=p.@0 seg=[-src-block#小提醒：有些教材范德蒙德是列是 :16,math:8,-src-block#，行是不同采样点，就是我们这里的:43] renderedOffset=67 -> undefined
[15:47:30.862] [STYLE] _extract start=bi=47 path=[0] off=0 | L117:2 [# |套|回FFT的单位根]  end=bi=55 path=[0] off=0 | L126:2 [> |·|]
[15:47:30.862] [STYLE] _extract FAIL: invalid/cross-block start=47 end=55
[15:47:30.862] [MAP] selHighlight sel=[text#套回FFT的单位根场景@0 -> P.@0] mathTotal=22 covered=0
[15:47:30.896] [STYLE] _extract range=sel
[15:47:30.896] [MAP] domToAst block=47 dom=text#套回FFT的单位根场景@0 seg=[hit:0] renderedOffset=0 -> "text"
[15:47:30.896] [MAP] domToAst block=55 dom=text#，行是不同采样点，就是我们这里的@5 seg=[-src-block#小提醒：有些教材范德蒙德是列是 :16,math:8,hit:5] renderedOffset=29 -> "text"
[15:47:30.896] [STYLE] _extract start=bi=47 path=[0] off=0 | L117:2 [# |套|回FFT的单位根]  end=bi=55 path=[1,2] off=5 | L127:31 [x^2…$，行是|不|同采样点，就是我]
[15:47:30.896] [STYLE] _extract FAIL: invalid/cross-block start=47 end=55
[15:47:30.896] [MAP] selHighlight sel=[text#套回FFT的单位根场景@0 -> text#，行是不同采样点，就是我@5] mathTotal=22 covered=0
[15:47:30.904] [STYLE] _extract range=sel
[15:47:30.904] [MAP] domToAst block=47 dom=text#套回FFT的单位根场景@0 seg=[hit:0] renderedOffset=0 -> "text"
[15:47:30.904] [MAP] domToAst block=55 dom=text#，行是不同采样点，就是我们这里的@42 seg=[-src-block#小提醒：有些教材范德蒙德是列是 :16,math:8,hit:42] renderedOffset=66 -> "text"
[15:47:30.904] [STYLE] _extract start=bi=47 path=[0] off=0 | L117:2 [# |套|回FFT的单位根]  end=bi=55 path=[1,2] off=42 | L127:68 [只是转置，行列式|不|变。]
[15:47:30.904] [STYLE] _extract FAIL: invalid/cross-block start=47 end=55
[15:47:30.904] [MAP] selHighlight sel=[text#套回FFT的单位根场景@0 -> text#，行是不同采样点，就是我@42] mathTotal=22 covered=0
[15:47:30.912] [STYLE] _extract range=sel
[15:47:30.912] [MAP] domToAst block=47 dom=text#套回FFT的单位根场景@0 seg=[hit:0] renderedOffset=0 -> "text"
[15:47:30.912] [MAP] domToAst block=57 dom=text# 的完整数值行列式展开验算一遍。@14 seg=[-src-block#如果你需要，我可以手写 :12,math:5,hit:14] renderedOffset=31 -> "text"
[15:47:30.912] [STYLE] _extract start=bi=47 path=[0] off=0 | L117:2 [# |套|回FFT的单位根]  end=bi=57 path=[2] off=14 | L129:31 [数值行列式展开验|算|一遍。]
[15:47:30.912] [STYLE] _extract FAIL: invalid/cross-block start=47 end=57
[15:47:30.912] [MAP] selHighlight sel=[text#套回FFT的单位根场景@0 -> text# 的完整数值行列式展开验@14] mathTotal=22 covered=0
[15:47:30.920] [STYLE] _extract range=sel
[15:47:30.920] [MAP] domToAst block=47 dom=text#套回FFT的单位根场景@0 seg=[hit:0] renderedOffset=0 -> "text"
[15:47:30.920] [MAP] domToAst block=57 dom=text# 的完整数值行列式展开验算一遍。@14 seg=[-src-block#如果你需要，我可以手写 :12,math:5,hit:14] renderedOffset=31 -> "text"
[15:47:30.920] [STYLE] _extract start=bi=47 path=[0] off=0 | L117:2 [# |套|回FFT的单位根]  end=bi=57 path=[2] off=14 | L129:31 [数值行列式展开验|算|一遍。]
[15:47:30.920] [STYLE] _extract FAIL: invalid/cross-block start=47 end=57
[15:47:30.921] [MAP] selHighlight sel=[text#套回FFT的单位根场景@0 -> text# 的完整数值行列式展开验@14] mathTotal=22 covered=0
[15:47:30.937] [STYLE] _extract range=sel
[15:47:30.937] [MAP] domToAst block=47 dom=text#套回FFT的单位根场景@0 seg=[hit:0] renderedOffset=0 -> "text"
[15:47:30.937] [MAP] domToAst block=57 dom=text# 的完整数值行列式展开验算一遍。@15 seg=[-src-block#如果你需要，我可以手写 :12,math:5,hit:15] renderedOffset=32 -> "text"
[15:47:30.937] [STYLE] _extract start=bi=47 path=[0] off=0 | L117:2 [# |套|回FFT的单位根]  end=bi=57 path=[2] off=15 | L129:32 [值行列式展开验算|一|遍。]
[15:47:30.937] [STYLE] _extract FAIL: invalid/cross-block start=47 end=57
[15:47:30.937] [MAP] selHighlight sel=[text#套回FFT的单位根场景@0 -> text# 的完整数值行列式展开验@15] mathTotal=22 covered=0
[15:47:30.953] [STYLE] _extract range=sel
[15:47:30.953] [MAP] domToAst block=47 dom=text#套回FFT的单位根场景@0 seg=[hit:0] renderedOffset=0 -> "text"
[15:47:30.954] [MAP] domToAst block=57 dom=text# 的完整数值行列式展开验算一遍。@16 seg=[-src-block#如果你需要，我可以手写 :12,math:5,hit:16] renderedOffset=33 -> "text"
[15:47:30.954] [STYLE] _extract start=bi=47 path=[0] off=0 | L117:2 [# |套|回FFT的单位根]  end=bi=57 path=[2] off=16 | L129:33 [行列式展开验算一|遍|。]
[15:47:30.954] [STYLE] _extract FAIL: invalid/cross-block start=47 end=57
[15:47:30.954] [MAP] selHighlight sel=[text#套回FFT的单位根场景@0 -> text# 的完整数值行列式展开验@16] mathTotal=22 covered=0
[15:47:31.957] [MAP] domToAst block=47 dom=text#套回FFT的单位根场景@0 seg=[hit:0] renderedOffset=0 -> "text"
[15:47:31.957] [CTX] SRC L117 C2 [# |套|回FFT的单位根]
[15:47:31.957] [CTX] PV  blk47 C0 [|套|回FFT的单位根]
[15:47:31.957] [EH] beforeinput: L117 C2 (block 47)
[15:47:31.957] [STYLE] _extract range=sel
[15:47:31.957] [MAP] domToAst block=47 dom=text#套回FFT的单位根场景@0 seg=[hit:0] renderedOffset=0 -> "text"
[15:47:31.957] [MAP] domToAst block=57 dom=text# 的完整数值行列式展开验算一遍。@16 seg=[-src-block#如果你需要，我可以手写 :12,math:5,hit:16] renderedOffset=33 -> "text"
[15:47:31.957] [STYLE] _extract start=bi=47 path=[0] off=0 | L117:2 [# |套|回FFT的单位根]  end=bi=57 path=[2] off=16 | L129:33 [行列式展开验算一|遍|。]
[15:47:31.958] [STYLE] _extract FAIL: invalid/cross-block start=47 end=57
[15:47:31.958] [MAP] domToAst block=47 dom=text#套回FFT的单位根场景@0 seg=[hit:0] renderedOffset=0 -> "text"
[15:47:31.958] [MAP] domToAst block=57 dom=text# 的完整数值行列式展开验算一遍。@16 seg=[-src-block#如果你需要，我可以手写 :12,math:5,hit:16] renderedOffset=33 -> "text"
[15:47:33.270] [MAP] domToAst block=47 dom=text#套回FFT的单位根场景@0 seg=[hit:0] renderedOffset=0 -> "text"
[15:47:33.270] [CTX] SRC L117 C2 [# |套|回FFT的单位根]
[15:47:33.270] [CTX] PV  blk47 C0 [|套|回FFT的单位根]
[15:47:33.270] [EH] beforeinput: L117 C2 (block 47)
[15:47:33.270] [STYLE] _extract range=sel
[15:47:33.270] [MAP] domToAst block=47 dom=text#套回FFT的单位根场景@0 seg=[hit:0] renderedOffset=0 -> "text"
[15:47:33.270] [MAP] domToAst block=57 dom=text# 的完整数值行列式展开验算一遍。@16 seg=[-src-block#如果你需要，我可以手写 :12,math:5,hit:16] renderedOffset=33 -> "text"
[15:47:33.270] [STYLE] _extract start=bi=47 path=[0] off=0 | L117:2 [# |套|回FFT的单位根]  end=bi=57 path=[2] off=16 | L129:33 [行列式展开验算一|遍|。]
[15:47:33.270] [STYLE] _extract FAIL: invalid/cross-block start=47 end=57
[15:47:33.270] [MAP] domToAst block=47 dom=text#套回FFT的单位根场景@0 seg=[hit:0] renderedOffset=0 -> "text"
[15:47:33.270] [MAP] domToAst block=57 dom=text# 的完整数值行列式展开验算一遍。@16 seg=[-src-block#如果你需要，我可以手写 :12,math:5,hit:16] renderedOffset=33 -> "text"
[15:47:33.730] [MAP] domToAst block=57 dom=text# 的完整数值行列式展开验算一遍。@16 seg=[-src-block#如果你需要，我可以手写 :12,math:5,hit:16] renderedOffset=33 -> "text"
[15:47:33.730] [CTX] SRC L129 C33 [行列式展开验算一|遍|。]
[15:47:33.730] [CTX] PV  blk57 C33 [式展开验算一遍。|·|]
[15:47:33.730] [EH] click: L129 C33 (block 57)
[15:47:33.737] [MAP] selHighlight sel=none mathTotal=22 covered=0
[15:47:34.263] [MAP] domToAst block=57 dom=text# 的完整数值行列式展开验算一遍。@16 seg=[-src-block#如果你需要，我可以手写 :12,math:5,hit:16] renderedOffset=33 -> "text"
[15:47:34.263] [CTX] SRC L129 C33 [行列式展开验算一|遍|。]
[15:47:34.263] [CTX] PV  blk57 C33 [式展开验算一遍。|·|]
[15:47:34.263] [EH] beforeinput: L129 C33 (block 57)
[15:47:34.265] [STAMP] mapped 58 blocks from 129 source lines
[15:47:34.272] [MAP] rangeAt offset=32 -> text# 的完整数值行列式展开验@15
[15:47:34.272] [MAP] astToDom block=57 path=[2] off=15 atomSide=null rendered=32 -> text# 的完整数值行列式展开验算一遍@15
[15:47:34.278] [MAP] selHighlight sel=none mathTotal=22 covered=0
[15:47:34.763] [MAP] domToAst block=57 dom=text# 的完整数值行列式展开验算一遍@15 seg=[-src-block#如果你需要，我可以手写 :12,math:5,hit:15] renderedOffset=32 -> "text"
[15:47:34.763] [CTX] SRC L129 C32 [值行列式展开验算|一|遍]
[15:47:34.763] [CTX] PV  blk57 C32 [列式展开验算一遍|·|]
[15:47:34.763] [EH] beforeinput: L129 C32 (block 57)
[15:47:34.765] [STAMP] mapped 58 blocks from 129 source lines
[15:47:34.770] [MAP] rangeAt offset=31 -> text# 的完整数值行列式展开验@14
[15:47:34.770] [MAP] astToDom block=57 path=[2] off=14 atomSide=null rendered=31 -> text# 的完整数值行列式展开验算一@14
[15:47:34.778] [MAP] selHighlight sel=none mathTotal=22 covered=0
[15:47:34.810] [MAP] domToAst block=57 dom=text# 的完整数值行列式展开验算一@14 seg=[-src-block#如果你需要，我可以手写 :12,math:5,hit:14] renderedOffset=31 -> "text"
[15:47:34.811] [CTX] SRC L129 C31 [数值行列式展开验|算|一]
[15:47:34.811] [CTX] PV  blk57 C31 [行列式展开验算一|·|]
[15:47:34.811] [EH] beforeinput: L129 C31 (block 57)
[15:47:34.812] [STAMP] mapped 58 blocks from 129 source lines
[15:47:34.817] [MAP] rangeAt offset=30 -> text# 的完整数值行列式展开验@13
[15:47:34.817] [MAP] astToDom block=57 path=[2] off=13 atomSide=null rendered=30 -> text# 的完整数值行列式展开验算@13
[15:47:34.820] [MAP] selHighlight sel=none mathTotal=22 covered=0
[15:47:34.842] [MAP] domToAst block=57 dom=text# 的完整数值行列式展开验算@13 seg=[-src-block#如果你需要，我可以手写 :12,math:5,hit:13] renderedOffset=30 -> "text"
[15:47:34.842] [CTX] SRC L129 C30 [整数值行列式展开|验|算]
[15:47:34.842] [CTX] PV  blk57 C30 [值行列式展开验算|·|]
[15:47:34.842] [EH] beforeinput: L129 C30 (block 57)
[15:47:34.843] [STAMP] mapped 58 blocks from 129 source lines
[15:47:34.848] [MAP] rangeAt offset=29 -> text# 的完整数值行列式展开验@12
[15:47:34.848] [MAP] astToDom block=57 path=[2] off=12 atomSide=null rendered=29 -> text# 的完整数值行列式展开验@12
[15:47:34.853] [MAP] selHighlight sel=none mathTotal=22 covered=0
[15:47:34.873] [MAP] domToAst block=57 dom=text# 的完整数值行列式展开验@12 seg=[-src-block#如果你需要，我可以手写 :12,math:5,hit:12] renderedOffset=29 -> "text"
[15:47:34.873] [CTX] SRC L129 C29 [完整数值行列式展|开|验]
[15:47:34.873] [CTX] PV  blk57 C29 [数值行列式展开验|·|]
[15:47:34.873] [EH] beforeinput: L129 C29 (block 57)
[15:47:34.874] [STAMP] mapped 58 blocks from 129 source lines
[15:47:34.879] [MAP] rangeAt offset=28 -> text# 的完整数值行列式展开@11
[15:47:34.879] [MAP] astToDom block=57 path=[2] off=11 atomSide=null rendered=28 -> text# 的完整数值行列式展开@11
[15:47:34.887] [MAP] selHighlight sel=none mathTotal=22 covered=0
[15:47:34.904] [MAP] domToAst block=57 dom=text# 的完整数值行列式展开@11 seg=[-src-block#如果你需要，我可以手写 :12,math:5,hit:11] renderedOffset=28 -> "text"
[15:47:34.904] [CTX] SRC L129 C28 [的完整数值行列式|展|开]
[15:47:34.904] [CTX] PV  blk57 C28 [整数值行列式展开|·|]
[15:47:34.904] [EH] beforeinput: L129 C28 (block 57)
[15:47:34.906] [STAMP] mapped 58 blocks from 129 source lines
[15:47:34.911] [MAP] rangeAt offset=27 -> text# 的完整数值行列式展@10
[15:47:34.911] [MAP] astToDom block=57 path=[2] off=10 atomSide=null rendered=27 -> text# 的完整数值行列式展@10
[15:47:34.920] [MAP] selHighlight sel=none mathTotal=22 covered=0
[15:47:34.934] [MAP] domToAst block=57 dom=text# 的完整数值行列式展@10 seg=[-src-block#如果你需要，我可以手写 :12,math:5,hit:10] renderedOffset=27 -> "text"
[15:47:34.934] [CTX] SRC L129 C27 [ 的完整数值行列|式|展]
[15:47:34.934] [CTX] PV  blk57 C27 [完整数值行列式展|·|]
[15:47:34.934] [EH] beforeinput: L129 C27 (block 57)
[15:47:34.935] [STAMP] mapped 58 blocks from 129 source lines
[15:47:34.941] [MAP] rangeAt offset=26 -> text# 的完整数值行列式@9
[15:47:34.941] [MAP] astToDom block=57 path=[2] off=9 atomSide=null rendered=26 -> text# 的完整数值行列式@9
[15:47:34.945] [MAP] selHighlight sel=none mathTotal=22 covered=0
[15:47:34.964] [MAP] domToAst block=57 dom=text# 的完整数值行列式@9 seg=[-src-block#如果你需要，我可以手写 :12,math:5,hit:9] renderedOffset=26 -> "text"
[15:47:34.964] [CTX] SRC L129 C26 [$ 的完整数值行|列|式]
[15:47:34.964] [CTX] PV  blk57 C26 [的完整数值行列式|·|]
[15:47:34.964] [EH] beforeinput: L129 C26 (block 57)
[15:47:34.965] [STAMP] mapped 58 blocks from 129 source lines
[15:47:34.971] [MAP] rangeAt offset=25 -> text# 的完整数值行列@8
[15:47:34.971] [MAP] astToDom block=57 path=[2] off=8 atomSide=null rendered=25 -> text# 的完整数值行列@8
[15:47:34.978] [MAP] selHighlight sel=none mathTotal=22 covered=0
[15:47:34.995] [MAP] domToAst block=57 dom=text# 的完整数值行列@8 seg=[-src-block#如果你需要，我可以手写 :12,math:5,hit:8] renderedOffset=25 -> "text"
[15:47:34.995] [CTX] SRC L129 C25 [)$ 的完整数值|行|列]
[15:47:34.995] [CTX] PV  blk57 C25 [ 的完整数值行列|·|]
[15:47:34.995] [EH] beforeinput: L129 C25 (block 57)
[15:47:34.996] [STAMP] mapped 58 blocks from 129 source lines
[15:47:35.002] [MAP] rangeAt offset=24 -> text# 的完整数值行@7
[15:47:35.002] [MAP] astToDom block=57 path=[2] off=7 atomSide=null rendered=24 -> text# 的完整数值行@7
[15:47:35.012] [MAP] selHighlight sel=none mathTotal=22 covered=0
[15:47:35.040] [MAP] domToAst block=57 dom=text# 的完整数值行@7 seg=[-src-block#如果你需要，我可以手写 :12,math:5,hit:7] renderedOffset=24 -> "text"
[15:47:35.041] [CTX] SRC L129 C24 [3)$ 的完整数|值|行]
[15:47:35.041] [CTX] PV  blk57 C24 [) 的完整数值行|·|]
[15:47:35.041] [EH] beforeinput: L129 C24 (block 57)
[15:47:35.042] [STAMP] mapped 58 blocks from 129 source lines
[15:47:35.048] [MAP] rangeAt offset=23 -> text# 的完整数值@6
[15:47:35.048] [MAP] astToDom block=57 path=[2] off=6 atomSide=null rendered=23 -> text# 的完整数值@6
[15:47:35.053] [MAP] selHighlight sel=none mathTotal=22 covered=0
[15:47:35.071] [MAP] domToAst block=57 dom=text# 的完整数值@6 seg=[-src-block#如果你需要，我可以手写 :12,math:5,hit:6] renderedOffset=23 -> "text"
[15:47:35.071] [CTX] SRC L129 C23 [=3)$ 的完整|数|值]
[15:47:35.071] [CTX] PV  blk57 C23 [3) 的完整数值|·|]
[15:47:35.071] [EH] beforeinput: L129 C23 (block 57)
[15:47:35.073] [STAMP] mapped 58 blocks from 129 source lines
[15:47:35.078] [MAP] rangeAt offset=22 -> text# 的完整数@5
[15:47:35.078] [MAP] astToDom block=57 path=[2] off=5 atomSide=null rendered=22 -> text# 的完整数@5
[15:47:35.087] [MAP] selHighlight sel=none mathTotal=22 covered=0
[15:47:35.106] [MAP] domToAst block=57 dom=text# 的完整数@5 seg=[-src-block#如果你需要，我可以手写 :12,math:5,hit:5] renderedOffset=22 -> "text"
[15:47:35.106] [CTX] SRC L129 C22 [n=3)$ 的完|整|数]
[15:47:35.106] [CTX] PV  blk57 C22 [=3) 的完整数|·|]
[15:47:35.106] [EH] beforeinput: L129 C22 (block 57)
[15:47:35.108] [STAMP] mapped 58 blocks from 129 source lines
[15:47:35.116] [MAP] rangeAt offset=21 -> text# 的完整@4
[15:47:35.116] [MAP] astToDom block=57 path=[2] off=4 atomSide=null rendered=21 -> text# 的完整@4
[15:47:35.121] [MAP] selHighlight sel=none mathTotal=22 covered=0
[15:47:35.132] [MAP] domToAst block=57 dom=text# 的完整@4 seg=[-src-block#如果你需要，我可以手写 :12,math:5,hit:4] renderedOffset=21 -> "text"
[15:47:35.132] [CTX] SRC L129 C21 [(n=3)$ 的|完|整]
[15:47:35.132] [CTX] PV  blk57 C21 [n=3) 的完整|·|]
[15:47:35.132] [EH] beforeinput: L129 C21 (block 57)
[15:47:35.133] [STAMP] mapped 58 blocks from 129 source lines
[15:47:35.139] [MAP] rangeAt offset=20 -> text# 的完@3
[15:47:35.139] [MAP] astToDom block=57 path=[2] off=3 atomSide=null rendered=20 -> text# 的完@3
[15:47:35.145] [MAP] selHighlight sel=none mathTotal=22 covered=0
[15:47:35.163] [MAP] domToAst block=57 dom=text# 的完@3 seg=[-src-block#如果你需要，我可以手写 :12,math:5,hit:3] renderedOffset=20 -> "text"
[15:47:35.163] [CTX] SRC L129 C20 [$(n=3)$ |的|完]
[15:47:35.163] [CTX] PV  blk57 C20 [(n=3) 的完|·|]
[15:47:35.163] [EH] beforeinput: L129 C20 (block 57)
[15:47:35.164] [STAMP] mapped 58 blocks from 129 source lines
[15:47:35.169] [MAP] rangeAt offset=19 -> text# 的@2
[15:47:35.169] [MAP] astToDom block=57 path=[2] off=2 atomSide=null rendered=19 -> text# 的@2
[15:47:35.178] [MAP] selHighlight sel=none mathTotal=22 covered=0
[15:47:35.194] [MAP] domToAst block=57 dom=text# 的@2 seg=[-src-block#如果你需要，我可以手写 :12,math:5,hit:2] renderedOffset=19 -> "text"
[15:47:35.194] [CTX] SRC L129 C19 [ $(n=3)$| |的]
[15:47:35.194] [CTX] PV  blk57 C19 [ (n=3) 的|·|]
[15:47:35.194] [EH] beforeinput: L129 C19 (block 57)
[15:47:35.195] [STAMP] mapped 58 blocks from 129 source lines
[15:47:35.200] [MAP] rangeAt offset=18 -> text# @1
[15:47:35.200] [MAP] astToDom block=57 path=[2] off=1 atomSide=null rendered=18 -> text# @1
[15:47:35.204] [MAP] selHighlight sel=none mathTotal=22 covered=0
[15:47:35.225] [MAP] domToAst block=57 dom=text# @1 seg=[-src-block#如果你需要，我可以手写 :12,math:5,hit:1] renderedOffset=18 -> "text"
[15:47:35.226] [CTX] SRC L129 C18 [写 $(n=3)|$| ]
[15:47:35.226] [CTX] PV  blk57 C18 [写 (n=3) |·|]
[15:47:35.226] [EH] beforeinput: L129 C18 (block 57)
[15:47:35.227] [STAMP] mapped 58 blocks from 129 source lines
[15:47:35.232] [MAP] rangeAt offset=12 -> text#如果你需要，我可以手写 @12
[15:47:35.232] [MAP] astToDom block=57 path=[1] off=0 atomSide=before rendered=12 -> text#如果你需要，我可以手写 @12
[15:47:35.237] [MAP] selHighlight sel=none mathTotal=22 covered=0
[15:47:35.271] [MAP] domToAst block=57 dom=text#如果你需要，我可以手写 @12 seg=[hit:12] renderedOffset=12 -> "text"
[15:47:35.271] [CTX] SRC L129 C12 [要，我可以手写 |$|(n=3)$]
[15:47:35.271] [CTX] PV  blk57 C12 [要，我可以手写 |(|n=3)]
[15:47:35.271] [EH] beforeinput: L129 C12 (block 57)
[15:47:35.272] [STAMP] mapped 58 blocks from 129 source lines
[15:47:35.278] [MAP] rangeAt offset=11 -> text#如果你需要，我可以手写@11
[15:47:35.278] [MAP] astToDom block=57 path=[0] off=11 atomSide=null rendered=11 -> text#如果你需要，我可以手写@11
[15:47:35.287] [MAP] selHighlight sel=none mathTotal=22 covered=0
[15:47:35.302] [MAP] domToAst block=57 dom=text#如果你需要，我可以手写@11 seg=[hit:11] renderedOffset=11 -> "text"
[15:47:35.302] [CTX] SRC L129 C11 [需要，我可以手写|$|(n=3)$]
[15:47:35.302] [CTX] PV  blk57 C11 [需要，我可以手写|(|n=3)]
[15:47:35.302] [EH] beforeinput: L129 C11 (block 57)
[15:47:35.303] [STAMP] mapped 58 blocks from 129 source lines
[15:47:35.309] [MAP] rangeAt offset=10 -> text#如果你需要，我可以手@10
[15:47:35.309] [MAP] astToDom block=57 path=[0] off=10 atomSide=null rendered=10 -> text#如果你需要，我可以手@10
[15:47:35.320] [MAP] selHighlight sel=none mathTotal=22 covered=0
[15:47:35.333] [MAP] domToAst block=57 dom=text#如果你需要，我可以手@10 seg=[hit:10] renderedOffset=10 -> "text"
[15:47:35.333] [CTX] SRC L129 C10 [你需要，我可以手|$|(n=3)$]
[15:47:35.333] [CTX] PV  blk57 C10 [你需要，我可以手|(|n=3)]
[15:47:35.333] [EH] beforeinput: L129 C10 (block 57)
[15:47:35.334] [STAMP] mapped 58 blocks from 129 source lines
[15:47:35.339] [MAP] rangeAt offset=9 -> text#如果你需要，我可以@9
[15:47:35.339] [MAP] astToDom block=57 path=[0] off=9 atomSide=null rendered=9 -> text#如果你需要，我可以@9
[15:47:35.345] [MAP] selHighlight sel=none mathTotal=22 covered=0
[15:47:35.364] [MAP] domToAst block=57 dom=text#如果你需要，我可以@9 seg=[hit:9] renderedOffset=9 -> "text"
[15:47:35.364] [CTX] SRC L129 C9 [果你需要，我可以|$|(n=3)$]
[15:47:35.364] [CTX] PV  blk57 C9 [果你需要，我可以|(|n=3)]
[15:47:35.364] [EH] beforeinput: L129 C9 (block 57)
[15:47:35.365] [STAMP] mapped 58 blocks from 129 source lines
[15:47:35.370] [MAP] rangeAt offset=8 -> text#如果你需要，我可@8
[15:47:35.370] [MAP] astToDom block=57 path=[0] off=8 atomSide=null rendered=8 -> text#如果你需要，我可@8
[15:47:35.378] [MAP] selHighlight sel=none mathTotal=22 covered=0
[15:47:35.395] [MAP] domToAst block=57 dom=text#如果你需要，我可@8 seg=[hit:8] renderedOffset=8 -> "text"
[15:47:35.396] [CTX] SRC L129 C8 [如果你需要，我可|$|(n=3)$]
[15:47:35.396] [CTX] PV  blk57 C8 [如果你需要，我可|(|n=3)]
[15:47:35.396] [EH] beforeinput: L129 C8 (block 57)
[15:47:35.397] [STAMP] mapped 58 blocks from 129 source lines
[15:47:35.402] [MAP] rangeAt offset=7 -> text#如果你需要，我@7
[15:47:35.402] [MAP] astToDom block=57 path=[0] off=7 atomSide=null rendered=7 -> text#如果你需要，我@7
[15:47:35.412] [MAP] selHighlight sel=none mathTotal=22 covered=0
[15:47:35.427] [MAP] domToAst block=57 dom=text#如果你需要，我@7 seg=[hit:7] renderedOffset=7 -> "text"
[15:47:35.427] [CTX] SRC L129 C7 [如果你需要，我|$|(n=3)$]
[15:47:35.427] [CTX] PV  blk57 C7 [如果你需要，我|(|n=3)]
[15:47:35.427] [EH] beforeinput: L129 C7 (block 57)
[15:47:35.428] [STAMP] mapped 58 blocks from 129 source lines
[15:47:35.434] [MAP] rangeAt offset=6 -> text#如果你需要，@6
[15:47:35.434] [MAP] astToDom block=57 path=[0] off=6 atomSide=null rendered=6 -> text#如果你需要，@6
[15:47:35.445] [MAP] selHighlight sel=none mathTotal=22 covered=0
[15:47:35.457] [MAP] domToAst block=57 dom=text#如果你需要，@6 seg=[hit:6] renderedOffset=6 -> "text"
[15:47:35.458] [CTX] SRC L129 C6 [如果你需要，|$|(n=3)$]
[15:47:35.458] [CTX] PV  blk57 C6 [如果你需要，|(|n=3)]
[15:47:35.458] [EH] beforeinput: L129 C6 (block 57)
[15:47:35.459] [STAMP] mapped 58 blocks from 129 source lines
[15:47:35.464] [MAP] rangeAt offset=5 -> text#如果你需要@5
[15:47:35.464] [MAP] astToDom block=57 path=[0] off=5 atomSide=null rendered=5 -> text#如果你需要@5
[15:47:35.470] [MAP] selHighlight sel=none mathTotal=22 covered=0
[15:47:35.490] [MAP] domToAst block=57 dom=text#如果你需要@5 seg=[hit:5] renderedOffset=5 -> "text"
[15:47:35.490] [CTX] SRC L129 C5 [如果你需要|$|(n=3)$]
[15:47:35.490] [CTX] PV  blk57 C5 [如果你需要|(|n=3)]
[15:47:35.490] [EH] beforeinput: L129 C5 (block 57)
[15:47:35.492] [STAMP] mapped 58 blocks from 129 source lines
[15:47:35.498] [MAP] rangeAt offset=4 -> text#如果你需@4
[15:47:35.498] [MAP] astToDom block=57 path=[0] off=4 atomSide=null rendered=4 -> text#如果你需@4
[15:47:35.503] [MAP] selHighlight sel=none mathTotal=22 covered=0
[15:47:35.536] [MAP] domToAst block=57 dom=text#如果你需@4 seg=[hit:4] renderedOffset=4 -> "text"
[15:47:35.536] [CTX] SRC L129 C4 [如果你需|$|(n=3)$]
[15:47:35.536] [CTX] PV  blk57 C4 [如果你需|(|n=3)]
[15:47:35.536] [EH] beforeinput: L129 C4 (block 57)
[15:47:35.537] [STAMP] mapped 58 blocks from 129 source lines
[15:47:35.542] [MAP] rangeAt offset=3 -> text#如果你@3
[15:47:35.542] [MAP] astToDom block=57 path=[0] off=3 atomSide=null rendered=3 -> text#如果你@3
[15:47:35.545] [MAP] selHighlight sel=none mathTotal=22 covered=0
[15:47:35.567] [MAP] domToAst block=57 dom=text#如果你@3 seg=[hit:3] renderedOffset=3 -> "text"
[15:47:35.567] [CTX] SRC L129 C3 [如果你|$|(n=3)$]
[15:47:35.567] [CTX] PV  blk57 C3 [如果你|(|n=3)]
[15:47:35.567] [EH] beforeinput: L129 C3 (block 57)
[15:47:35.568] [STAMP] mapped 58 blocks from 129 source lines
[15:47:35.573] [MAP] rangeAt offset=2 -> text#如果@2
[15:47:35.573] [MAP] astToDom block=57 path=[0] off=2 atomSide=null rendered=2 -> text#如果@2
[15:47:35.578] [MAP] selHighlight sel=none mathTotal=22 covered=0
[15:47:35.597] [MAP] domToAst block=57 dom=text#如果@2 seg=[hit:2] renderedOffset=2 -> "text"
[15:47:35.597] [CTX] SRC L129 C2 [如果|$|(n=3)$]
[15:47:35.597] [CTX] PV  blk57 C2 [如果|(|n=3)]
[15:47:35.597] [EH] beforeinput: L129 C2 (block 57)
[15:47:35.598] [STAMP] mapped 58 blocks from 129 source lines
[15:47:35.603] [MAP] rangeAt offset=1 -> text#如@1
[15:47:35.603] [MAP] astToDom block=57 path=[0] off=1 atomSide=null rendered=1 -> text#如@1
[15:47:35.612] [MAP] selHighlight sel=none mathTotal=22 covered=0
[15:47:35.628] [MAP] domToAst block=57 dom=text#如@1 seg=[hit:1] renderedOffset=1 -> "text"
[15:47:35.628] [CTX] SRC L129 C1 [如|$|(n=3)$]
[15:47:35.628] [CTX] PV  blk57 C1 [如|(|n=3)]
[15:47:35.628] [EH] beforeinput: L129 C1 (block 57)
[15:47:35.629] [STAMP] mapped 58 blocks from 129 source lines
[15:47:35.635] [MAP] rangeAt offset=0 atomSide=before -> before span.-math@0
[15:47:35.635] [MAP] astToDom block=57 path=[0] off=0 atomSide=before rendered=0 -> p.-src-block@0
[15:47:35.645] [MAP] selHighlight sel=none mathTotal=22 covered=0
[15:47:35.659] [MAP] domToAst block=57 dom=p.-src-block@0 seg=[] renderedOffset=0 -> "math_inline"
[15:47:35.660] [CTX] SRC L129 C1 [$|(|n=3)$]
[15:47:35.660] [CTX] PV  blk57 C5 [(n=3)|·|]
[15:47:35.660] [EH] beforeinput: L129 C1 (block 57)
[15:47:35.691] [MAP] domToAst block=57 dom=p.-src-block@0 seg=[] renderedOffset=0 -> "math_inline"
[15:47:35.691] [CTX] SRC L129 C1 [$|(|n=3)$]
[15:47:35.691] [CTX] PV  blk57 C5 [(n=3)|·|]
[15:47:35.691] [EH] beforeinput: L129 C1 (block 57)
[15:47:35.723] [MAP] domToAst block=57 dom=p.-src-block@0 seg=[] renderedOffset=0 -> "math_inline"
[15:47:35.723] [CTX] SRC L129 C1 [$|(|n=3)$]
[15:47:35.723] [CTX] PV  blk57 C5 [(n=3)|·|]
[15:47:35.723] [EH] beforeinput: L129 C1 (block 57)
[15:47:35.753] [MAP] domToAst block=57 dom=p.-src-block@0 seg=[] renderedOffset=0 -> "math_inline"
[15:47:35.753] [CTX] SRC L129 C1 [$|(|n=3)$]
[15:47:35.753] [CTX] PV  blk57 C5 [(n=3)|·|]
[15:47:35.753] [EH] beforeinput: L129 C1 (block 57)
[15:47:35.801] [MAP] domToAst block=57 dom=p.-src-block@0 seg=[] renderedOffset=0 -> "math_inline"
[15:47:35.801] [CTX] SRC L129 C1 [$|(|n=3)$]
[15:47:35.801] [CTX] PV  blk57 C5 [(n=3)|·|]
[15:47:35.801] [EH] beforeinput: L129 C1 (block 57)
[15:47:35.830] [MAP] domToAst block=57 dom=p.-src-block@0 seg=[] renderedOffset=0 -> "math_inline"
[15:47:35.830] [CTX] SRC L129 C1 [$|(|n=3)$]
[15:47:35.830] [CTX] PV  blk57 C5 [(n=3)|·|]
[15:47:35.830] [EH] beforeinput: L129 C1 (block 57)
[15:47:35.862] [MAP] domToAst block=57 dom=p.-src-block@0 seg=[] renderedOffset=0 -> "math_inline"
[15:47:35.863] [CTX] SRC L129 C1 [$|(|n=3)$]
[15:47:35.863] [CTX] PV  blk57 C5 [(n=3)|·|]
[15:47:35.863] [EH] beforeinput: L129 C1 (block 57)
[15:47:35.894] [MAP] domToAst block=57 dom=p.-src-block@0 seg=[] renderedOffset=0 -> "math_inline"
[15:47:35.895] [CTX] SRC L129 C1 [$|(|n=3)$]
[15:47:35.895] [CTX] PV  blk57 C5 [(n=3)|·|]
[15:47:35.895] [EH] beforeinput: L129 C1 (block 57)
[15:47:35.926] [MAP] domToAst block=57 dom=p.-src-block@0 seg=[] renderedOffset=0 -> "math_inline"
[15:47:35.926] [CTX] SRC L129 C1 [$|(|n=3)$]
[15:47:35.926] [CTX] PV  blk57 C5 [(n=3)|·|]
[15:47:35.926] [EH] beforeinput: L129 C1 (block 57)
[15:47:35.957] [MAP] domToAst block=57 dom=p.-src-block@0 seg=[] renderedOffset=0 -> "math_inline"
[15:47:35.957] [CTX] SRC L129 C1 [$|(|n=3)$]
[15:47:35.957] [CTX] PV  blk57 C5 [(n=3)|·|]
[15:47:35.957] [EH] beforeinput: L129 C1 (block 57)
[15:47:35.989] [MAP] domToAst block=57 dom=p.-src-block@0 seg=[] renderedOffset=0 -> "math_inline"
[15:47:35.989] [CTX] SRC L129 C1 [$|(|n=3)$]
[15:47:35.989] [CTX] PV  blk57 C5 [(n=3)|·|]
[15:47:35.989] [EH] beforeinput: L129 C1 (block 57)
[15:47:36.021] [MAP] domToAst block=57 dom=p.-src-block@0 seg=[] renderedOffset=0 -> "math_inline"
[15:47:36.021] [CTX] SRC L129 C1 [$|(|n=3)$]
[15:47:36.021] [CTX] PV  blk57 C5 [(n=3)|·|]
[15:47:36.021] [EH] beforeinput: L129 C1 (block 57)
[15:47:36.052] [MAP] domToAst block=57 dom=p.-src-block@0 seg=[] renderedOffset=0 -> "math_inline"
[15:47:36.052] [CTX] SRC L129 C1 [$|(|n=3)$]
[15:47:36.052] [CTX] PV  blk57 C5 [(n=3)|·|]
[15:47:36.052] [EH] beforeinput: L129 C1 (block 57)
[15:47:36.099] [MAP] domToAst block=57 dom=p.-src-block@0 seg=[] renderedOffset=0 -> "math_inline"
[15:47:36.099] [CTX] SRC L129 C1 [$|(|n=3)$]
[15:47:36.099] [CTX] PV  blk57 C5 [(n=3)|·|]
[15:47:36.099] [EH] beforeinput: L129 C1 (block 57)
[15:47:36.130] [MAP] domToAst block=57 dom=p.-src-block@0 seg=[] renderedOffset=0 -> "math_inline"
[15:47:36.130] [CTX] SRC L129 C1 [$|(|n=3)$]
[15:47:36.130] [CTX] PV  blk57 C5 [(n=3)|·|]
[15:47:36.130] [EH] beforeinput: L129 C1 (block 57)
[15:47:36.161] [MAP] domToAst block=57 dom=p.-src-block@0 seg=[] renderedOffset=0 -> "math_inline"
[15:47:36.161] [CTX] SRC L129 C1 [$|(|n=3)$]
[15:47:36.161] [CTX] PV  blk57 C5 [(n=3)|·|]
[15:47:36.161] [EH] beforeinput: L129 C1 (block 57)
[15:47:36.192] [MAP] domToAst block=57 dom=p.-src-block@0 seg=[] renderedOffset=0 -> "math_inline"
[15:47:36.192] [CTX] SRC L129 C1 [$|(|n=3)$]
[15:47:36.192] [CTX] PV  blk57 C5 [(n=3)|·|]
[15:47:36.192] [EH] beforeinput: L129 C1 (block 57)
[15:47:36.223] [MAP] domToAst block=57 dom=p.-src-block@0 seg=[] renderedOffset=0 -> "math_inline"
[15:47:36.223] [CTX] SRC L129 C1 [$|(|n=3)$]
[15:47:36.223] [CTX] PV  blk57 C5 [(n=3)|·|]
[15:47:36.223] [EH] beforeinput: L129 C1 (block 57)
[15:47:36.254] [MAP] domToAst block=57 dom=p.-src-block@0 seg=[] renderedOffset=0 -> "math_inline"
[15:47:36.254] [CTX] SRC L129 C1 [$|(|n=3)$]
[15:47:36.254] [CTX] PV  blk57 C5 [(n=3)|·|]
[15:47:36.254] [EH] beforeinput: L129 C1 (block 57)
[15:47:36.285] [MAP] domToAst block=57 dom=p.-src-block@0 seg=[] renderedOffset=0 -> "math_inline"
[15:47:36.285] [CTX] SRC L129 C1 [$|(|n=3)$]
[15:47:36.285] [CTX] PV  blk57 C5 [(n=3)|·|]
[15:47:36.285] [EH] beforeinput: L129 C1 (block 57)
[15:47:36.315] [MAP] domToAst block=57 dom=p.-src-block@0 seg=[] renderedOffset=0 -> "math_inline"
[15:47:36.315] [CTX] SRC L129 C1 [$|(|n=3)$]
[15:47:36.315] [CTX] PV  blk57 C5 [(n=3)|·|]
[15:47:36.315] [EH] beforeinput: L129 C1 (block 57)
[15:47:36.361] [MAP] domToAst block=57 dom=p.-src-block@0 seg=[] renderedOffset=0 -> "math_inline"
[15:47:36.361] [CTX] SRC L129 C1 [$|(|n=3)$]
[15:47:36.361] [CTX] PV  blk57 C5 [(n=3)|·|]
[15:47:36.361] [EH] beforeinput: L129 C1 (block 57)
[15:47:36.393] [MAP] domToAst block=57 dom=p.-src-block@0 seg=[] renderedOffset=0 -> "math_inline"
[15:47:36.393] [CTX] SRC L129 C1 [$|(|n=3)$]
[15:47:36.393] [CTX] PV  blk57 C5 [(n=3)|·|]
[15:47:36.393] [EH] beforeinput: L129 C1 (block 57)
[15:47:36.424] [MAP] domToAst block=57 dom=p.-src-block@0 seg=[] renderedOffset=0 -> "math_inline"
[15:47:36.424] [CTX] SRC L129 C1 [$|(|n=3)$]
[15:47:36.424] [CTX] PV  blk57 C5 [(n=3)|·|]
[15:47:36.424] [EH] beforeinput: L129 C1 (block 57)
[15:47:36.456] [MAP] domToAst block=57 dom=p.-src-block@0 seg=[] renderedOffset=0 -> "math_inline"
[15:47:36.456] [CTX] SRC L129 C1 [$|(|n=3)$]
[15:47:36.456] [CTX] PV  blk57 C5 [(n=3)|·|]
[15:47:36.456] [EH] beforeinput: L129 C1 (block 57)
[15:47:36.488] [MAP] domToAst block=57 dom=p.-src-block@0 seg=[] renderedOffset=0 -> "math_inline"
[15:47:36.488] [CTX] SRC L129 C1 [$|(|n=3)$]
[15:47:36.488] [CTX] PV  blk57 C5 [(n=3)|·|]
[15:47:36.488] [EH] beforeinput: L129 C1 (block 57)
[15:47:36.519] [MAP] domToAst block=57 dom=p.-src-block@0 seg=[] renderedOffset=0 -> "math_inline"
[15:47:36.519] [CTX] SRC L129 C1 [$|(|n=3)$]
[15:47:36.519] [CTX] PV  blk57 C5 [(n=3)|·|]
[15:47:36.519] [EH] beforeinput: L129 C1 (block 57)
[15:47:36.549] [MAP] domToAst block=57 dom=p.-src-block@0 seg=[] renderedOffset=0 -> "math_inline"
[15:47:36.549] [CTX] SRC L129 C1 [$|(|n=3)$]
[15:47:36.549] [CTX] PV  blk57 C5 [(n=3)|·|]
[15:47:36.549] [EH] beforeinput: L129 C1 (block 57)
[15:47:36.581] [MAP] domToAst block=57 dom=p.-src-block@0 seg=[] renderedOffset=0 -> "math_inline"
[15:47:36.581] [CTX] SRC L129 C1 [$|(|n=3)$]
[15:47:36.581] [CTX] PV  blk57 C5 [(n=3)|·|]
[15:47:36.581] [EH] beforeinput: L129 C1 (block 57)
[15:47:36.625] [MAP] domToAst block=57 dom=p.-src-block@0 seg=[] renderedOffset=0 -> "math_inline"
[15:47:36.625] [CTX] SRC L129 C1 [$|(|n=3)$]
[15:47:36.625] [CTX] PV  blk57 C5 [(n=3)|·|]
[15:47:36.625] [EH] beforeinput: L129 C1 (block 57)
[15:47:36.656] [MAP] domToAst block=57 dom=p.-src-block@0 seg=[] renderedOffset=0 -> "math_inline"
[15:47:36.656] [CTX] SRC L129 C1 [$|(|n=3)$]
[15:47:36.656] [CTX] PV  blk57 C5 [(n=3)|·|]
[15:47:36.656] [EH] beforeinput: L129 C1 (block 57)
[15:47:36.688] [MAP] domToAst block=57 dom=p.-src-block@0 seg=[] renderedOffset=0 -> "math_inline"
[15:47:36.688] [CTX] SRC L129 C1 [$|(|n=3)$]
[15:47:36.688] [CTX] PV  blk57 C5 [(n=3)|·|]
[15:47:36.688] [EH] beforeinput: L129 C1 (block 57)
[15:47:36.720] [MAP] domToAst block=57 dom=p.-src-block@0 seg=[] renderedOffset=0 -> "math_inline"
[15:47:36.720] [CTX] SRC L129 C1 [$|(|n=3)$]
[15:47:36.720] [CTX] PV  blk57 C5 [(n=3)|·|]
[15:47:36.720] [EH] beforeinput: L129 C1 (block 57)
[15:47:36.749] [MAP] domToAst block=57 dom=p.-src-block@0 seg=[] renderedOffset=0 -> "math_inline"
[15:47:36.749] [CTX] SRC L129 C1 [$|(|n=3)$]
[15:47:36.749] [CTX] PV  blk57 C5 [(n=3)|·|]
[15:47:36.749] [EH] beforeinput: L129 C1 (block 57)
[15:47:36.780] [MAP] domToAst block=57 dom=p.-src-block@0 seg=[] renderedOffset=0 -> "math_inline"
[15:47:36.780] [CTX] SRC L129 C1 [$|(|n=3)$]
[15:47:36.780] [CTX] PV  blk57 C5 [(n=3)|·|]
[15:47:36.780] [EH] beforeinput: L129 C1 (block 57)
[15:47:36.811] [MAP] domToAst block=57 dom=p.-src-block@0 seg=[] renderedOffset=0 -> "math_inline"
[15:47:36.811] [CTX] SRC L129 C1 [$|(|n=3)$]
[15:47:36.811] [CTX] PV  blk57 C5 [(n=3)|·|]
[15:47:36.811] [EH] beforeinput: L129 C1 (block 57)
[15:47:39.337] [MAP] selHighlight sel=none mathTotal=22 covered=0
[15:47:39.412] [MAP] selHighlight sel=none mathTotal=22 covered=0
[15:47:39.420] [MAP] selHighlight sel=none mathTotal=22 covered=0
[15:47:39.429] [MAP] selHighlight sel=none mathTotal=22 covered=0
[15:47:39.437] [MAP] selHighlight sel=none mathTotal=22 covered=0
[15:47:39.462] [MAP] selHighlight sel=none mathTotal=22 covered=0
[15:47:39.470] [MAP] selHighlight sel=none mathTotal=22 covered=0
[15:47:39.487] [MAP] selHighlight sel=none mathTotal=22 covered=0
[15:47:39.495] [MAP] selHighlight sel=none mathTotal=22 covered=0
[15:47:39.512] [MAP] selHighlight sel=none mathTotal=22 covered=0
[15:47:39.520] [MAP] selHighlight sel=none mathTotal=22 covered=0
[15:47:39.528] [MAP] selHighlight sel=none mathTotal=22 covered=0
[15:47:39.553] [MAP] selHighlight sel=none mathTotal=22 covered=0
[15:47:39.570] [MAP] selHighlight sel=none mathTotal=22 covered=0
[15:47:39.603] [MAP] selHighlight sel=none mathTotal=22 covered=0
[15:47:39.628] [MAP] selHighlight sel=none mathTotal=22 covered=0
[15:47:39.670] [MAP] selHighlight sel=none mathTotal=22 covered=0
[15:47:39.853] [MAP] selHighlight sel=none mathTotal=22 covered=0
[15:47:40.028] [MAP] selHighlight sel=none mathTotal=22 covered=0
[15:47:41.095] [MAP] selHighlight sel=none mathTotal=22 covered=0
[15:47:41.253] [MAP] selHighlight sel=none mathTotal=22 covered=0
[15:47:41.470] [MAP] selHighlight sel=none mathTotal=22 covered=0
[15:47:41.678] [MAP] selHighlight sel=none mathTotal=22 covered=0
[15:47:42.054] [MAP] selHighlight sel=none mathTotal=22 covered=0
[15:47:48.554] [MAP] selHighlight sel=none mathTotal=22 covered=0
[15:47:49.666] [render] currentFileDir=Mathemetical_Modeling/  currentPath=Mathemetical_Modeling/Vandermonde.md
[15:47:49.668] [STAMP] mapped 47 blocks from 116 source lines
[15:47:49.668] [F1] rendered 47 blocks in 0.6ms
[15:47:52.070] [MAP] selHighlight sel=none mathTotal=15 covered=0
[15:47:52.186] [STYLE] _extract range=sel
[15:47:52.187] [MAP] domToAst block=0 dom=text#范德蒙德行列式证明@2 seg=[hit:2] renderedOffset=2 -> "text"
[15:47:52.187] [STYLE] _extract start=bi=0 path=[0] off=2 | L1:4 [# 范德|蒙|德行列式证明]  end=bi=1 path=[] off=0 | L2:0 [|·|]
[15:47:52.187] [STYLE] _extract FAIL: invalid/cross-block start=0 end=1
[15:47:52.187] [MAP] selHighlight sel=[text#范德蒙德行列式证明@2 -> DIV.-src-block -blank-block@0] mathTotal=15 covered=0
[15:47:52.195] [STYLE] _extract range=sel
[15:47:52.195] [MAP] domToAst block=0 dom=text#范德蒙德行列式证明@2 seg=[hit:2] renderedOffset=2 -> "text"
[15:47:52.195] [STYLE] _extract start=bi=0 path=[0] off=2 | L1:4 [# 范德|蒙|德行列式证明]  end=bi=1 path=[] off=0 | L2:0 [|·|]
[15:47:52.195] [STYLE] _extract FAIL: invalid/cross-block start=0 end=1
[15:47:52.195] [MAP] selHighlight sel=[text#范德蒙德行列式证明@2 -> DIV.-src-block -blank-block@0] mathTotal=15 covered=0
[15:47:52.211] [STYLE] _extract range=sel
[15:47:52.211] [MAP] domToAst block=0 dom=text#范德蒙德行列式证明@2 seg=[hit:2] renderedOffset=2 -> "text"
[15:47:52.212] [STYLE] _extract start=bi=0 path=[0] off=2 | L1:4 [# 范德|蒙|德行列式证明]  end=bi=3 path=[] off=0 | L14:0 [|·|]
[15:47:52.212] [STYLE] _extract FAIL: invalid/cross-block start=0 end=3
[15:47:52.212] [MAP] selHighlight sel=[text#范德蒙德行列式证明@2 -> DIV.-src-block -blank-block@0] mathTotal=15 covered=0
[15:47:52.261] [STYLE] _extract range=sel
[15:47:52.261] [MAP] domToAst block=0 dom=text#范德蒙德行列式证明@2 seg=[hit:2] renderedOffset=2 -> "text"
[15:47:52.261] [STYLE] _extract start=bi=0 path=[0] off=2 | L1:4 [# 范德|蒙|德行列式证明]  end=bi=5 path=[] off=0 | L16:0 [|·|]
[15:47:52.261] [STYLE] _extract FAIL: invalid/cross-block start=0 end=5
[15:47:52.262] [MAP] selHighlight sel=[text#范德蒙德行列式证明@2 -> DIV.-src-block -blank-block@0] mathTotal=15 covered=0
[15:47:52.278] [STYLE] _extract range=sel
[15:47:52.278] [MAP] domToAst block=0 dom=text#范德蒙德行列式证明@2 seg=[hit:2] renderedOffset=2 -> "text"
[15:47:52.278] [STYLE] _extract start=bi=0 path=[0] off=2 | L1:4 [# 范德|蒙|德行列式证明]  end=bi=7 path=[] off=0 | L18:0 [|·|]
[15:47:52.278] [STYLE] _extract FAIL: invalid/cross-block start=0 end=7
[15:47:52.278] [MAP] selHighlight sel=[text#范德蒙德行列式证明@2 -> DIV.-src-block -blank-block@0] mathTotal=15 covered=0
[15:47:52.345] [STYLE] _extract range=sel
[15:47:52.345] [MAP] domToAst block=0 dom=text#范德蒙德行列式证明@2 seg=[hit:2] renderedOffset=2 -> "text"
[15:47:52.345] [MAP] domToAst block=13 dom=text#归纳步骤@4 seg=[hit:4] renderedOffset=4 -> "text"
[15:47:52.345] [STYLE] _extract start=bi=0 path=[0] off=2 | L1:4 [# 范德|蒙|德行列式证明]  end=bi=13 path=[0] off=4 | L31:7 [## 归纳步骤|·|]
[15:47:52.345] [STYLE] _extract FAIL: invalid/cross-block start=0 end=13
[15:47:52.345] [MAP] selHighlight sel=[text#范德蒙德行列式证明@2 -> text#归纳步骤@4] mathTotal=15 covered=0
[15:47:52.362] [STYLE] _extract range=sel
[15:47:52.362] [MAP] domToAst block=0 dom=text#范德蒙德行列式证明@2 seg=[hit:2] renderedOffset=2 -> "text"
[15:47:52.362] [STYLE] _extract start=bi=0 path=[0] off=2 | L1:4 [# 范德|蒙|德行列式证明]  end=bi=14 path=[] off=0 | L32:0 [|·|]
[15:47:52.362] [STYLE] _extract FAIL: invalid/cross-block start=0 end=14
[15:47:52.362] [MAP] selHighlight sel=[text#范德蒙德行列式证明@2 -> DIV.-src-block -blank-block@0] mathTotal=15 covered=0
[15:47:52.378] [STYLE] _extract range=sel
[15:47:52.379] [MAP] domToAst block=0 dom=text#范德蒙德行列式证明@2 seg=[hit:2] renderedOffset=2 -> "text"
[15:47:52.379] [STYLE] _extract start=bi=0 path=[0] off=2 | L1:4 [# 范德|蒙|德行列式证明]  end=bi=17 path=[] off=0 | L37:0 [|·|]
[15:47:52.379] [STYLE] _extract FAIL: invalid/cross-block start=0 end=17
[15:47:52.379] [MAP] selHighlight sel=[text#范德蒙德行列式证明@2 -> DIV.-src-block -blank-block@0] mathTotal=15 covered=0
[15:47:52.396] [STYLE] _extract range=sel
[15:47:52.396] [MAP] domToAst block=0 dom=text#范德蒙德行列式证明@2 seg=[hit:2] renderedOffset=2 -> "text"
[15:47:52.396] [MAP] domToAst block=21 dom=text# 行乘以 @3 seg=[-src-block#行列式行变换：第 :9,math:1,-src-block# 行减去第 :6,math:1,hit:3] renderedOffset=20 -> "text"
[15:47:52.396] [STYLE] _extract start=bi=0 path=[0] off=2 | L1:4 [# 范德|蒙|德行列式证明]  end=bi=21 path=[0,4] off=3 | L49:22 [ 行减去第 $0|$| 行乘以 $1$]
[15:47:52.396] [STYLE] _extract FAIL: invalid/cross-block start=0 end=21
[15:47:52.396] [MAP] selHighlight sel=[text#范德蒙德行列式证明@2 -> text# 行乘以 @3] mathTotal=15 covered=0
[15:47:52.403] [STYLE] _extract range=sel
[15:47:52.404] [MAP] domToAst block=0 dom=text#范德蒙德行列式证明@2 seg=[hit:2] renderedOffset=2 -> "text"
[15:47:52.404] [STYLE] _extract start=bi=0 path=[0] off=2 | L1:4 [# 范德|蒙|德行列式证明]  end=bi=22 path=[] off=0 | L50:0 [|·|]
[15:47:52.404] [STYLE] _extract FAIL: invalid/cross-block start=0 end=22
[15:47:52.404] [MAP] selHighlight sel=[text#范德蒙德行列式证明@2 -> DIV.-src-block -blank-block@0] mathTotal=15 covered=0
[15:47:52.412] [STYLE] _extract range=sel
[15:47:52.412] [MAP] domToAst block=0 dom=text#范德蒙德行列式证明@2 seg=[hit:2] renderedOffset=2 -> "text"
[15:47:52.412] [STYLE] _extract start=bi=0 path=[0] off=2 | L1:4 [# 范德|蒙|德行列式证明]  end=bi=24 path=[] off=0 | L53:0 [|·|]
[15:47:52.412] [STYLE] _extract FAIL: invalid/cross-block start=0 end=24
[15:47:52.412] [MAP] selHighlight sel=[text#范德蒙德行列式证明@2 -> DIV.-src-block -blank-block@0] mathTotal=15 covered=0
[15:47:52.422] [STYLE] _extract range=sel
[15:47:52.422] [MAP] domToAst block=0 dom=text#范德蒙德行列式证明@2 seg=[hit:2] renderedOffset=2 -> "text"
[15:47:52.422] [STYLE] _extract start=bi=0 path=[0] off=2 | L1:4 [# 范德|蒙|德行列式证明]  end=bi=26 path=[] off=0 | L64:0 [|·|]
[15:47:52.422] [STYLE] _extract FAIL: invalid/cross-block start=0 end=26
[15:47:52.422] [MAP] selHighlight sel=[text#范德蒙德行列式证明@2 -> DIV.-src-block -blank-block@0] mathTotal=15 covered=0
[15:47:52.429] [STYLE] _extract range=sel
[15:47:52.429] [MAP] domToAst block=0 dom=text#范德蒙德行列式证明@2 seg=[hit:2] renderedOffset=2 -> "text"
[15:47:52.429] [MAP] domToAst block=27 dom=text# 乘右下角子式：@4 seg=[-src-block#按第一列展开，只剩下左上角 :14,math:1,hit:4] renderedOffset=19 -> "text"
[15:47:52.429] [STYLE] _extract start=bi=0 path=[0] off=2 | L1:4 [# 范德|蒙|德行列式证明]  end=bi=27 path=[2] off=4 | L65:19 [上角 $1$ 乘|右|下角子式：]
[15:47:52.429] [STYLE] _extract FAIL: invalid/cross-block start=0 end=27
[15:47:52.429] [MAP] selHighlight sel=[text#范德蒙德行列式证明@2 -> text# 乘右下角子式：@4] mathTotal=15 covered=0
[15:47:52.438] [STYLE] _extract range=sel
[15:47:52.438] [MAP] domToAst block=0 dom=text#范德蒙德行列式证明@2 seg=[hit:2] renderedOffset=2 -> "text"
[15:47:52.438] [STYLE] _extract start=bi=0 path=[0] off=2 | L1:4 [# 范德|蒙|德行列式证明]  end=bi=29 path=[] off=0 | L75:0 [|·|]
[15:47:52.438] [STYLE] _extract FAIL: invalid/cross-block start=0 end=29
[15:47:52.438] [MAP] selHighlight sel=[text#范德蒙德行列式证明@2 -> DIV.-src-block -blank-block@0] mathTotal=15 covered=0
[15:47:52.445] [STYLE] _extract range=sel
[15:47:52.445] [MAP] domToAst block=0 dom=text#范德蒙德行列式证明@2 seg=[hit:2] renderedOffset=2 -> "text"
[15:47:52.445] [STYLE] _extract start=bi=0 path=[0] off=2 | L1:4 [# 范德|蒙|德行列式证明]  end=bi=29 path=[] off=0 | L75:0 [|·|]
[15:47:52.445] [STYLE] _extract FAIL: invalid/cross-block start=0 end=29
[15:47:52.446] [MAP] selHighlight sel=[text#范德蒙德行列式证明@2 -> DIV.-src-block -blank-block@0] mathTotal=15 covered=0
[15:47:52.462] [STYLE] _extract range=sel
[15:47:52.462] [MAP] domToAst block=0 dom=text#范德蒙德行列式证明@2 seg=[hit:2] renderedOffset=2 -> "text"
[15:47:52.462] [STYLE] _extract start=bi=0 path=[0] off=2 | L1:4 [# 范德|蒙|德行列式证明]  end=bi=32 path=[] off=0 | L87:0 [|·|]
[15:47:52.462] [STYLE] _extract FAIL: invalid/cross-block start=0 end=32
[15:47:52.462] [MAP] selHighlight sel=[text#范德蒙德行列式证明@2 -> DIV.-src-block -blank-block@0] mathTotal=15 covered=0
[15:47:52.479] [STYLE] _extract range=sel
[15:47:52.479] [MAP] domToAst block=0 dom=text#范德蒙德行列式证明@2 seg=[hit:2] renderedOffset=2 -> "text"
[15:47:52.479] [STYLE] _extract start=bi=0 path=[0] off=2 | L1:4 [# 范德|蒙|德行列式证明]  end=bi=36 path=[] off=0 | L98:0 [|·|]
[15:47:52.479] [STYLE] _extract FAIL: invalid/cross-block start=0 end=36
[15:47:52.479] [MAP] selHighlight sel=[text#范德蒙德行列式证明@2 -> DIV.-src-block -blank-block@0] mathTotal=15 covered=0
[15:47:52.495] [STYLE] _extract range=sel
[15:47:52.496] [MAP] domToAst block=0 dom=text#范德蒙德行列式证明@2 seg=[hit:2] renderedOffset=2 -> "text"
[15:47:52.496] [STYLE] _extract start=bi=0 path=[0] off=2 | L1:4 [# 范德|蒙|德行列式证明]  end=bi=39 path=[] off=0 | L105:0 [|·|]
[15:47:52.496] [STYLE] _extract FAIL: invalid/cross-block start=0 end=39
[15:47:52.496] [MAP] selHighlight sel=[text#范德蒙德行列式证明@2 -> DIV.-src-block -blank-block@0] mathTotal=15 covered=0
[15:47:52.514] [STYLE] _extract range=sel
[15:47:52.514] [MAP] domToAst block=0 dom=text#范德蒙德行列式证明@2 seg=[hit:2] renderedOffset=2 -> "text"
[15:47:52.514] [STYLE] _extract start=bi=0 path=[0] off=2 | L1:4 [# 范德|蒙|德行列式证明]  end=bi=44 path=[] off=0 | L114:0 [|·|]
[15:47:52.514] [STYLE] _extract FAIL: invalid/cross-block start=0 end=44
[15:47:52.514] [MAP] selHighlight sel=[text#范德蒙德行列式证明@2 -> DIV.-src-block -blank-block@0] mathTotal=15 covered=0
[15:47:52.521] [STYLE] _extract range=sel
[15:47:52.521] [MAP] domToAst block=0 dom=text#范德蒙德行列式证明@2 seg=[hit:2] renderedOffset=2 -> "text"
[15:47:52.521] [STYLE] _extract start=bi=0 path=[0] off=2 | L1:4 [# 范德|蒙|德行列式证明]  end=bi=44 path=[] off=0 | L114:0 [|·|]
[15:47:52.521] [STYLE] _extract FAIL: invalid/cross-block start=0 end=44
[15:47:52.521] [MAP] selHighlight sel=[text#范德蒙德行列式证明@2 -> DIV.-src-block -blank-block@0] mathTotal=15 covered=0
[15:47:52.537] [STYLE] _extract range=sel
[15:47:52.537] [MAP] domToAst block=0 dom=text#范德蒙德行列式证明@2 seg=[hit:2] renderedOffset=2 -> "text"
[15:47:52.537] [STYLE] _extract start=bi=0 path=[0] off=2 | L1:4 [# 范德|蒙|德行列式证明]  end=bi=46 path=[] off=0 | L116:0 [|·|]
[15:47:52.537] [STYLE] _extract FAIL: invalid/cross-block start=0 end=46
[15:47:52.537] [MAP] selHighlight sel=[text#范德蒙德行列式证明@2 -> DIV.-src-block -blank-block@0] mathTotal=15 covered=0
[15:47:54.358] [MAP] domToAst block=0 dom=text#范德蒙德行列式证明@2 seg=[hit:2] renderedOffset=2 -> "text"
[15:47:54.358] [CTX] SRC L1 C4 [# 范德|蒙|德行列式证明]
[15:47:54.358] [CTX] PV  blk0 C2 [范德|蒙|德行列式证明]
[15:47:54.358] [EH] click: L1 C4 (block 0)
[15:47:57.756] [MAP] selHighlight sel=none mathTotal=15 covered=0
[15:47:58.519] [MAP] selHighlight sel=none mathTotal=15 covered=0
[15:47:58.686] [MAP] selHighlight sel=none mathTotal=15 covered=0
[15:47:59.320] [MAP] selHighlight sel=none mathTotal=15 covered=0
[15:47:59.494] [MAP] selHighlight sel=none mathTotal=15 covered=0
[15:47:59.653] [MAP] selHighlight sel=none mathTotal=15 covered=0
[15:48:00.786] [MAP] selHighlight sel=none mathTotal=15 covered=0
[15:48:00.886] [MAP] selHighlight sel=none mathTotal=15 covered=0
[15:48:00.894] [MAP] selHighlight sel=none mathTotal=15 covered=0
[15:48:00.911] [MAP] selHighlight sel=none mathTotal=15 covered=0
[15:48:01.878] [MAP] selHighlight sel=none mathTotal=15 covered=0
[15:48:02.078] [MAP] selHighlight sel=none mathTotal=15 covered=0
[15:48:02.203] [MAP] selHighlight sel=none mathTotal=15 covered=0
[15:48:02.344] [MAP] selHighlight sel=none mathTotal=15 covered=0
[15:48:02.469] [MAP] selHighlight sel=none mathTotal=15 covered=0
[15:48:03.061] [MAP] selHighlight sel=none mathTotal=15 covered=0
[15:48:03.294] [MAP] selHighlight sel=none mathTotal=15 covered=0
[15:48:03.486] [MAP] selHighlight sel=none mathTotal=15 covered=0
[15:48:03.586] [MAP] selHighlight sel=none mathTotal=15 covered=0
[15:48:03.837] [MAP] selHighlight sel=none mathTotal=15 covered=0
[15:48:04.003] [MAP] selHighlight sel=none mathTotal=15 covered=0
[15:48:10.903] [MAP] selHighlight sel=none mathTotal=15 covered=0
[15:48:15.721] [render] currentFileDir=Mathemetical_Modeling/  currentPath=Mathemetical_Modeling/Vandermonde.md
[15:48:15.728] [STAMP] mapped 47 blocks from 116 source lines
[15:48:15.728] [F1] rendered 47 blocks in 0.5ms
[15:48:15.784] [render] currentFileDir=Mathemetical_Modeling/  currentPath=Mathemetical_Modeling/Vandermonde.md
[15:48:15.786] [STAMP] mapped 47 blocks from 116 source lines
[15:48:15.786] [F1] rendered 47 blocks in 0.6ms
[15:48:19.874] [render] currentFileDir=Mathemetical_Modeling/  currentPath=Mathemetical_Modeling/FFT-appendix.md
[15:48:19.880] [STAMP] mapped 157 blocks from 211 source lines
[15:48:19.880] [F1] rendered 157 blocks in 1.2ms
[15:48:19.880] [render] skip: already rendering → queue pending re-render
[15:48:19.936] [render] re-run queued render
[15:48:19.936] [render] currentFileDir=Mathemetical_Modeling/  currentPath=Mathemetical_Modeling/FFT-appendix.md
[15:48:19.940] [STAMP] mapped 157 blocks from 211 source lines
[15:48:19.940] [F1] rendered 157 blocks in 1.3ms
[15:48:41.378] [MAP] selHighlight sel=none mathTotal=102 covered=0
[15:48:41.477] [STYLE] _extract range=sel
[15:48:41.478] [MAP] domToAst block=121 dom=text#范德蒙德行列式公式：@0 seg=[hit:0] renderedOffset=0 -> "text"
[15:48:41.478] [MAP] domToAst block=121 dom=text#范德蒙德行列式公式：@1 seg=[hit:1] renderedOffset=1 -> "text"
[15:48:41.478] [STYLE] _extract start=bi=121 path=[0] off=0 | L165:0 [|·|]  end=bi=121 path=[0] off=1 | L165:1 [|·|]
[15:48:41.478] [STYLE] _extract before=[]
[15:48:41.478] [STYLE] _extract middle=[text["范"]]
[15:48:41.478] [STYLE] _extract after=[text["德蒙德行列式公式："]]
[15:48:41.478] [MAP] selHighlight sel=[text#范德蒙德行列式公式：@0 -> text#范德蒙德行列式公式：@1] mathTotal=102 covered=0
[15:48:41.552] [STYLE] _extract range=sel
[15:48:41.552] [MAP] domToAst block=121 dom=text#范德蒙德行列式公式：@0 seg=[hit:0] renderedOffset=0 -> "text"
[15:48:41.552] [MAP] domToAst block=121 dom=text#范德蒙德行列式公式：@2 seg=[hit:2] renderedOffset=2 -> "text"
[15:48:41.552] [STYLE] _extract start=bi=121 path=[0] off=0 | L165:0 [|·|]  end=bi=121 path=[0] off=2 | L165:2 [|·|]
[15:48:41.552] [STYLE] _extract before=[]
[15:48:41.552] [STYLE] _extract middle=[text["范德"]]
[15:48:41.552] [STYLE] _extract after=[text["蒙德行列式公式："]]
[15:48:41.553] [MAP] selHighlight sel=[text#范德蒙德行列式公式：@0 -> text#范德蒙德行列式公式：@2] mathTotal=102 covered=0
[15:48:41.627] [STYLE] _extract range=sel
[15:48:41.627] [MAP] domToAst block=121 dom=text#范德蒙德行列式公式：@0 seg=[hit:0] renderedOffset=0 -> "text"
[15:48:41.627] [MAP] domToAst block=121 dom=text#范德蒙德行列式公式：@3 seg=[hit:3] renderedOffset=3 -> "text"
[15:48:41.627] [STYLE] _extract start=bi=121 path=[0] off=0 | L165:0 [|·|]  end=bi=121 path=[0] off=3 | L165:3 [|·|]
[15:48:41.627] [STYLE] _extract before=[]
[15:48:41.627] [STYLE] _extract middle=[text["范德蒙"]]
[15:48:41.627] [STYLE] _extract after=[text["德行列式公式："]]
[15:48:41.628] [MAP] selHighlight sel=[text#范德蒙德行列式公式：@0 -> text#范德蒙德行列式公式：@3] mathTotal=102 covered=0
[15:48:41.661] [STYLE] _extract range=sel
[15:48:41.661] [MAP] domToAst block=121 dom=text#范德蒙德行列式公式：@0 seg=[hit:0] renderedOffset=0 -> "text"
[15:48:41.661] [MAP] domToAst block=121 dom=text#范德蒙德行列式公式：@4 seg=[hit:4] renderedOffset=4 -> "text"
[15:48:41.661] [STYLE] _extract start=bi=121 path=[0] off=0 | L165:0 [|·|]  end=bi=121 path=[0] off=4 | L165:4 [|·|]
[15:48:41.661] [STYLE] _extract before=[]
[15:48:41.661] [STYLE] _extract middle=[text["范德蒙德"]]
[15:48:41.661] [STYLE] _extract after=[text["行列式公式："]]
[15:48:41.661] [MAP] selHighlight sel=[text#范德蒙德行列式公式：@0 -> text#范德蒙德行列式公式：@4] mathTotal=102 covered=0
[15:48:41.678] [STYLE] _extract range=sel
[15:48:41.678] [MAP] domToAst block=121 dom=text#范德蒙德行列式公式：@0 seg=[hit:0] renderedOffset=0 -> "text"
[15:48:41.678] [MAP] domToAst block=121 dom=text#范德蒙德行列式公式：@5 seg=[hit:5] renderedOffset=5 -> "text"
[15:48:41.678] [STYLE] _extract start=bi=121 path=[0] off=0 | L165:0 [|·|]  end=bi=121 path=[0] off=5 | L165:5 [|·|]
[15:48:41.678] [STYLE] _extract before=[]
[15:48:41.678] [STYLE] _extract middle=[text["范德蒙德行"]]
[15:48:41.678] [STYLE] _extract after=[text["列式公式："]]
[15:48:41.678] [MAP] selHighlight sel=[text#范德蒙德行列式公式：@0 -> text#范德蒙德行列式公式：@5] mathTotal=102 covered=0
[15:48:41.694] [STYLE] _extract range=sel
[15:48:41.694] [MAP] domToAst block=121 dom=text#范德蒙德行列式公式：@0 seg=[hit:0] renderedOffset=0 -> "text"
[15:48:41.694] [MAP] domToAst block=121 dom=text#范德蒙德行列式公式：@6 seg=[hit:6] renderedOffset=6 -> "text"
[15:48:41.695] [STYLE] _extract start=bi=121 path=[0] off=0 | L165:0 [|·|]  end=bi=121 path=[0] off=6 | L165:6 [|·|]
[15:48:41.695] [STYLE] _extract before=[]
[15:48:41.695] [STYLE] _extract middle=[text["范德蒙德行列"]]
[15:48:41.695] [STYLE] _extract after=[text["式公式："]]
[15:48:41.695] [MAP] selHighlight sel=[text#范德蒙德行列式公式：@0 -> text#范德蒙德行列式公式：@6] mathTotal=102 covered=0
[15:48:41.719] [STYLE] _extract range=sel
[15:48:41.720] [MAP] domToAst block=121 dom=text#范德蒙德行列式公式：@0 seg=[hit:0] renderedOffset=0 -> "text"
[15:48:41.720] [MAP] domToAst block=121 dom=text#范德蒙德行列式公式：@7 seg=[hit:7] renderedOffset=7 -> "text"
[15:48:41.720] [STYLE] _extract start=bi=121 path=[0] off=0 | L165:0 [|·|]  end=bi=121 path=[0] off=7 | L165:7 [|·|]
[15:48:41.720] [STYLE] _extract before=[]
[15:48:41.720] [STYLE] _extract middle=[text["范德蒙德行列式"]]
[15:48:41.720] [STYLE] _extract after=[text["公式："]]
[15:48:41.720] [MAP] selHighlight sel=[text#范德蒙德行列式公式：@0 -> text#范德蒙德行列式公式：@7] mathTotal=102 covered=0
[15:48:41.761] [STYLE] _extract range=sel
[15:48:41.761] [MAP] domToAst block=121 dom=text#范德蒙德行列式公式：@0 seg=[hit:0] renderedOffset=0 -> "text"
[15:48:41.761] [MAP] domToAst block=121 dom=text#范德蒙德行列式公式：@8 seg=[hit:8] renderedOffset=8 -> "text"
[15:48:41.761] [STYLE] _extract start=bi=121 path=[0] off=0 | L165:0 [|·|]  end=bi=121 path=[0] off=8 | L165:8 [|·|]
[15:48:41.761] [STYLE] _extract before=[]
[15:48:41.761] [STYLE] _extract middle=[text["范德蒙德行列式公"]]
[15:48:41.761] [STYLE] _extract after=[text["式："]]
[15:48:41.761] [MAP] selHighlight sel=[text#范德蒙德行列式公式：@0 -> text#范德蒙德行列式公式：@8] mathTotal=102 covered=0
[15:48:42.269] [STYLE] _extract range=sel
[15:48:42.269] [MAP] domToAst block=121 dom=text#范德蒙德行列式公式：@0 seg=[hit:0] renderedOffset=0 -> "text"
[15:48:42.269] [MAP] domToAst block=121 dom=text#范德蒙德行列式公式：@7 seg=[hit:7] renderedOffset=7 -> "text"
[15:48:42.269] [STYLE] _extract start=bi=121 path=[0] off=0 | L165:0 [|·|]  end=bi=121 path=[0] off=7 | L165:7 [|·|]
[15:48:42.269] [STYLE] _extract before=[]
[15:48:42.269] [STYLE] _extract middle=[text["范德蒙德行列式"]]
[15:48:42.269] [STYLE] _extract after=[text["公式："]]
[15:48:42.269] [MAP] selHighlight sel=[text#范德蒙德行列式公式：@0 -> text#范德蒙德行列式公式：@7] mathTotal=102 covered=0
[15:48:42.910] [MAP] domToAst block=121 dom=text#范德蒙德行列式公式：@0 seg=[hit:0] renderedOffset=0 -> "text"
[15:48:42.911] [CTX] SRC L166 C0 [|范|德蒙德行列式公式]
[15:48:42.911] [CTX] PV  blk121 C0 [|范|德蒙德行列式公式]
[15:48:42.911] [EH] click: L166 C0 (block 121)
[15:48:44.644] [MAP] selHighlight sel=none mathTotal=102 covered=0
[15:48:45.194] [STYLE] _extract range=sel
[15:48:45.194] [MAP] domToAst block=121 dom=text#范德蒙德行列式公式：@8 seg=[hit:8] renderedOffset=8 -> "text"
[15:48:45.194] [MAP] domToAst block=121 dom=text#范德蒙德行列式公式：@9 seg=[hit:9] renderedOffset=9 -> "text"
[15:48:45.194] [STYLE] _extract start=bi=121 path=[0] off=8 | L165:8 [|·|]  end=bi=121 path=[0] off=9 | L165:9 [|·|]
[15:48:45.194] [STYLE] _extract before=[text["范德蒙德行列式公"]]
[15:48:45.194] [STYLE] _extract middle=[text["式"]]
[15:48:45.194] [STYLE] _extract after=[text["："]]
[15:48:45.194] [MAP] selHighlight sel=[text#范德蒙德行列式公式：@8 -> text#范德蒙德行列式公式：@9] mathTotal=102 covered=0
[15:48:45.210] [STYLE] _extract range=sel
[15:48:45.211] [MAP] domToAst block=121 dom=text#范德蒙德行列式公式：@7 seg=[hit:7] renderedOffset=7 -> "text"
[15:48:45.211] [MAP] domToAst block=121 dom=text#范德蒙德行列式公式：@9 seg=[hit:9] renderedOffset=9 -> "text"
[15:48:45.211] [STYLE] _extract start=bi=121 path=[0] off=7 | L165:7 [|·|]  end=bi=121 path=[0] off=9 | L165:9 [|·|]
[15:48:45.211] [STYLE] _extract before=[text["范德蒙德行列式"]]
[15:48:45.211] [STYLE] _extract middle=[text["公式"]]
[15:48:45.211] [STYLE] _extract after=[text["："]]
[15:48:45.211] [MAP] selHighlight sel=[text#范德蒙德行列式公式：@7 -> text#范德蒙德行列式公式：@9] mathTotal=102 covered=0
[15:48:45.252] [STYLE] _extract range=sel
[15:48:45.252] [MAP] domToAst block=121 dom=text#范德蒙德行列式公式：@5 seg=[hit:5] renderedOffset=5 -> "text"
[15:48:45.252] [MAP] domToAst block=121 dom=text#范德蒙德行列式公式：@9 seg=[hit:9] renderedOffset=9 -> "text"
[15:48:45.252] [STYLE] _extract start=bi=121 path=[0] off=5 | L165:5 [|·|]  end=bi=121 path=[0] off=9 | L165:9 [|·|]
[15:48:45.252] [STYLE] _extract before=[text["范德蒙德行"]]
[15:48:45.252] [STYLE] _extract middle=[text["列式公式"]]
[15:48:45.252] [STYLE] _extract after=[text["："]]
[15:48:45.253] [MAP] selHighlight sel=[text#范德蒙德行列式公式：@5 -> text#范德蒙德行列式公式：@9] mathTotal=102 covered=0
[15:48:45.277] [STYLE] _extract range=sel
[15:48:45.277] [MAP] domToAst block=121 dom=text#范德蒙德行列式公式：@3 seg=[hit:3] renderedOffset=3 -> "text"
[15:48:45.277] [MAP] domToAst block=121 dom=text#范德蒙德行列式公式：@9 seg=[hit:9] renderedOffset=9 -> "text"
[15:48:45.277] [STYLE] _extract start=bi=121 path=[0] off=3 | L165:3 [|·|]  end=bi=121 path=[0] off=9 | L165:9 [|·|]
[15:48:45.277] [STYLE] _extract before=[text["范德蒙"]]
[15:48:45.277] [STYLE] _extract middle=[text["德行列式公式"]]
[15:48:45.277] [STYLE] _extract after=[text["："]]
[15:48:45.278] [MAP] selHighlight sel=[text#范德蒙德行列式公式：@3 -> text#范德蒙德行列式公式：@9] mathTotal=102 covered=0
[15:48:45.285] [STYLE] _extract range=sel
[15:48:45.286] [MAP] domToAst block=121 dom=text#范德蒙德行列式公式：@3 seg=[hit:3] renderedOffset=3 -> "text"
[15:48:45.286] [MAP] domToAst block=121 dom=text#范德蒙德行列式公式：@9 seg=[hit:9] renderedOffset=9 -> "text"
[15:48:45.286] [STYLE] _extract start=bi=121 path=[0] off=3 | L165:3 [|·|]  end=bi=121 path=[0] off=9 | L165:9 [|·|]
[15:48:45.286] [STYLE] _extract before=[text["范德蒙"]]
[15:48:45.286] [STYLE] _extract middle=[text["德行列式公式"]]
[15:48:45.286] [STYLE] _extract after=[text["："]]
[15:48:45.286] [MAP] selHighlight sel=[text#范德蒙德行列式公式：@3 -> text#范德蒙德行列式公式：@9] mathTotal=102 covered=0
[15:48:45.419] [STYLE] _extract range=sel
[15:48:45.419] [MAP] domToAst block=121 dom=text#范德蒙德行列式公式：@2 seg=[hit:2] renderedOffset=2 -> "text"
[15:48:45.419] [MAP] domToAst block=121 dom=text#范德蒙德行列式公式：@9 seg=[hit:9] renderedOffset=9 -> "text"
[15:48:45.419] [STYLE] _extract start=bi=121 path=[0] off=2 | L165:2 [|·|]  end=bi=121 path=[0] off=9 | L165:9 [|·|]
[15:48:45.419] [STYLE] _extract before=[text["范德"]]
[15:48:45.419] [STYLE] _extract middle=[text["蒙德行列式公式"]]
[15:48:45.419] [STYLE] _extract after=[text["："]]
[15:48:45.419] [MAP] selHighlight sel=[text#范德蒙德行列式公式：@2 -> text#范德蒙德行列式公式：@9] mathTotal=102 covered=0
[15:48:45.435] [STYLE] _extract range=sel
[15:48:45.436] [MAP] domToAst block=121 dom=text#范德蒙德行列式公式：@1 seg=[hit:1] renderedOffset=1 -> "text"
[15:48:45.436] [MAP] domToAst block=121 dom=text#范德蒙德行列式公式：@9 seg=[hit:9] renderedOffset=9 -> "text"
[15:48:45.436] [STYLE] _extract start=bi=121 path=[0] off=1 | L165:1 [|·|]  end=bi=121 path=[0] off=9 | L165:9 [|·|]
[15:48:45.436] [STYLE] _extract before=[text["范"]]
[15:48:45.436] [STYLE] _extract middle=[text["德蒙德行列式公式"]]
[15:48:45.436] [STYLE] _extract after=[text["："]]
[15:48:45.436] [MAP] selHighlight sel=[text#范德蒙德行列式公式：@1 -> text#范德蒙德行列式公式：@9] mathTotal=102 covered=0
[15:48:45.769] [STYLE] _extract range=sel
[15:48:45.769] [MAP] domToAst block=121 dom=text#范德蒙德行列式公式：@0 seg=[hit:0] renderedOffset=0 -> "text"
[15:48:45.769] [MAP] domToAst block=121 dom=text#范德蒙德行列式公式：@9 seg=[hit:9] renderedOffset=9 -> "text"
[15:48:45.769] [STYLE] _extract start=bi=121 path=[0] off=0 | L165:0 [|·|]  end=bi=121 path=[0] off=9 | L165:9 [|·|]
[15:48:45.769] [STYLE] _extract before=[]
[15:48:45.769] [STYLE] _extract middle=[text["范德蒙德行列式公式"]]
[15:48:45.769] [STYLE] _extract after=[text["："]]
[15:48:45.769] [MAP] selHighlight sel=[text#范德蒙德行列式公式：@0 -> text#范德蒙德行列式公式：@9] mathTotal=102 covered=0
[15:48:46.119] [MAP] domToAst block=121 dom=text#范德蒙德行列式公式：@9 seg=[hit:9] renderedOffset=9 -> "text"
[15:48:46.119] [CTX] SRC L166 C9 [德蒙德行列式公式|：|]
[15:48:46.119] [CTX] PV  blk121 C9 [德蒙德行列式公式|：|]
[15:48:46.119] [EH] click: L166 C9 (block 121)
[15:48:46.524] [MAP] domToAst block=121 dom=text#范德蒙德行列式公式：@9 seg=[hit:9] renderedOffset=9 -> "text"
[15:48:46.524] [CTX] SRC L166 C9 [德蒙德行列式公式|：|]
[15:48:46.524] [CTX] PV  blk121 C9 [德蒙德行列式公式|：|]
[15:48:46.524] [EH] click: L166 C9 (block 121)
[15:48:51.694] [MAP] selHighlight sel=none mathTotal=102 covered=0
[15:48:55.127] [MAP] selHighlight sel=none mathTotal=102 covered=0
[15:48:55.252] [MAP] selHighlight sel=none mathTotal=102 covered=0
[15:48:55.418] [MAP] selHighlight sel=none mathTotal=102 covered=0
[15:48:56.669] [MAP] selHighlight sel=none mathTotal=102 covered=0
[15:48:57.302] [MAP] selHighlight sel=none mathTotal=102 covered=0
[15:49:02.567] [render] currentFileDir=Mathemetical_Modeling/  currentPath=Mathemetical_Modeling/FFT-appendix.md
[15:49:02.575] [STAMP] mapped 157 blocks from 211 source lines
[15:49:02.576] [F1] rendered 157 blocks in 1.6ms
[15:49:13.948] [render] currentFileDir=Mathemetical_Modeling/  currentPath=Mathemetical_Modeling/Vandermonde.md
[15:49:13.955] [STAMP] mapped 47 blocks from 116 source lines
[15:49:13.955] [F1] rendered 47 blocks in 0.5ms
[15:49:13.955] [render] skip: already rendering → queue pending re-render
[15:49:14.002] [render] re-run queued render
[15:49:14.002] [render] currentFileDir=Mathemetical_Modeling/  currentPath=Mathemetical_Modeling/Vandermonde.md
[15:49:14.004] [STAMP] mapped 47 blocks from 116 source lines
[15:49:14.004] [F1] rendered 47 blocks in 0.5ms
[15:49:16.941] [render] currentFileDir=Mathemetical_Modeling/  currentPath=Mathemetical_Modeling/FFT-appendix.md
[15:49:16.947] [STAMP] mapped 157 blocks from 211 source lines
[15:49:16.947] [F1] rendered 157 blocks in 1.8ms
[15:49:16.947] [render] skip: already rendering → queue pending re-render
[15:49:16.994] [render] re-run queued render
[15:49:16.994] [render] currentFileDir=Mathemetical_Modeling/  currentPath=Mathemetical_Modeling/FFT-appendix.md
[15:49:16.997] [STAMP] mapped 157 blocks from 211 source lines
[15:49:16.997] [F1] rendered 157 blocks in 1.4ms
[15:49:18.542] [EH] domToAst: not in any valid block
[15:49:18.542] [EH] click: not on a valid block
[15:49:27.544] [MAP] selHighlight sel=none mathTotal=102 covered=0
[15:49:29.151] [MAP] selHighlight sel=none mathTotal=102 covered=0
[15:49:29.360] [MAP] selHighlight sel=none mathTotal=102 covered=0
[15:49:29.469] [MAP] selHighlight sel=none mathTotal=102 covered=0
[15:49:29.576] [MAP] selHighlight sel=none mathTotal=102 covered=0
[15:49:29.709] [MAP] selHighlight sel=none mathTotal=102 covered=0
[15:49:32.668] [MAP] selHighlight sel=none mathTotal=102 covered=0
[15:49:32.826] [MAP] selHighlight sel=none mathTotal=102 covered=0
[15:49:32.993] [MAP] selHighlight sel=none mathTotal=102 covered=0
[15:49:33.151] [MAP] selHighlight sel=none mathTotal=102 covered=0
[15:49:33.318] [MAP] selHighlight sel=none mathTotal=102 covered=0
[15:49:35.193] [MAP] selHighlight sel=none mathTotal=102 covered=0
[15:49:35.326] [MAP] selHighlight sel=none mathTotal=102 covered=0
[15:49:35.384] [MAP] selHighlight sel=none mathTotal=102 covered=0
[15:49:35.543] [MAP] selHighlight sel=none mathTotal=102 covered=0
[15:49:35.660] [MAP] selHighlight sel=none mathTotal=102 covered=0
[15:49:37.234] [MAP] selHighlight sel=none mathTotal=102 covered=0
[15:49:39.368] [MAP] selHighlight sel=none mathTotal=102 covered=0
[15:49:46.629] [render] currentFileDir=Mathemetical_Modeling/  currentPath=Mathemetical_Modeling/FFT-appendix.md
[15:49:46.637] [STAMP] mapped 157 blocks from 211 source lines
[15:49:46.637] [F1] rendered 157 blocks in 1.5ms
[15:49:49.823] [render] currentFileDir=Mathemetical_Modeling/  currentPath=Mathemetical_Modeling/Vandermonde.md
[15:49:49.829] [STAMP] mapped 47 blocks from 116 source lines
[15:49:49.829] [F1] rendered 47 blocks in 0.3ms
[15:49:49.829] [render] skip: already rendering → queue pending re-render
[15:49:49.879] [render] re-run queued render
[15:49:49.879] [render] currentFileDir=Mathemetical_Modeling/  currentPath=Mathemetical_Modeling/Vandermonde.md
[15:49:49.880] [STAMP] mapped 47 blocks from 116 source lines
[15:49:49.880] [F1] rendered 47 blocks in 0.4ms
[15:49:51.992] [MAP] selHighlight sel=none mathTotal=15 covered=0
[15:49:58.144] [render] currentFileDir=Mathemetical_Modeling/  currentPath=Mathemetical_Modeling/Vandermonde.md
[15:49:58.149] [STAMP] mapped 47 blocks from 116 source lines
[15:49:58.149] [F1] rendered 47 blocks in 0.4ms
[15:49:58.228] [render] currentFileDir=Mathemetical_Modeling/  currentPath=Mathemetical_Modeling/Vandermonde.md
[15:49:58.230] [STAMP] mapped 47 blocks from 116 source lines
[15:49:58.230] [F1] rendered 47 blocks in 0.4ms
[15:50:03.274] [render] currentFileDir=Mathemetical_Modeling/  currentPath=Mathemetical_Modeling/FFT.md
[15:50:03.280] [STAMP] mapped 176 blocks from 187 source lines
[15:50:03.280] [F1] rendered 176 blocks in 1.2ms
[15:50:03.280] [render] skip: already rendering → queue pending re-render
[15:50:03.328] [render] re-run queued render
[15:50:03.328] [render] currentFileDir=Mathemetical_Modeling/  currentPath=Mathemetical_Modeling/FFT.md
[15:50:03.332] [STAMP] mapped 176 blocks from 187 source lines
[15:50:03.332] [F1] rendered 176 blocks in 1.7ms
[15:50:04.742] [render] currentFileDir=Mathemetical_Modeling/  currentPath=Mathemetical_Modeling/FFT-appendix.md
[15:50:04.750] [STAMP] mapped 157 blocks from 211 source lines
[15:50:04.750] [F1] rendered 157 blocks in 1.3ms
[15:50:04.750] [render] skip: already rendering → queue pending re-render
[15:50:04.800] [render] re-run queued render
[15:50:04.800] [render] currentFileDir=Mathemetical_Modeling/  currentPath=Mathemetical_Modeling/FFT-appendix.md
[15:50:04.803] [STAMP] mapped 157 blocks from 211 source lines
[15:50:04.803] [F1] rendered 157 blocks in 1.3ms
[15:50:16.090] [EH] domToAst: not in any valid block
[15:50:16.090] [EH] click: not on a valid block
[15:50:19.493] [MAP] selHighlight sel=none mathTotal=102 covered=0
[15:50:30.742] [MAP] selHighlight sel=none mathTotal=102 covered=0
[15:50:30.984] [MAP] selHighlight sel=none mathTotal=102 covered=0
[15:50:31.134] [MAP] selHighlight sel=none mathTotal=102 covered=0
[15:50:31.283] [MAP] selHighlight sel=none mathTotal=102 covered=0
[15:50:31.717] [MAP] selHighlight sel=none mathTotal=102 covered=0
[15:50:31.825] [MAP] selHighlight sel=none mathTotal=102 covered=0
[15:50:32.700] [MAP] selHighlight sel=none mathTotal=102 covered=0
[15:50:32.967] [MAP] selHighlight sel=none mathTotal=102 covered=0
[15:50:33.209] [MAP] selHighlight sel=none mathTotal=102 covered=0
[15:50:33.409] [MAP] selHighlight sel=none mathTotal=102 covered=0
[15:50:33.501] [MAP] selHighlight sel=none mathTotal=102 covered=0
[15:50:33.826] [MAP] selHighlight sel=none mathTotal=102 covered=0
[15:50:43.872] [render] currentFileDir=Mathemetical_Modeling/  currentPath=Mathemetical_Modeling/FFT-appendix.md
[15:50:43.880] [STAMP] mapped 157 blocks from 211 source lines
[15:50:43.880] [F1] rendered 157 blocks in 1.5ms
[15:50:43.880] [render] skip: already rendering → queue pending re-render
[15:50:43.951] [render] re-run queued render
[15:50:43.952] [render] currentFileDir=Mathemetical_Modeling/  currentPath=Mathemetical_Modeling/FFT-appendix.md
[15:50:43.967] [STAMP] mapped 157 blocks from 211 source lines
[15:50:43.967] [F1] rendered 157 blocks in 13.0ms
[15:50:45.325] [render] currentFileDir=Mathemetical_Modeling/  currentPath=Mathemetical_Modeling/FFT-appendix.md
[15:50:45.332] [STAMP] mapped 157 blocks from 211 source lines
[15:50:45.332] [F1] rendered 157 blocks in 1.2ms
[15:50:45.332] [render] skip: already rendering → queue pending re-render
[15:50:45.383] [render] re-run queued render
[15:50:45.383] [render] currentFileDir=Mathemetical_Modeling/  currentPath=Mathemetical_Modeling/FFT-appendix.md
[15:50:45.387] [STAMP] mapped 157 blocks from 211 source lines
[15:50:45.387] [F1] rendered 157 blocks in 1.6ms
[15:50:48.351] [EH] domToAst: not in any valid block
[15:50:48.351] [EH] click: not on a valid block
[15:50:49.450] [MAP] selHighlight sel=none mathTotal=102 covered=0
[15:50:51.034] [render] currentFileDir=Mathemetical_Modeling/  currentPath=Mathemetical_Modeling/Vandermonde.md
[15:50:51.040] [STAMP] mapped 47 blocks from 116 source lines
[15:50:51.040] [F1] rendered 47 blocks in 0.4ms
[15:50:51.040] [render] skip: already rendering → queue pending re-render
[15:50:51.085] [render] re-run queued render
[15:50:51.085] [render] currentFileDir=Mathemetical_Modeling/  currentPath=Mathemetical_Modeling/Vandermonde.md
[15:50:51.087] [STAMP] mapped 47 blocks from 116 source lines
[15:50:51.087] [F1] rendered 47 blocks in 0.3ms
[15:50:53.091] [MAP] selHighlight sel=none mathTotal=15 covered=0
[15:50:53.866] [MAP] selHighlight sel=none mathTotal=15 covered=0
[15:50:56.916] [MAP] selHighlight sel=none mathTotal=15 covered=0
[15:50:58.366] [MAP] selHighlight sel=none mathTotal=15 covered=0
[15:50:58.501] [MAP] selHighlight sel=none mathTotal=15 covered=0
[15:50:58.533] [MAP] selHighlight sel=none mathTotal=15 covered=0
[15:50:58.675] [MAP] selHighlight sel=none mathTotal=15 covered=0
[15:50:58.791] [MAP] selHighlight sel=none mathTotal=15 covered=0
[15:51:00.108] [MAP] selHighlight sel=none mathTotal=15 covered=0
[15:51:02.834] [render] currentFileDir=Mathemetical_Modeling/  currentPath=Mathemetical_Modeling/Vandermonde.md
[15:51:02.839] [STAMP] mapped 47 blocks from 116 source lines
[15:51:02.839] [F1] rendered 47 blocks in 0.5ms
[15:51:02.888] [render] currentFileDir=Mathemetical_Modeling/  currentPath=Mathemetical_Modeling/Vandermonde.md
[15:51:02.890] [STAMP] mapped 47 blocks from 116 source lines
[15:51:02.890] [F1] rendered 47 blocks in 0.3ms
[15:51:03.383] [MAP] selHighlight sel=none mathTotal=15 covered=0
[15:51:03.403] [CTX] SRC L28 C0 [|·|]
[15:51:03.403] [CTX] PV  blk10 C0 [|·|]
[15:51:03.403] [EH] click: L28 C0 (block 10)
[15:51:06.778] [render] currentFileDir=Mathemetical_Modeling/  currentPath=Mathemetical_Modeling/FFT.md
[15:51:06.784] [STAMP] mapped 176 blocks from 187 source lines
[15:51:06.784] [F1] rendered 176 blocks in 1.2ms
[15:51:06.784] [render] skip: already rendering → queue pending re-render
[15:51:06.835] [render] re-run queued render
[15:51:06.835] [render] currentFileDir=Mathemetical_Modeling/  currentPath=Mathemetical_Modeling/FFT.md
[15:51:06.839] [STAMP] mapped 176 blocks from 187 source lines
[15:51:06.839] [F1] rendered 176 blocks in 1.3ms
[15:51:08.850] [render] currentFileDir=Mathemetical_Modeling/  currentPath=Mathemetical_Modeling/FFT-appendix.md
[15:51:08.859] [STAMP] mapped 157 blocks from 211 source lines
[15:51:08.859] [F1] rendered 157 blocks in 1.5ms
[15:51:08.859] [render] skip: already rendering → queue pending re-render
[15:51:08.907] [render] re-run queued render
[15:51:08.908] [render] currentFileDir=Mathemetical_Modeling/  currentPath=Mathemetical_Modeling/FFT-appendix.md
[15:51:08.911] [STAMP] mapped 157 blocks from 211 source lines
[15:51:08.911] [F1] rendered 157 blocks in 1.3ms
[15:51:15.080] [EH] domToAst: not in any valid block
[15:51:15.080] [EH] click: not on a valid block
[15:51:23.366] [MAP] selHighlight sel=none mathTotal=102 covered=0
[15:51:25.874] [MAP] selHighlight sel=none mathTotal=102 covered=0
[15:51:25.991] [MAP] selHighlight sel=none mathTotal=102 covered=0
[15:51:26.182] [MAP] selHighlight sel=none mathTotal=102 covered=0
[15:51:28.782] [MAP] selHighlight sel=none mathTotal=102 covered=0
[15:51:30.949] [MAP] selHighlight sel=none mathTotal=102 covered=0
[15:51:31.124] [MAP] selHighlight sel=none mathTotal=102 covered=0
[15:51:31.292] [MAP] selHighlight sel=none mathTotal=102 covered=0
[15:51:32.141] [MAP] selHighlight sel=none mathTotal=102 covered=0
[15:51:32.282] [MAP] selHighlight sel=none mathTotal=102 covered=0
[15:51:32.349] [MAP] selHighlight sel=none mathTotal=102 covered=0
[15:51:33.951] [MAP] selHighlight sel=none mathTotal=102 covered=0
[15:51:34.099] [MAP] selHighlight sel=none mathTotal=102 covered=0
[15:51:34.227] [MAP] selHighlight sel=none mathTotal=102 covered=0
[15:51:34.875] [MAP] selHighlight sel=none mathTotal=102 covered=0
[15:51:35.041] [MAP] selHighlight sel=none mathTotal=102 covered=0
[15:51:35.107] [MAP] selHighlight sel=none mathTotal=102 covered=0
[15:51:36.707] [MAP] selHighlight sel=none mathTotal=102 covered=0
[15:51:38.484] [MAP] selHighlight sel=none mathTotal=102 covered=0
[15:51:45.582] [render] currentFileDir=Mathemetical_Modeling/  currentPath=Mathemetical_Modeling/FFT-appendix.md
[15:51:45.589] [STAMP] mapped 157 blocks from 211 source lines
[15:51:45.589] [F1] rendered 157 blocks in 1.2ms
[15:51:55.214] [render] currentFileDir=Mathemetical_Modeling/  currentPath=Mathemetical_Modeling/Vandermonde.md
[15:51:55.221] [STAMP] mapped 47 blocks from 116 source lines
[15:51:55.221] [F1] rendered 47 blocks in 0.4ms
[15:51:55.221] [render] skip: already rendering → queue pending re-render
[15:51:55.281] [render] re-run queued render
[15:51:55.281] [render] currentFileDir=Mathemetical_Modeling/  currentPath=Mathemetical_Modeling/Vandermonde.md
[15:51:55.283] [STAMP] mapped 47 blocks from 116 source lines
[15:51:55.283] [F1] rendered 47 blocks in 0.3ms
[15:53:34.065] [render] currentFileDir=Mathemetical_Modeling/  currentPath=Mathemetical_Modeling/FFT-appendix.md
[15:53:34.072] [STAMP] mapped 157 blocks from 211 source lines
[15:53:34.072] [F1] rendered 157 blocks in 1.5ms
[15:53:34.072] [render] skip: already rendering → queue pending re-render
[15:53:34.154] [render] re-run queued render
[15:53:34.154] [render] currentFileDir=Mathemetical_Modeling/  currentPath=Mathemetical_Modeling/FFT-appendix.md
[15:53:34.162] [STAMP] mapped 157 blocks from 211 source lines
[15:53:34.162] [F1] rendered 157 blocks in 2.8ms
[15:53:36.153] [render] currentFileDir=Mathemetical_Modeling/  currentPath=Mathemetical_Modeling/FFT.md
[15:53:36.160] [STAMP] mapped 176 blocks from 187 source lines
[15:53:36.161] [F1] rendered 176 blocks in 1.2ms
[15:53:36.161] [render] skip: already rendering → queue pending re-render
[15:53:36.228] [render] re-run queued render
[15:53:36.228] [render] currentFileDir=Mathemetical_Modeling/  currentPath=Mathemetical_Modeling/FFT.md
[15:53:36.235] [STAMP] mapped 176 blocks from 187 source lines
[15:53:36.235] [F1] rendered 176 blocks in 1.4ms
[16:11:31.336] [render] currentFileDir=Mathemetical_Modeling/  currentPath=Mathemetical_Modeling/DBMC.md
[16:11:31.348] [STAMP] mapped 422 blocks from 562 source lines
[16:11:31.353] [F1] rendered 422 blocks in 9.7ms
[16:11:31.356] [render] skip: already rendering → queue pending re-render
[16:11:31.551] [render] re-run queued render
[16:11:31.551] [render] currentFileDir=Mathemetical_Modeling/  currentPath=Mathemetical_Modeling/DBMC.md
[16:11:31.573] [STAMP] mapped 422 blocks from 562 source lines
[16:11:31.577] [F1] rendered 422 blocks in 22.0ms
[16:11:33.808] [render] currentFileDir=Mathemetical_Modeling/  currentPath=Mathemetical_Modeling/Vandermonde.md
[16:11:33.816] [STAMP] mapped 47 blocks from 116 source lines
[16:11:33.816] [F1] rendered 47 blocks in 0.5ms
[16:11:33.816] [render] skip: already rendering → queue pending re-render
[16:11:33.869] [render] re-run queued render
[16:11:33.869] [render] currentFileDir=Mathemetical_Modeling/  currentPath=Mathemetical_Modeling/Vandermonde.md
[16:11:33.871] [STAMP] mapped 47 blocks from 116 source lines
[16:11:33.872] [F1] rendered 47 blocks in 0.4ms
[16:11:34.669] [MAP] selHighlight sel=none mathTotal=15 covered=0
[16:11:37.127] [MAP] selHighlight sel=none mathTotal=15 covered=0
[16:12:47.831] [MAP] selHighlight sel=none mathTotal=15 covered=0
[16:12:50.981] [MAP] selHighlight sel=none mathTotal=15 covered=0
[16:12:52.535] [render] currentFileDir=Mathemetical_Modeling/  currentPath=Mathemetical_Modeling/DBMC.md
[16:12:52.546] [STAMP] mapped 422 blocks from 562 source lines
[16:12:52.549] [F1] rendered 422 blocks in 8.2ms
[16:12:52.561] [render] skip: already rendering → queue pending re-render
[16:12:52.667] [render] re-run queued render
[16:12:52.667] [render] currentFileDir=Mathemetical_Modeling/  currentPath=Mathemetical_Modeling/DBMC.md
[16:12:52.673] [STAMP] mapped 422 blocks from 562 source lines
[16:12:52.676] [F1] rendered 422 blocks in 6.8ms
[16:13:01.697] [render] currentFileDir=ReinforcementLearning/  currentPath=ReinforcementLearning/DPG.md
[16:13:01.706] [STAMP] mapped 295 blocks from 389 source lines
[16:13:01.707] [F1] rendered 295 blocks in 3.2ms
[16:13:01.707] [render] skip: already rendering → queue pending re-render
[16:13:01.897] [render] re-run queued render
[16:13:01.897] [render] currentFileDir=ReinforcementLearning/  currentPath=ReinforcementLearning/DPG.md
[16:13:01.906] [STAMP] mapped 295 blocks from 389 source lines
[16:13:01.907] [F1] rendered 295 blocks in 3.6ms
[16:13:13.431] [MAP] selHighlight sel=none mathTotal=63 covered=0
[16:13:18.514] [MAP] selHighlight sel=none mathTotal=63 covered=0
[16:13:23.448] [MAP] selHighlight sel=none mathTotal=63 covered=0
[16:13:24.414] [MAP] selHighlight sel=none mathTotal=63 covered=0
[16:13:25.531] [MAP] selHighlight sel=none mathTotal=63 covered=0
[16:13:34.787] [render] currentFileDir=Mathemetical_Modeling/  currentPath=Mathemetical_Modeling/Vandermonde.md
[16:13:34.804] [STAMP] mapped 47 blocks from 116 source lines
[16:13:34.804] [F1] rendered 47 blocks in 0.5ms
[16:13:34.804] [render] skip: already rendering → queue pending re-render
[16:13:34.890] [render] re-run queued render
[16:13:34.891] [render] currentFileDir=Mathemetical_Modeling/  currentPath=Mathemetical_Modeling/Vandermonde.md
[16:13:34.898] [STAMP] mapped 47 blocks from 116 source lines
[16:13:34.899] [F1] rendered 47 blocks in 1.4ms
[16:42:22.700] [render] currentFileDir=Mathemetical_Modeling/  currentPath=Mathemetical_Modeling/FFT.md
[16:42:22.706] [STAMP] mapped 176 blocks from 187 source lines
[16:42:22.706] [F1] rendered 176 blocks in 1.6ms
[16:42:22.706] [render] skip: already rendering → queue pending re-render
[16:42:22.769] [render] re-run queued render
[16:42:22.769] [render] currentFileDir=Mathemetical_Modeling/  currentPath=Mathemetical_Modeling/FFT.md
[16:42:22.772] [STAMP] mapped 176 blocks from 187 source lines
[16:42:22.772] [F1] rendered 176 blocks in 1.6ms
[16:42:38.227] [MAP] selHighlight sel=none mathTotal=40 covered=0
[16:42:41.261] [MAP] selHighlight sel=none mathTotal=40 covered=0
[16:42:41.377] [MAP] selHighlight sel=none mathTotal=40 covered=0
[16:42:41.561] [MAP] selHighlight sel=none mathTotal=40 covered=0
[16:42:43.769] [MAP] selHighlight sel=none mathTotal=40 covered=0
[16:43:03.144] [MAP] selHighlight sel=none mathTotal=40 covered=0
[16:43:03.304] [MAP] selHighlight sel=none mathTotal=40 covered=0
[16:43:03.428] [MAP] selHighlight sel=none mathTotal=40 covered=0
[16:43:03.635] [MAP] selHighlight sel=none mathTotal=40 covered=0
[16:43:07.413] [render] currentFileDir=Mathemetical_Modeling/  currentPath=Mathemetical_Modeling/FFT.md
[16:43:07.418] [STAMP] mapped 246 blocks from 292 source lines
[16:43:07.418] [F1] rendered 246 blocks in 2.0ms
[16:46:02.037] [render] currentFileDir=Mathemetical_Modeling/  currentPath=Mathemetical_Modeling/FFT.md
[16:46:02.052] [STAMP] mapped 246 blocks from 292 source lines
[16:46:02.052] [F1] rendered 246 blocks in 3.1ms
[16:46:02.052] [render] skip: already rendering → queue pending re-render
[16:46:02.168] [render] re-run queued render
[16:46:02.168] [render] currentFileDir=Mathemetical_Modeling/  currentPath=Mathemetical_Modeling/FFT.md
[16:46:02.214] [STAMP] mapped 246 blocks from 292 source lines
[16:46:02.214] [F1] rendered 246 blocks in 42.4ms
[16:50:30.632] [render] currentFileDir=Mathemetical_Modeling/  currentPath=Mathemetical_Modeling/FFT.md
[16:50:30.638] [STAMP] mapped 246 blocks from 292 source lines
[16:50:30.638] [F1] rendered 246 blocks in 2.4ms
[16:57:51.110] [STYLE] _extract range=sel
[16:57:51.111] [STYLE] _extract start=null  end=null
[16:57:51.111] [STYLE] _extract FAIL: invalid/cross-block start=null end=null
[16:57:51.160] [STYLE] _extract range=sel
[16:57:51.160] [STYLE] _extract start=null  end=null
[16:57:51.160] [STYLE] _extract FAIL: invalid/cross-block start=null end=null
[16:57:51.177] [STYLE] _extract range=sel
[16:57:51.177] [STYLE] _extract start=null  end=null
[16:57:51.177] [STYLE] _extract FAIL: invalid/cross-block start=null end=null
[16:57:51.219] [STYLE] _extract range=sel
[16:57:51.219] [STYLE] _extract start=null  end=null
[16:57:51.219] [STYLE] _extract FAIL: invalid/cross-block start=null end=null
[16:57:51.260] [STYLE] _extract range=sel
[16:57:51.260] [STYLE] _extract start=null  end=null
[16:57:51.260] [STYLE] _extract FAIL: invalid/cross-block start=null end=null
[16:57:51.293] [STYLE] _extract range=sel
[16:57:51.294] [STYLE] _extract start=null  end=null
[16:57:51.294] [STYLE] _extract FAIL: invalid/cross-block start=null end=null
[16:57:51.318] [STYLE] _extract range=sel
[16:57:51.318] [STYLE] _extract start=null  end=null
[16:57:51.318] [STYLE] _extract FAIL: invalid/cross-block start=null end=null
[16:57:51.360] [STYLE] _extract range=sel
[16:57:51.360] [STYLE] _extract start=null  end=null
[16:57:51.360] [STYLE] _extract FAIL: invalid/cross-block start=null end=null
[16:57:51.402] [STYLE] _extract range=sel
[16:57:51.402] [STYLE] _extract start=null  end=null
[16:57:51.402] [STYLE] _extract FAIL: invalid/cross-block start=null end=null
[16:57:51.460] [STYLE] _extract range=sel
[16:57:51.460] [STYLE] _extract start=null  end=null
[16:57:51.460] [STYLE] _extract FAIL: invalid/cross-block start=null end=null
[16:57:51.577] [STYLE] _extract range=sel
[16:57:51.577] [STYLE] _extract start=null  end=null
[16:57:51.577] [STYLE] _extract FAIL: invalid/cross-block start=null end=null
[16:57:51.619] [STYLE] _extract range=sel
[16:57:51.619] [STYLE] _extract start=null  end=null
[16:57:51.619] [STYLE] _extract FAIL: invalid/cross-block start=null end=null
[16:57:51.635] [STYLE] _extract range=sel
[16:57:51.635] [STYLE] _extract start=null  end=null
[16:57:51.635] [STYLE] _extract FAIL: invalid/cross-block start=null end=null
[16:57:51.719] [STYLE] _extract range=sel
[16:57:51.719] [STYLE] _extract start=null  end=null
[16:57:51.719] [STYLE] _extract FAIL: invalid/cross-block start=null end=null
[16:57:51.800] [EH] domToAst: not in any valid block
[16:57:51.800] [EH] click: not on a valid block
[16:57:52.172] [EH] domToAst: not in any valid block
[16:57:52.172] [EH] click: not on a valid block
[16:57:52.894] [STYLE] _extract range=sel
[16:57:52.894] [STYLE] _extract start=null  end=null
[16:57:52.894] [STYLE] _extract FAIL: invalid/cross-block start=null end=null
[16:57:52.902] [STYLE] _extract range=sel
[16:57:52.902] [STYLE] _extract start=null  end=null
[16:57:52.902] [STYLE] _extract FAIL: invalid/cross-block start=null end=null
[16:57:52.910] [STYLE] _extract range=sel
[16:57:52.910] [STYLE] _extract start=null  end=null
[16:57:52.910] [STYLE] _extract FAIL: invalid/cross-block start=null end=null
[16:57:52.919] [STYLE] _extract range=sel
[16:57:52.919] [STYLE] _extract start=null  end=null
[16:57:52.919] [STYLE] _extract FAIL: invalid/cross-block start=null end=null
[16:57:52.927] [STYLE] _extract range=sel
[16:57:52.927] [STYLE] _extract start=null  end=null
[16:57:52.927] [STYLE] _extract FAIL: invalid/cross-block start=null end=null
[16:57:52.944] [STYLE] _extract range=sel
[16:57:52.944] [STYLE] _extract start=null  end=null
[16:57:52.944] [STYLE] _extract FAIL: invalid/cross-block start=null end=null
[16:57:52.952] [STYLE] _extract range=sel
[16:57:52.952] [STYLE] _extract start=null  end=null
[16:57:52.952] [STYLE] _extract FAIL: invalid/cross-block start=null end=null
[16:57:52.960] [STYLE] _extract range=sel
[16:57:52.961] [STYLE] _extract start=null  end=null
[16:57:52.961] [STYLE] _extract FAIL: invalid/cross-block start=null end=null
[16:57:52.969] [STYLE] _extract range=sel
[16:57:52.969] [STYLE] _extract start=null  end=null
[16:57:52.969] [STYLE] _extract FAIL: invalid/cross-block start=null end=null
[16:57:52.978] [STYLE] _extract range=sel
[16:57:52.978] [STYLE] _extract start=null  end=null
[16:57:52.978] [STYLE] _extract FAIL: invalid/cross-block start=null end=null
[16:57:52.985] [STYLE] _extract range=sel
[16:57:52.985] [STYLE] _extract start=null  end=null
[16:57:52.985] [STYLE] _extract FAIL: invalid/cross-block start=null end=null
[16:57:52.993] [STYLE] _extract range=sel
[16:57:52.994] [STYLE] _extract start=null  end=null
[16:57:52.994] [STYLE] _extract FAIL: invalid/cross-block start=null end=null
[16:57:53.010] [STYLE] _extract range=sel
[16:57:53.010] [STYLE] _extract start=null  end=null
[16:57:53.010] [STYLE] _extract FAIL: invalid/cross-block start=null end=null
[16:57:53.019] [STYLE] _extract range=sel
[16:57:53.019] [STYLE] _extract start=null  end=null
[16:57:53.019] [STYLE] _extract FAIL: invalid/cross-block start=null end=null
[16:57:53.027] [STYLE] _extract range=sel
[16:57:53.027] [STYLE] _extract start=null  end=null
[16:57:53.027] [STYLE] _extract FAIL: invalid/cross-block start=null end=null
[16:57:53.044] [STYLE] _extract range=sel
[16:57:53.044] [STYLE] _extract start=null  end=null
[16:57:53.044] [STYLE] _extract FAIL: invalid/cross-block start=null end=null
[16:57:53.666] [EH] domToAst: not in any valid block
[16:57:53.666] [EH] click: not on a valid block
[16:57:59.049] [EH] domToAst: not in any valid block
[16:57:59.049] [EH] click: not on a valid block
[16:58:26.890] [EH] domToAst: not in any valid block
[16:58:26.890] [EH] click: not on a valid block
[17:08:08.998] [render] currentFileDir=MachineLearning/  currentPath=MachineLearning/Eigen_Face.md
[17:08:08.999] [STAMP] mapped 77 blocks from 158 source lines
[17:08:09.000] [F1] rendered 77 blocks in 2.5ms
[17:08:09.000] [render] skip: already rendering → queue pending re-render
[17:08:09.001] [render] re-run queued render
[17:08:09.001] [render] currentFileDir=MachineLearning/  currentPath=MachineLearning/Eigen_Face.md
[17:08:09.002] [STAMP] mapped 77 blocks from 158 source lines
[17:08:09.003] [F1] rendered 77 blocks in 1.9ms
[17:08:20.937] [render] currentFileDir=DeepLearning/  currentPath=DeepLearning/ELU.md
[17:08:20.942] [STAMP] mapped 151 blocks from 228 source lines
[17:08:20.942] [F1] rendered 151 blocks in 4.2ms
[17:09:01.117] [render] currentFileDir=DeepLearning/  currentPath=DeepLearning/ELU.md
[17:09:01.122] [STAMP] mapped 151 blocks from 228 source lines
[17:09:01.122] [F1] rendered 151 blocks in 3.5ms
[17:10:20.301] [render] currentFileDir=DeepLearning/  currentPath=DeepLearning/ELU.md
[17:10:20.305] [STAMP] mapped 151 blocks from 228 source lines
[17:10:20.305] [F1] rendered 151 blocks in 2.4ms
[17:10:26.271] [MAP] selHighlight sel=none mathTotal=35 covered=0
[17:10:26.663] [MAP] selHighlight sel=none mathTotal=35 covered=0
[17:10:30.399] [render] currentFileDir=DeepLearning/  currentPath=DeepLearning/ELU.md
[17:10:30.402] [STAMP] mapped 151 blocks from 228 source lines
[17:10:30.404] [F1] rendered 151 blocks in 3.2ms
[17:10:30.404] [render] skip: already rendering → queue pending re-render
[17:10:30.405] [render] re-run queued render
[17:10:30.405] [render] currentFileDir=DeepLearning/  currentPath=DeepLearning/ELU.md
[17:10:30.407] [STAMP] mapped 151 blocks from 228 source lines
[17:10:30.409] [F1] rendered 151 blocks in 3.0ms
[17:21:38.700] [render] currentFileDir=Mathemetical_Modeling/  currentPath=Mathemetical_Modeling/FFT-appendix.md
[17:21:38.704] [STAMP] mapped 156 blocks from 210 source lines
[17:21:38.704] [F1] rendered 156 blocks in 3.5ms
[17:22:27.627] [render] currentFileDir=Mathemetical_Modeling/  currentPath=Mathemetical_Modeling/FFT-appendix.md
[17:22:27.630] [STAMP] mapped 157 blocks from 211 source lines
[17:22:27.630] [F1] rendered 157 blocks in 1.5ms
[17:22:27.630] [render] skip: already rendering → queue pending re-render
[17:22:27.631] [render] re-run queued render
[17:22:27.631] [render] currentFileDir=Mathemetical_Modeling/  currentPath=Mathemetical_Modeling/FFT-appendix.md
[17:22:27.633] [STAMP] mapped 157 blocks from 211 source lines
[17:22:27.633] [F1] rendered 157 blocks in 2.2ms
[17:22:39.541] [MAP] selHighlight sel=none mathTotal=76 covered=0
[17:22:45.015] [MAP] selHighlight sel=none mathTotal=76 covered=0
[17:22:45.966] [MAP] selHighlight sel=none mathTotal=76 covered=0
[17:22:46.782] [MAP] selHighlight sel=none mathTotal=76 covered=0
[17:22:46.991] [MAP] selHighlight sel=none mathTotal=76 covered=0
[17:22:47.165] [MAP] selHighlight sel=none mathTotal=76 covered=0
[17:22:47.657] [MAP] selHighlight sel=none mathTotal=76 covered=0
[17:22:48.058] [MAP] selHighlight sel=none mathTotal=76 covered=0
[17:22:48.765] [MAP] selHighlight sel=none mathTotal=76 covered=0
[17:22:48.949] [MAP] selHighlight sel=none mathTotal=76 covered=0
[17:22:49.126] [MAP] selHighlight sel=none mathTotal=76 covered=0
[17:22:50.174] [MAP] selHighlight sel=none mathTotal=76 covered=0
[17:22:51.341] [MAP] selHighlight sel=none mathTotal=76 covered=0
[17:22:51.499] [MAP] selHighlight sel=none mathTotal=76 covered=0
[17:22:51.674] [MAP] selHighlight sel=none mathTotal=76 covered=0
[17:22:52.458] [MAP] selHighlight sel=none mathTotal=76 covered=0
[17:22:53.382] [MAP] selHighlight sel=none mathTotal=76 covered=0
[17:22:53.924] [MAP] selHighlight sel=none mathTotal=76 covered=0
[17:22:54.282] [MAP] selHighlight sel=none mathTotal=76 covered=0
[17:22:55.240] [MAP] selHighlight sel=none mathTotal=76 covered=0
[17:22:55.424] [MAP] selHighlight sel=none mathTotal=76 covered=0
[17:22:56.182] [MAP] selHighlight sel=none mathTotal=76 covered=0
[17:22:57.607] [MAP] selHighlight sel=none mathTotal=76 covered=0
[17:22:58.774] [MAP] selHighlight sel=none mathTotal=76 covered=0
[17:22:59.015] [MAP] selHighlight sel=none mathTotal=76 covered=0
[17:22:59.499] [MAP] selHighlight sel=none mathTotal=76 covered=0
[17:22:59.674] [MAP] selHighlight sel=none mathTotal=76 covered=0
[17:23:00.365] [MAP] selHighlight sel=none mathTotal=76 covered=0
[17:23:00.890] [MAP] selHighlight sel=none mathTotal=76 covered=0
[17:23:01.525] [MAP] selHighlight sel=none mathTotal=76 covered=0
[17:23:04.270] [render] currentFileDir=Mathemetical_Modeling/  currentPath=Mathemetical_Modeling/FFT-appendix.md
[17:23:04.274] [STAMP] mapped 157 blocks from 213 source lines
[17:23:04.275] [F1] rendered 157 blocks in 1.8ms
[17:23:07.974] [MAP] selHighlight sel=none mathTotal=76 covered=0
[17:23:08.748] [MAP] selHighlight sel=none mathTotal=76 covered=0
[17:23:08.828] [render] currentFileDir=Mathemetical_Modeling/  currentPath=Mathemetical_Modeling/FFT-appendix.md
[17:23:08.831] [STAMP] mapped 157 blocks from 213 source lines
[17:23:08.831] [F1] rendered 157 blocks in 2.0ms
[17:23:09.373] [MAP] selHighlight sel=none mathTotal=76 covered=0
[17:23:09.782] [MAP] selHighlight sel=none mathTotal=76 covered=0
[17:23:09.862] [render] currentFileDir=Mathemetical_Modeling/  currentPath=Mathemetical_Modeling/FFT-appendix.md
[17:23:09.864] [STAMP] mapped 157 blocks from 213 source lines
[17:23:09.865] [F1] rendered 157 blocks in 2.3ms
[17:23:11.175] [MAP] selHighlight sel=none mathTotal=76 covered=0
[17:23:11.357] [MAP] selHighlight sel=none mathTotal=76 covered=0
[17:23:11.415] [MAP] selHighlight sel=none mathTotal=76 covered=0
[17:23:11.482] [MAP] selHighlight sel=none mathTotal=76 covered=0
[17:23:11.523] [MAP] selHighlight sel=none mathTotal=76 covered=0
[17:23:11.548] [MAP] selHighlight sel=none mathTotal=76 covered=0
[17:23:11.598] [MAP] selHighlight sel=none mathTotal=76 covered=0
[17:23:11.607] [MAP] selHighlight sel=none mathTotal=76 covered=0
[17:23:11.615] [MAP] selHighlight sel=none mathTotal=76 covered=0
[17:23:11.624] [MAP] selHighlight sel=none mathTotal=76 covered=0
[17:23:11.632] [MAP] selHighlight sel=none mathTotal=76 covered=0
[17:23:11.640] [MAP] selHighlight sel=none mathTotal=76 covered=0
[17:23:11.648] [MAP] selHighlight sel=none mathTotal=76 covered=0
[17:23:11.657] [MAP] selHighlight sel=none mathTotal=76 covered=0
[17:23:11.665] [MAP] selHighlight sel=none mathTotal=76 covered=0
[17:23:11.682] [MAP] selHighlight sel=none mathTotal=76 covered=0
[17:23:11.690] [MAP] selHighlight sel=none mathTotal=76 covered=0
[17:23:11.698] [MAP] selHighlight sel=none mathTotal=76 covered=0
[17:23:11.707] [MAP] selHighlight sel=none mathTotal=76 covered=0
[17:23:11.790] [MAP] selHighlight sel=none mathTotal=76 covered=0
[17:23:11.798] [MAP] selHighlight sel=none mathTotal=76 covered=0
[17:23:11.807] [MAP] selHighlight sel=none mathTotal=76 covered=0
[17:23:12.015] [MAP] selHighlight sel=none mathTotal=76 covered=0
[17:23:12.032] [MAP] selHighlight sel=none mathTotal=76 covered=0
[17:23:12.040] [MAP] selHighlight sel=none mathTotal=76 covered=0
[17:23:12.065] [MAP] selHighlight sel=none mathTotal=76 covered=0
[17:23:12.073] [MAP] selHighlight sel=none mathTotal=76 covered=0
[17:23:12.098] [MAP] selHighlight sel=none mathTotal=76 covered=0
[17:23:12.116] [MAP] selHighlight sel=none mathTotal=76 covered=0
[17:23:12.540] [MAP] selHighlight sel=none mathTotal=76 covered=0
[17:23:12.815] [MAP] selHighlight sel=none mathTotal=76 covered=0
[17:23:12.892] [render] currentFileDir=Mathemetical_Modeling/  currentPath=Mathemetical_Modeling/FFT-appendix.md
[17:23:12.894] [STAMP] mapped 156 blocks from 210 source lines
[17:23:12.894] [F1] rendered 156 blocks in 1.5ms
[17:23:15.856] [MAP] selHighlight sel=none mathTotal=76 covered=0
[17:23:17.782] [MAP] selHighlight sel=none mathTotal=76 covered=0
[17:23:18.298] [MAP] selHighlight sel=none mathTotal=76 covered=0
[17:23:18.384] [render] currentFileDir=Mathemetical_Modeling/  currentPath=Mathemetical_Modeling/FFT-appendix.md
[17:23:18.386] [STAMP] mapped 156 blocks from 210 source lines
[17:23:18.386] [F1] rendered 156 blocks in 1.4ms
[17:23:18.873] [MAP] selHighlight sel=none mathTotal=76 covered=0
[17:23:19.298] [MAP] selHighlight sel=none mathTotal=76 covered=0
[17:23:19.381] [render] currentFileDir=Mathemetical_Modeling/  currentPath=Mathemetical_Modeling/FFT-appendix.md
[17:23:19.383] [STAMP] mapped 156 blocks from 210 source lines
[17:23:19.383] [F1] rendered 156 blocks in 1.3ms
[17:23:20.674] [MAP] selHighlight sel=none mathTotal=76 covered=0
[17:23:20.745] [render] currentFileDir=Mathemetical_Modeling/  currentPath=Mathemetical_Modeling/FFT-appendix.md
[17:23:20.748] [STAMP] mapped 156 blocks from 210 source lines
[17:23:20.748] [F1] rendered 156 blocks in 1.2ms
[17:23:21.231] [MAP] selHighlight sel=none mathTotal=76 covered=0
[17:23:21.506] [MAP] selHighlight sel=none mathTotal=76 covered=0
[17:23:21.599] [render] currentFileDir=Mathemetical_Modeling/  currentPath=Mathemetical_Modeling/FFT-appendix.md
[17:23:21.601] [STAMP] mapped 156 blocks from 210 source lines
[17:23:21.601] [F1] rendered 156 blocks in 1.2ms
[17:23:44.182] [render] currentFileDir=DeepLearning/  currentPath=DeepLearning/ELU.md
[17:23:44.187] [STAMP] mapped 151 blocks from 228 source lines
[17:23:44.187] [F1] rendered 151 blocks in 3.2ms
